999
DXF generated by pstoedit version 4.3
  0
SECTION
  2
HEADER
  9
$ACADVER
  1
AC1014
  9
$HANDSEED
  5
22
  9
$MEASUREMENT
 70
1
  9
$INSUNITS
 70
4
  9
$LUNITS
 70
4
  9
$EXTMIN
 10
0
 20
0
 30
0.0
  9
$EXTMAX
 10
1058.33
 20
1058.33
 30
0.0
  0
ENDSEC
  0
SECTION
  2
TABLES
  0
TABLE
  2
VPORT
  5
8
330
0
100
AcDbSymbolTable
 70
     4
  0
VPORT
  5
2E
330
8
100
AcDbSymbolTableRecord
100
AcDbViewportTableRecord
  2
*ACTIVE
 70
     0
 10
0.0
 20
0.0
 11
1.0
 21
1.0
 12
210
 22
148.5
 13
0.0
 23
0.0
 14
10.0
 24
10.0
 15
10.0
 25
10.0
 16
0.0
 26
0.0
 36
1.0
 17
0.0
 27
0.0
 37
0.0
 40
340.9950045922664
 41
1.239944521497919
 42
50.0
 43
0.0
 44
0.0
 50
0.0
 51
0.0
 71
     0
 72
   100
 73
     1
 74
     3
 75
     0
 76
     0
 77
     0
 78
     0
  0
ENDTAB
  0
TABLE
  2
LTYPE
  5
5
330
0
100
AcDbSymbolTable
 70
     1
  0
LTYPE
  5
14
330
5
100
AcDbSymbolTableRecord
100
AcDbLinetypeTableRecord
  2
BYBLOCK
 70
     0
  3

 72
    65
 73
     0
 40
0.0
  0
LTYPE
  5
15
330
5
100
AcDbSymbolTableRecord
100
AcDbLinetypeTableRecord
  2
BYLAYER
 70
     0
  3

 72
    65
 73
     0
 40
0.0
  0
LTYPE
  5
16
330
5
100
AcDbSymbolTableRecord
100
AcDbLinetypeTableRecord
  2
CONTINUOUS
 70
     0
  3
Solid line
 72
    65
 73
     0
 40
0.0
  0
LTYPE
  5
f0
100
AcDbSymbolTableRecord
100
AcDbLinetypeTableRecord
  2
DOT
 70
0
  3
Dot . . . . . . . . . . . . . . . . . . . . . .
 72
65
 73
2
 40
2.54
 49
0
 74
0
 49
-2.54
 74
0
  0
LTYPE
  5
f1
100
AcDbSymbolTableRecord
100
AcDbLinetypeTableRecord
  2
DASHED
 70
0
  3
Dashed __ __ __ __ __ __ __ __ __ __ __ __ __ _
 72
65
 73
2
 40
7.62
 49
5.08
 74
0
 49
-2.54
 74
0
  0
LTYPE
  5
f2
100
AcDbSymbolTableRecord
100
AcDbLinetypeTableRecord
  2
DASHDOT
 70
0
  3
Dash dot __ . __ . __ . __ . __ . __ . __ . __
 72
65
 73
4
 40
10.16
 49
5.08
 74
0
 49
-2.54
 74
0
 49
0
 74
0
 49
-2.54
 74
0
  0
LTYPE
  5
f3
100
AcDbSymbolTableRecord
100
AcDbLinetypeTableRecord
  2
DIVIDE
 70
0
  3
Divide ____ ..____ ..____ ..____ ..____
 72
65
 73
6
 40
12.7
 49
5.08
 74
0
 49
-2.54
 74
0
 49
0
 74
0
 49
-2.54
 74
0
 49
0
 74
0
 49
-2.54
 74
0
  0
ENDTAB
  0
TABLE
  2
LAYER
  5
2
330
0
100
AcDbSymbolTable
 70
5
  0
LAYER
  5
10
330
2
100
AcDbSymbolTableRecord
100
AcDbLayerTableRecord
  2
0
 70
     0
 62
     7
  6
CONTINUOUS
  0
LAYER
  5
471
100
AcDbSymbolTableRecord
100
AcDbLayerTableRecord
  2
C00-00-00-BLACK
 70
0
 62
7
  6
CONTINUOUS
  0
LAYER
  5
472
100
AcDbSymbolTableRecord
100
AcDbLayerTableRecord
  2
CFF-FF-FF-WHITE
 70
0
 62
7
  6
CONTINUOUS
  0
LAYER
  5
473
100
AcDbSymbolTableRecord
100
AcDbLayerTableRecord
  2
CFF-00-00
 70
0
 62
1
  6
CONTINUOUS
  0
ENDTAB
  0
TABLE
  2
STYLE
  5
3
330
0
100
AcDbSymbolTable
 70
     1
  0
STYLE
  5
11
330
3
100
AcDbSymbolTableRecord
100
AcDbTextStyleTableRecord
  2
STANDARD
 70
     0
 40
0.0
 41
1.0
 50
0.0
 71
     0
 42
2.5
  3
txt
  4

  0
ENDTAB
  0
TABLE
  2
VIEW
  5
6
330
0
100
AcDbSymbolTable
 70
     0
  0
ENDTAB
  0
TABLE
  2
UCS
  5
7
330
0
100
AcDbSymbolTable
 70
     0
  0
ENDTAB
  0
TABLE
  2
APPID
  5
9
330
0
100
AcDbSymbolTable
 70
     2
  0
APPID
  5
12
330
9
100
AcDbSymbolTableRecord
100
AcDbRegAppTableRecord
  2
ACAD
 70
     0
  0
APPID
  5
2B
330
9
100
AcDbSymbolTableRecord
100
AcDbRegAppTableRecord
  2
URBANX
 70
     0
  0
ENDTAB
  0
TABLE
  2
DIMSTYLE
  5
A
330
0
100
AcDbSymbolTable
 70
     1
  0
DIMSTYLE
105
27
330
A
100
AcDbSymbolTableRecord
100
AcDbDimStyleTableRecord
  2
ISO-25
 70
     0
  3

  4

  5

  6

  7

 40
1.0
 41
2.5
 42
0.625
 43
3.75
 44
1.25
 45
0.0
 46
0.0
 47
0.0
 48
0.0
140
2.5
141
2.5
142
0.0
143
0.03937007874016
144
1.0
145
0.0
146
1.0
147
0.625
 71
     0
 72
     0
 73
     0
 74
     0
 75
     0
 76
     0
 77
     1
 78
     8
170
     0
171
     3
172
     1
173
     0
174
     0
175
     0
176
     0
177
     0
178
     0
270
     2
271
     2
272
     2
273
     2
274
     3
340
11
275
     0
280
     0
281
     0
282
     0
283
     0
284
     8
285
     0
286
     0
287
     3
288
     0
  0
ENDTAB
  0
TABLE
  2
BLOCK_RECORD
  5
1
330
0
100
AcDbSymbolTable
 70
     1
  0
BLOCK_RECORD
  5
1F
102
{ACAD_XDICTIONARY
360
52
102
}
330
1
100
AcDbSymbolTableRecord
100
AcDbBlockTableRecord
  2
*MODEL_SPACE
  0
BLOCK_RECORD
  5
1B
102
{ACAD_XDICTIONARY
360
50
102
}
330
1
100
AcDbSymbolTableRecord
100
AcDbBlockTableRecord
  2
*PAPER_SPACE
  0
ENDTAB
  0
ENDSEC
  0
SECTION
  2
BLOCKS
  0
BLOCK
  5
20
330
1F
100
AcDbEntity
  8
0
100
AcDbBlockBegin
  2
*MODEL_SPACE
 70
     0
 10
0.0
 20
0.0
 30
0.0
  3
*MODEL_SPACE
  1

  0
ENDBLK
  5
21
330
1F
100
AcDbEntity
  8
0
100
AcDbBlockEnd
  0
BLOCK
  5
1C
330
1B
100
AcDbEntity
 67
     1
  8
0
100
AcDbBlockBegin
  2
*PAPER_SPACE
  1

  0
ENDBLK
  5
1D
330
1B
100
AcDbEntity
 67
     1
  8
0
100
AcDbBlockEnd
  0
ENDSEC
  0
SECTION
  2
ENTITIES
  0
LINE
  5
ff
100
AcDbEntity
  8
C00-00-00-BLACK
100
AcDbLine
  6
CONTINUOUS
 10
21
 20
0.999959
 30
0.0
 11
83.9999
 21
0.999959
 31
0.0
  0
LINE
  5
100
100
AcDbEntity
  8
C00-00-00-BLACK
100
AcDbLine
  6
CONTINUOUS
 10
83.9999
 20
0.999959
 30
0.0
 11
83.9999
 21
0.999959
 31
0.0
  0
SPLINE
  5
101
100
AcDbEntity
  8
C00-00-00-BLACK
100
AcDbSpline
210
0.0
220
0.0
230
1.0
  6
CONTINUOUS
 70
     0
 71
     3
 72
     8
 73
4
 40
0.0
 40
0.0
 40
0.0
 40
0.0
 40
1.0
 40
1.0
 40
1.0
 40
1.0
 10
83.9999
 20
0.999959
 30
0.0
 10
95.0457
 20
0.999959
 30
0.0
 10
104
 20
9.9543
 30
0.0
 10
104
 20
21
 30
0.0
  0
LINE
  5
102
100
AcDbEntity
  8
C00-00-00-BLACK
100
AcDbLine
  6
CONTINUOUS
 10
104
 20
21
 30
0.0
 11
104
 21
77.0001
 31
0.0
  0
LINE
  5
103
100
AcDbEntity
  8
C00-00-00-BLACK
100
AcDbLine
  6
CONTINUOUS
 10
104
 20
77.0001
 30
0.0
 11
104
 21
77.0001
 31
0.0
  0
SPLINE
  5
104
100
AcDbEntity
  8
C00-00-00-BLACK
100
AcDbSpline
210
0.0
220
0.0
230
1.0
  6
CONTINUOUS
 70
     0
 71
     3
 72
     8
 73
4
 40
0.0
 40
0.0
 40
0.0
 40
0.0
 40
1.0
 40
1.0
 40
1.0
 40
1.0
 10
104
 20
77.0001
 30
0.0
 10
104
 20
88.0456
 30
0.0
 10
95.0457
 20
97.0001
 30
0.0
 10
83.9999
 20
97.0001
 30
0.0
  0
LINE
  5
105
100
AcDbEntity
  8
C00-00-00-BLACK
100
AcDbLine
  6
CONTINUOUS
 10
83.9999
 20
97.0001
 30
0.0
 11
21
 21
97.0001
 31
0.0
  0
LINE
  5
106
100
AcDbEntity
  8
C00-00-00-BLACK
100
AcDbLine
  6
CONTINUOUS
 10
21
 20
97.0001
 30
0.0
 11
21
 21
97.0001
 31
0.0
  0
SPLINE
  5
107
100
AcDbEntity
  8
C00-00-00-BLACK
100
AcDbSpline
210
0.0
220
0.0
230
1.0
  6
CONTINUOUS
 70
     0
 71
     3
 72
     8
 73
4
 40
0.0
 40
0.0
 40
0.0
 40
0.0
 40
1.0
 40
1.0
 40
1.0
 40
1.0
 10
21
 20
97.0001
 30
0.0
 10
9.9543
 20
97.0001
 30
0.0
 10
0.999959
 20
88.0456
 30
0.0
 10
0.999959
 20
77.0001
 30
0.0
  0
LINE
  5
108
100
AcDbEntity
  8
C00-00-00-BLACK
100
AcDbLine
  6
CONTINUOUS
 10
0.999959
 20
77.0001
 30
0.0
 11
0.999959
 21
21
 31
0.0
  0
LINE
  5
109
100
AcDbEntity
  8
C00-00-00-BLACK
100
AcDbLine
  6
CONTINUOUS
 10
0.999959
 20
21
 30
0.0
 11
0.999959
 21
21
 31
0.0
  0
SPLINE
  5
10a
100
AcDbEntity
  8
C00-00-00-BLACK
100
AcDbSpline
210
0.0
220
0.0
230
1.0
  6
CONTINUOUS
 70
     0
 71
     3
 72
     8
 73
4
 40
0.0
 40
0.0
 40
0.0
 40
0.0
 40
1.0
 40
1.0
 40
1.0
 40
1.0
 10
0.999959
 20
21
 30
0.0
 10
0.999959
 20
9.9543
 30
0.0
 10
9.9543
 20
0.999959
 30
0.0
 10
21
 20
0.999959
 30
0.0
  0
LINE
  5
10b
100
AcDbEntity
  8
C00-00-00-BLACK
100
AcDbLine
  6
CONTINUOUS
 10
21
 20
0.999959
 30
0.0
 11
21
 21
0.999959
 31
0.0
  0
LINE
  5
10c
100
AcDbEntity
  8
C00-00-00-BLACK
100
AcDbLine
  6
CONTINUOUS
 10
22.5
 20
8.50007
 30
0.0
 11
32.4999
 21
8.50007
 31
0.0
  0
LINE
  5
10d
100
AcDbEntity
  8
C00-00-00-BLACK
100
AcDbLine
  6
CONTINUOUS
 10
32.4999
 20
8.50007
 30
0.0
 11
32.4999
 21
8.50007
 31
0.0
  0
SPLINE
  5
10e
100
AcDbEntity
  8
C00-00-00-BLACK
100
AcDbSpline
210
0.0
220
0.0
230
1.0
  6
CONTINUOUS
 70
     0
 71
     3
 72
     8
 73
4
 40
0.0
 40
0.0
 40
0.0
 40
0.0
 40
1.0
 40
1.0
 40
1.0
 40
1.0
 10
32.4999
 20
8.50007
 30
0.0
 10
33.8806
 20
8.50007
 30
0.0
 10
35.0001
 20
9.61944
 30
0.0
 10
35.0001
 20
11.0001
 30
0.0
  0
LINE
  5
10f
100
AcDbEntity
  8
C00-00-00-BLACK
100
AcDbLine
  6
CONTINUOUS
 10
35.0001
 20
11.0001
 30
0.0
 11
35.0001
 21
11.0001
 31
0.0
  0
LINE
  5
110
100
AcDbEntity
  8
C00-00-00-BLACK
100
AcDbLine
  6
CONTINUOUS
 10
35.0001
 20
11.0001
 30
0.0
 11
35.0001
 21
11.0001
 31
0.0
  0
SPLINE
  5
111
100
AcDbEntity
  8
C00-00-00-BLACK
100
AcDbSpline
210
0.0
220
0.0
230
1.0
  6
CONTINUOUS
 70
     0
 71
     3
 72
     8
 73
4
 40
0.0
 40
0.0
 40
0.0
 40
0.0
 40
1.0
 40
1.0
 40
1.0
 40
1.0
 10
35.0001
 20
11.0001
 30
0.0
 10
35.0001
 20
12.3807
 30
0.0
 10
33.8806
 20
13.5
 30
0.0
 10
32.4999
 20
13.5
 30
0.0
  0
LINE
  5
112
100
AcDbEntity
  8
C00-00-00-BLACK
100
AcDbLine
  6
CONTINUOUS
 10
32.4999
 20
13.5
 30
0.0
 11
22.5
 21
13.5
 31
0.0
  0
LINE
  5
113
100
AcDbEntity
  8
C00-00-00-BLACK
100
AcDbLine
  6
CONTINUOUS
 10
22.5
 20
13.5
 30
0.0
 11
22.5
 21
13.5
 31
0.0
  0
SPLINE
  5
114
100
AcDbEntity
  8
C00-00-00-BLACK
100
AcDbSpline
210
0.0
220
0.0
230
1.0
  6
CONTINUOUS
 70
     0
 71
     3
 72
     8
 73
4
 40
0.0
 40
0.0
 40
0.0
 40
0.0
 40
1.0
 40
1.0
 40
1.0
 40
1.0
 10
22.5
 20
13.5
 30
0.0
 10
21.1194
 20
13.5
 30
0.0
 10
20
 20
12.3807
 30
0.0
 10
20
 20
11.0001
 30
0.0
  0
LINE
  5
115
100
AcDbEntity
  8
C00-00-00-BLACK
100
AcDbLine
  6
CONTINUOUS
 10
20
 20
11.0001
 30
0.0
 11
20
 21
11.0001
 31
0.0
  0
LINE
  5
116
100
AcDbEntity
  8
C00-00-00-BLACK
100
AcDbLine
  6
CONTINUOUS
 10
20
 20
11.0001
 30
0.0
 11
20
 21
11.0001
 31
0.0
  0
SPLINE
  5
117
100
AcDbEntity
  8
C00-00-00-BLACK
100
AcDbSpline
210
0.0
220
0.0
230
1.0
  6
CONTINUOUS
 70
     0
 71
     3
 72
     8
 73
4
 40
0.0
 40
0.0
 40
0.0
 40
0.0
 40
1.0
 40
1.0
 40
1.0
 40
1.0
 10
20
 20
11.0001
 30
0.0
 10
20
 20
9.61944
 30
0.0
 10
21.1194
 20
8.50007
 30
0.0
 10
22.5
 20
8.50007
 30
0.0
  0
LINE
  5
118
100
AcDbEntity
  8
C00-00-00-BLACK
100
AcDbLine
  6
CONTINUOUS
 10
22.5
 20
8.50007
 30
0.0
 11
22.5
 21
8.50007
 31
0.0
  0
LINE
  5
119
100
AcDbEntity
  8
C00-00-00-BLACK
100
AcDbLine
  6
CONTINUOUS
 10
72.5001
 20
8.50007
 30
0.0
 11
82.4999
 21
8.50007
 31
0.0
  0
LINE
  5
11a
100
AcDbEntity
  8
C00-00-00-BLACK
100
AcDbLine
  6
CONTINUOUS
 10
82.4999
 20
8.50007
 30
0.0
 11
82.4999
 21
8.50007
 31
0.0
  0
SPLINE
  5
11b
100
AcDbEntity
  8
C00-00-00-BLACK
100
AcDbSpline
210
0.0
220
0.0
230
1.0
  6
CONTINUOUS
 70
     0
 71
     3
 72
     8
 73
4
 40
0.0
 40
0.0
 40
0.0
 40
0.0
 40
1.0
 40
1.0
 40
1.0
 40
1.0
 10
82.4999
 20
8.50007
 30
0.0
 10
83.8807
 20
8.50007
 30
0.0
 10
85
 20
9.61944
 30
0.0
 10
85
 20
11.0001
 30
0.0
  0
LINE
  5
11c
100
AcDbEntity
  8
C00-00-00-BLACK
100
AcDbLine
  6
CONTINUOUS
 10
85
 20
11.0001
 30
0.0
 11
85
 21
11.0001
 31
0.0
  0
LINE
  5
11d
100
AcDbEntity
  8
C00-00-00-BLACK
100
AcDbLine
  6
CONTINUOUS
 10
85
 20
11.0001
 30
0.0
 11
85
 21
11.0001
 31
0.0
  0
SPLINE
  5
11e
100
AcDbEntity
  8
C00-00-00-BLACK
100
AcDbSpline
210
0.0
220
0.0
230
1.0
  6
CONTINUOUS
 70
     0
 71
     3
 72
     8
 73
4
 40
0.0
 40
0.0
 40
0.0
 40
0.0
 40
1.0
 40
1.0
 40
1.0
 40
1.0
 10
85
 20
11.0001
 30
0.0
 10
85
 20
12.3807
 30
0.0
 10
83.8807
 20
13.5
 30
0.0
 10
82.4999
 20
13.5
 30
0.0
  0
LINE
  5
11f
100
AcDbEntity
  8
C00-00-00-BLACK
100
AcDbLine
  6
CONTINUOUS
 10
82.4999
 20
13.5
 30
0.0
 11
72.5001
 21
13.5
 31
0.0
  0
LINE
  5
120
100
AcDbEntity
  8
C00-00-00-BLACK
100
AcDbLine
  6
CONTINUOUS
 10
72.5001
 20
13.5
 30
0.0
 11
72.5001
 21
13.5
 31
0.0
  0
SPLINE
  5
121
100
AcDbEntity
  8
C00-00-00-BLACK
100
AcDbSpline
210
0.0
220
0.0
230
1.0
  6
CONTINUOUS
 70
     0
 71
     3
 72
     8
 73
4
 40
0.0
 40
0.0
 40
0.0
 40
0.0
 40
1.0
 40
1.0
 40
1.0
 40
1.0
 10
72.5001
 20
13.5
 30
0.0
 10
71.1193
 20
13.5
 30
0.0
 10
69.9999
 20
12.3807
 30
0.0
 10
69.9999
 20
11.0001
 30
0.0
  0
LINE
  5
122
100
AcDbEntity
  8
C00-00-00-BLACK
100
AcDbLine
  6
CONTINUOUS
 10
69.9999
 20
11.0001
 30
0.0
 11
69.9999
 21
11.0001
 31
0.0
  0
LINE
  5
123
100
AcDbEntity
  8
C00-00-00-BLACK
100
AcDbLine
  6
CONTINUOUS
 10
69.9999
 20
11.0001
 30
0.0
 11
69.9999
 21
11.0001
 31
0.0
  0
SPLINE
  5
124
100
AcDbEntity
  8
C00-00-00-BLACK
100
AcDbSpline
210
0.0
220
0.0
230
1.0
  6
CONTINUOUS
 70
     0
 71
     3
 72
     8
 73
4
 40
0.0
 40
0.0
 40
0.0
 40
0.0
 40
1.0
 40
1.0
 40
1.0
 40
1.0
 10
69.9999
 20
11.0001
 30
0.0
 10
69.9999
 20
9.61944
 30
0.0
 10
71.1193
 20
8.50007
 30
0.0
 10
72.5001
 20
8.50007
 30
0.0
  0
LINE
  5
125
100
AcDbEntity
  8
C00-00-00-BLACK
100
AcDbLine
  6
CONTINUOUS
 10
72.5001
 20
8.50007
 30
0.0
 11
72.5001
 21
8.50007
 31
0.0
  0
LINE
  5
126
100
AcDbEntity
  8
C00-00-00-BLACK
100
AcDbLine
  6
CONTINUOUS
 10
22.5
 20
84.5002
 30
0.0
 11
32.4999
 21
84.5002
 31
0.0
  0
LINE
  5
127
100
AcDbEntity
  8
C00-00-00-BLACK
100
AcDbLine
  6
CONTINUOUS
 10
32.4999
 20
84.5002
 30
0.0
 11
32.4999
 21
84.5002
 31
0.0
  0
SPLINE
  5
128
100
AcDbEntity
  8
C00-00-00-BLACK
100
AcDbSpline
210
0.0
220
0.0
230
1.0
  6
CONTINUOUS
 70
     0
 71
     3
 72
     8
 73
4
 40
0.0
 40
0.0
 40
0.0
 40
0.0
 40
1.0
 40
1.0
 40
1.0
 40
1.0
 10
32.4999
 20
84.5002
 30
0.0
 10
33.8806
 20
84.5002
 30
0.0
 10
35.0001
 20
85.6192
 30
0.0
 10
35.0001
 20
86.9999
 30
0.0
  0
LINE
  5
129
100
AcDbEntity
  8
C00-00-00-BLACK
100
AcDbLine
  6
CONTINUOUS
 10
35.0001
 20
86.9999
 30
0.0
 11
35.0001
 21
86.9999
 31
0.0
  0
LINE
  5
12a
100
AcDbEntity
  8
C00-00-00-BLACK
100
AcDbLine
  6
CONTINUOUS
 10
35.0001
 20
86.9999
 30
0.0
 11
35.0001
 21
86.9999
 31
0.0
  0
SPLINE
  5
12b
100
AcDbEntity
  8
C00-00-00-BLACK
100
AcDbSpline
210
0.0
220
0.0
230
1.0
  6
CONTINUOUS
 70
     0
 71
     3
 72
     8
 73
4
 40
0.0
 40
0.0
 40
0.0
 40
0.0
 40
1.0
 40
1.0
 40
1.0
 40
1.0
 10
35.0001
 20
86.9999
 30
0.0
 10
35.0001
 20
88.3807
 30
0.0
 10
33.8806
 20
89.5001
 30
0.0
 10
32.4999
 20
89.5001
 30
0.0
  0
LINE
  5
12c
100
AcDbEntity
  8
C00-00-00-BLACK
100
AcDbLine
  6
CONTINUOUS
 10
32.4999
 20
89.5001
 30
0.0
 11
22.5
 21
89.5001
 31
0.0
  0
LINE
  5
12d
100
AcDbEntity
  8
C00-00-00-BLACK
100
AcDbLine
  6
CONTINUOUS
 10
22.5
 20
89.5001
 30
0.0
 11
22.5
 21
89.5001
 31
0.0
  0
SPLINE
  5
12e
100
AcDbEntity
  8
C00-00-00-BLACK
100
AcDbSpline
210
0.0
220
0.0
230
1.0
  6
CONTINUOUS
 70
     0
 71
     3
 72
     8
 73
4
 40
0.0
 40
0.0
 40
0.0
 40
0.0
 40
1.0
 40
1.0
 40
1.0
 40
1.0
 10
22.5
 20
89.5001
 30
0.0
 10
21.1194
 20
89.5001
 30
0.0
 10
20
 20
88.3807
 30
0.0
 10
20
 20
86.9999
 30
0.0
  0
LINE
  5
12f
100
AcDbEntity
  8
C00-00-00-BLACK
100
AcDbLine
  6
CONTINUOUS
 10
20
 20
86.9999
 30
0.0
 11
20
 21
86.9999
 31
0.0
  0
LINE
  5
130
100
AcDbEntity
  8
C00-00-00-BLACK
100
AcDbLine
  6
CONTINUOUS
 10
20
 20
86.9999
 30
0.0
 11
20
 21
86.9999
 31
0.0
  0
SPLINE
  5
131
100
AcDbEntity
  8
C00-00-00-BLACK
100
AcDbSpline
210
0.0
220
0.0
230
1.0
  6
CONTINUOUS
 70
     0
 71
     3
 72
     8
 73
4
 40
0.0
 40
0.0
 40
0.0
 40
0.0
 40
1.0
 40
1.0
 40
1.0
 40
1.0
 10
20
 20
86.9999
 30
0.0
 10
20
 20
85.6192
 30
0.0
 10
21.1194
 20
84.5002
 30
0.0
 10
22.5
 20
84.5002
 30
0.0
  0
LINE
  5
132
100
AcDbEntity
  8
C00-00-00-BLACK
100
AcDbLine
  6
CONTINUOUS
 10
22.5
 20
84.5002
 30
0.0
 11
22.5
 21
84.5002
 31
0.0
  0
LINE
  5
133
100
AcDbEntity
  8
C00-00-00-BLACK
100
AcDbLine
  6
CONTINUOUS
 10
72.5001
 20
84.5002
 30
0.0
 11
82.4999
 21
84.5002
 31
0.0
  0
LINE
  5
134
100
AcDbEntity
  8
C00-00-00-BLACK
100
AcDbLine
  6
CONTINUOUS
 10
82.4999
 20
84.5002
 30
0.0
 11
82.4999
 21
84.5002
 31
0.0
  0
SPLINE
  5
135
100
AcDbEntity
  8
C00-00-00-BLACK
100
AcDbSpline
210
0.0
220
0.0
230
1.0
  6
CONTINUOUS
 70
     0
 71
     3
 72
     8
 73
4
 40
0.0
 40
0.0
 40
0.0
 40
0.0
 40
1.0
 40
1.0
 40
1.0
 40
1.0
 10
82.4999
 20
84.5002
 30
0.0
 10
83.8807
 20
84.5002
 30
0.0
 10
85
 20
85.6192
 30
0.0
 10
85
 20
86.9999
 30
0.0
  0
LINE
  5
136
100
AcDbEntity
  8
C00-00-00-BLACK
100
AcDbLine
  6
CONTINUOUS
 10
85
 20
86.9999
 30
0.0
 11
85
 21
86.9999
 31
0.0
  0
LINE
  5
137
100
AcDbEntity
  8
C00-00-00-BLACK
100
AcDbLine
  6
CONTINUOUS
 10
85
 20
86.9999
 30
0.0
 11
85
 21
86.9999
 31
0.0
  0
SPLINE
  5
138
100
AcDbEntity
  8
C00-00-00-BLACK
100
AcDbSpline
210
0.0
220
0.0
230
1.0
  6
CONTINUOUS
 70
     0
 71
     3
 72
     8
 73
4
 40
0.0
 40
0.0
 40
0.0
 40
0.0
 40
1.0
 40
1.0
 40
1.0
 40
1.0
 10
85
 20
86.9999
 30
0.0
 10
85
 20
88.3807
 30
0.0
 10
83.8807
 20
89.5001
 30
0.0
 10
82.4999
 20
89.5001
 30
0.0
  0
LINE
  5
139
100
AcDbEntity
  8
C00-00-00-BLACK
100
AcDbLine
  6
CONTINUOUS
 10
82.4999
 20
89.5001
 30
0.0
 11
72.5001
 21
89.5001
 31
0.0
  0
LINE
  5
13a
100
AcDbEntity
  8
C00-00-00-BLACK
100
AcDbLine
  6
CONTINUOUS
 10
72.5001
 20
89.5001
 30
0.0
 11
72.5001
 21
89.5001
 31
0.0
  0
SPLINE
  5
13b
100
AcDbEntity
  8
C00-00-00-BLACK
100
AcDbSpline
210
0.0
220
0.0
230
1.0
  6
CONTINUOUS
 70
     0
 71
     3
 72
     8
 73
4
 40
0.0
 40
0.0
 40
0.0
 40
0.0
 40
1.0
 40
1.0
 40
1.0
 40
1.0
 10
72.5001
 20
89.5001
 30
0.0
 10
71.1193
 20
89.5001
 30
0.0
 10
69.9999
 20
88.3807
 30
0.0
 10
69.9999
 20
86.9999
 30
0.0
  0
LINE
  5
13c
100
AcDbEntity
  8
C00-00-00-BLACK
100
AcDbLine
  6
CONTINUOUS
 10
69.9999
 20
86.9999
 30
0.0
 11
69.9999
 21
86.9999
 31
0.0
  0
LINE
  5
13d
100
AcDbEntity
  8
C00-00-00-BLACK
100
AcDbLine
  6
CONTINUOUS
 10
69.9999
 20
86.9999
 30
0.0
 11
69.9999
 21
86.9999
 31
0.0
  0
SPLINE
  5
13e
100
AcDbEntity
  8
C00-00-00-BLACK
100
AcDbSpline
210
0.0
220
0.0
230
1.0
  6
CONTINUOUS
 70
     0
 71
     3
 72
     8
 73
4
 40
0.0
 40
0.0
 40
0.0
 40
0.0
 40
1.0
 40
1.0
 40
1.0
 40
1.0
 10
69.9999
 20
86.9999
 30
0.0
 10
69.9999
 20
85.6192
 30
0.0
 10
71.1193
 20
84.5002
 30
0.0
 10
72.5001
 20
84.5002
 30
0.0
  0
LINE
  5
13f
100
AcDbEntity
  8
C00-00-00-BLACK
100
AcDbLine
  6
CONTINUOUS
 10
72.5001
 20
84.5002
 30
0.0
 11
72.5001
 21
84.5002
 31
0.0
  0
SPLINE
  5
140
100
AcDbEntity
  8
C00-00-00-BLACK
100
AcDbSpline
210
0.0
220
0.0
230
1.0
  6
CONTINUOUS
 70
     0
 71
     3
 72
     8
 73
4
 40
0.0
 40
0.0
 40
0.0
 40
0.0
 40
1.0
 40
1.0
 40
1.0
 40
1.0
 10
15.0999
 20
24.4999
 30
0.0
 10
15.0999
 20
25.3835
 30
0.0
 10
14.3836
 20
26.1
 30
0.0
 10
13.5
 20
26.1
 30
0.0
  0
SPLINE
  5
141
100
AcDbEntity
  8
C00-00-00-BLACK
100
AcDbSpline
210
0.0
220
0.0
230
1.0
  6
CONTINUOUS
 70
     0
 71
     3
 72
     8
 73
4
 40
0.0
 40
0.0
 40
0.0
 40
0.0
 40
1.0
 40
1.0
 40
1.0
 40
1.0
 10
13.5
 20
26.1
 30
0.0
 10
12.6165
 20
26.1
 30
0.0
 10
11.9
 20
25.3835
 30
0.0
 10
11.9
 20
24.4999
 30
0.0
  0
SPLINE
  5
142
100
AcDbEntity
  8
C00-00-00-BLACK
100
AcDbSpline
210
0.0
220
0.0
230
1.0
  6
CONTINUOUS
 70
     0
 71
     3
 72
     8
 73
4
 40
0.0
 40
0.0
 40
0.0
 40
0.0
 40
1.0
 40
1.0
 40
1.0
 40
1.0
 10
11.9
 20
24.4999
 30
0.0
 10
11.9
 20
23.6164
 30
0.0
 10
12.6165
 20
22.9
 30
0.0
 10
13.5
 20
22.9
 30
0.0
  0
SPLINE
  5
143
100
AcDbEntity
  8
C00-00-00-BLACK
100
AcDbSpline
210
0.0
220
0.0
230
1.0
  6
CONTINUOUS
 70
     0
 71
     3
 72
     8
 73
4
 40
0.0
 40
0.0
 40
0.0
 40
0.0
 40
1.0
 40
1.0
 40
1.0
 40
1.0
 10
13.5
 20
22.9
 30
0.0
 10
14.3836
 20
22.9
 30
0.0
 10
15.0999
 20
23.6164
 30
0.0
 10
15.0999
 20
24.4999
 30
0.0
  0
SPLINE
  5
144
100
AcDbEntity
  8
C00-00-00-BLACK
100
AcDbSpline
210
0.0
220
0.0
230
1.0
  6
CONTINUOUS
 70
     0
 71
     3
 72
     8
 73
4
 40
0.0
 40
0.0
 40
0.0
 40
0.0
 40
1.0
 40
1.0
 40
1.0
 40
1.0
 10
73.1001
 20
24.4999
 30
0.0
 10
73.1001
 20
25.3835
 30
0.0
 10
72.3837
 20
26.1
 30
0.0
 10
71.4999
 20
26.1
 30
0.0
  0
SPLINE
  5
145
100
AcDbEntity
  8
C00-00-00-BLACK
100
AcDbSpline
210
0.0
220
0.0
230
1.0
  6
CONTINUOUS
 70
     0
 71
     3
 72
     8
 73
4
 40
0.0
 40
0.0
 40
0.0
 40
0.0
 40
1.0
 40
1.0
 40
1.0
 40
1.0
 10
71.4999
 20
26.1
 30
0.0
 10
70.6166
 20
26.1
 30
0.0
 10
69.9001
 20
25.3835
 30
0.0
 10
69.9001
 20
24.4999
 30
0.0
  0
SPLINE
  5
146
100
AcDbEntity
  8
C00-00-00-BLACK
100
AcDbSpline
210
0.0
220
0.0
230
1.0
  6
CONTINUOUS
 70
     0
 71
     3
 72
     8
 73
4
 40
0.0
 40
0.0
 40
0.0
 40
0.0
 40
1.0
 40
1.0
 40
1.0
 40
1.0
 10
69.9001
 20
24.4999
 30
0.0
 10
69.9001
 20
23.6164
 30
0.0
 10
70.6166
 20
22.9
 30
0.0
 10
71.4999
 20
22.9
 30
0.0
  0
SPLINE
  5
147
100
AcDbEntity
  8
C00-00-00-BLACK
100
AcDbSpline
210
0.0
220
0.0
230
1.0
  6
CONTINUOUS
 70
     0
 71
     3
 72
     8
 73
4
 40
0.0
 40
0.0
 40
0.0
 40
0.0
 40
1.0
 40
1.0
 40
1.0
 40
1.0
 10
71.4999
 20
22.9
 30
0.0
 10
72.3837
 20
22.9
 30
0.0
 10
73.1001
 20
23.6164
 30
0.0
 10
73.1001
 20
24.4999
 30
0.0
  0
SPLINE
  5
148
100
AcDbEntity
  8
C00-00-00-BLACK
100
AcDbSpline
210
0.0
220
0.0
230
1.0
  6
CONTINUOUS
 70
     0
 71
     3
 72
     8
 73
4
 40
0.0
 40
0.0
 40
0.0
 40
0.0
 40
1.0
 40
1.0
 40
1.0
 40
1.0
 10
73.1001
 20
73.4998
 30
0.0
 10
73.1001
 20
74.3835
 30
0.0
 10
72.3837
 20
75.1
 30
0.0
 10
71.4999
 20
75.1
 30
0.0
  0
SPLINE
  5
149
100
AcDbEntity
  8
C00-00-00-BLACK
100
AcDbSpline
210
0.0
220
0.0
230
1.0
  6
CONTINUOUS
 70
     0
 71
     3
 72
     8
 73
4
 40
0.0
 40
0.0
 40
0.0
 40
0.0
 40
1.0
 40
1.0
 40
1.0
 40
1.0
 10
71.4999
 20
75.1
 30
0.0
 10
70.6166
 20
75.1
 30
0.0
 10
69.9001
 20
74.3835
 30
0.0
 10
69.9001
 20
73.4998
 30
0.0
  0
SPLINE
  5
14a
100
AcDbEntity
  8
C00-00-00-BLACK
100
AcDbSpline
210
0.0
220
0.0
230
1.0
  6
CONTINUOUS
 70
     0
 71
     3
 72
     8
 73
4
 40
0.0
 40
0.0
 40
0.0
 40
0.0
 40
1.0
 40
1.0
 40
1.0
 40
1.0
 10
69.9001
 20
73.4998
 30
0.0
 10
69.9001
 20
72.6165
 30
0.0
 10
70.6166
 20
71.9
 30
0.0
 10
71.4999
 20
71.9
 30
0.0
  0
SPLINE
  5
14b
100
AcDbEntity
  8
C00-00-00-BLACK
100
AcDbSpline
210
0.0
220
0.0
230
1.0
  6
CONTINUOUS
 70
     0
 71
     3
 72
     8
 73
4
 40
0.0
 40
0.0
 40
0.0
 40
0.0
 40
1.0
 40
1.0
 40
1.0
 40
1.0
 10
71.4999
 20
71.9
 30
0.0
 10
72.3837
 20
71.9
 30
0.0
 10
73.1001
 20
72.6165
 30
0.0
 10
73.1001
 20
73.4998
 30
0.0
  0
SPLINE
  5
14c
100
AcDbEntity
  8
C00-00-00-BLACK
100
AcDbSpline
210
0.0
220
0.0
230
1.0
  6
CONTINUOUS
 70
     0
 71
     3
 72
     8
 73
4
 40
0.0
 40
0.0
 40
0.0
 40
0.0
 40
1.0
 40
1.0
 40
1.0
 40
1.0
 10
15.0999
 20
73.4998
 30
0.0
 10
15.0999
 20
74.3835
 30
0.0
 10
14.3836
 20
75.1
 30
0.0
 10
13.5
 20
75.1
 30
0.0
  0
SPLINE
  5
14d
100
AcDbEntity
  8
C00-00-00-BLACK
100
AcDbSpline
210
0.0
220
0.0
230
1.0
  6
CONTINUOUS
 70
     0
 71
     3
 72
     8
 73
4
 40
0.0
 40
0.0
 40
0.0
 40
0.0
 40
1.0
 40
1.0
 40
1.0
 40
1.0
 10
13.5
 20
75.1
 30
0.0
 10
12.6165
 20
75.1
 30
0.0
 10
11.9
 20
74.3835
 30
0.0
 10
11.9
 20
73.4998
 30
0.0
  0
SPLINE
  5
14e
100
AcDbEntity
  8
C00-00-00-BLACK
100
AcDbSpline
210
0.0
220
0.0
230
1.0
  6
CONTINUOUS
 70
     0
 71
     3
 72
     8
 73
4
 40
0.0
 40
0.0
 40
0.0
 40
0.0
 40
1.0
 40
1.0
 40
1.0
 40
1.0
 10
11.9
 20
73.4998
 30
0.0
 10
11.9
 20
72.6165
 30
0.0
 10
12.6165
 20
71.9
 30
0.0
 10
13.5
 20
71.9
 30
0.0
  0
SPLINE
  5
14f
100
AcDbEntity
  8
C00-00-00-BLACK
100
AcDbSpline
210
0.0
220
0.0
230
1.0
  6
CONTINUOUS
 70
     0
 71
     3
 72
     8
 73
4
 40
0.0
 40
0.0
 40
0.0
 40
0.0
 40
1.0
 40
1.0
 40
1.0
 40
1.0
 10
13.5
 20
71.9
 30
0.0
 10
14.3836
 20
71.9
 30
0.0
 10
15.0999
 20
72.6165
 30
0.0
 10
15.0999
 20
73.4998
 30
0.0
  0
LINE
  5
150
100
AcDbEntity
  8
CFF-00-00
100
AcDbLine
  6
CONTINUOUS
 10
20.1401
 20
81.0697
 30
0.0
 11
21.9115
 21
78.5001
 31
0.0
  0
LINE
  5
151
100
AcDbEntity
  8
CFF-00-00
100
AcDbLine
  6
CONTINUOUS
 10
21.9115
 20
78.5001
 30
0.0
 11
22.6464
 21
78.5001
 31
0.0
  0
LINE
  5
152
100
AcDbEntity
  8
CFF-00-00
100
AcDbLine
  6
CONTINUOUS
 10
22.6464
 20
78.5001
 30
0.0
 11
22.6464
 21
81.728
 31
0.0
  0
SPLINE
  5
153
100
AcDbEntity
  8
CFF-00-00
100
AcDbSpline
210
0.0
220
0.0
230
1.0
  6
CONTINUOUS
 70
     0
 71
     3
 72
     8
 73
4
 40
0.0
 40
0.0
 40
0.0
 40
0.0
 40
1.0
 40
1.0
 40
1.0
 40
1.0
 10
22.6464
 20
81.728
 30
0.0
 10
22.9196
 20
81.7351
 30
0.0
 10
23.0736
 20
81.861
 30
0.0
 10
23.0736
 20
82.085
 30
0.0
  0
SPLINE
  5
154
100
AcDbEntity
  8
CFF-00-00
100
AcDbSpline
210
0.0
220
0.0
230
1.0
  6
CONTINUOUS
 70
     0
 71
     3
 72
     8
 73
4
 40
0.0
 40
0.0
 40
0.0
 40
0.0
 40
1.0
 40
1.0
 40
1.0
 40
1.0
 10
23.0736
 20
82.085
 30
0.0
 10
23.0736
 20
82.2043
 30
0.0
 10
23.0181
 20
82.3094
 30
0.0
 10
22.9196
 20
82.3796
 30
0.0
  0
SPLINE
  5
155
100
AcDbEntity
  8
CFF-00-00
100
AcDbSpline
210
0.0
220
0.0
230
1.0
  6
CONTINUOUS
 70
     0
 71
     3
 72
     8
 73
4
 40
0.0
 40
0.0
 40
0.0
 40
0.0
 40
1.0
 40
1.0
 40
1.0
 40
1.0
 10
22.9196
 20
82.3796
 30
0.0
 10
22.8428
 20
82.435
 30
0.0
 10
22.7727
 20
82.4491
 30
0.0
 10
22.5835
 20
82.4491
 30
0.0
  0
LINE
  5
156
100
AcDbEntity
  8
CFF-00-00
100
AcDbLine
  6
CONTINUOUS
 10
22.5835
 20
82.4491
 30
0.0
 11
21.6734
 21
82.4491
 31
0.0
  0
SPLINE
  5
157
100
AcDbEntity
  8
CFF-00-00
100
AcDbSpline
210
0.0
220
0.0
230
1.0
  6
CONTINUOUS
 70
     0
 71
     3
 72
     8
 73
4
 40
0.0
 40
0.0
 40
0.0
 40
0.0
 40
1.0
 40
1.0
 40
1.0
 40
1.0
 10
21.6734
 20
82.4491
 30
0.0
 10
21.4981
 20
82.4491
 30
0.0
 10
21.4286
 20
82.435
 30
0.0
 10
21.3651
 20
82.4001
 30
0.0
  0
SPLINE
  5
158
100
AcDbEntity
  8
CFF-00-00
100
AcDbSpline
210
0.0
220
0.0
230
1.0
  6
CONTINUOUS
 70
     0
 71
     3
 72
     8
 73
4
 40
0.0
 40
0.0
 40
0.0
 40
0.0
 40
1.0
 40
1.0
 40
1.0
 40
1.0
 10
21.3651
 20
82.4001
 30
0.0
 10
21.2533
 20
82.3306
 30
0.0
 10
21.1832
 20
82.2113
 30
0.0
 10
21.1832
 20
82.085
 30
0.0
  0
SPLINE
  5
159
100
AcDbEntity
  8
CFF-00-00
100
AcDbSpline
210
0.0
220
0.0
230
1.0
  6
CONTINUOUS
 70
     0
 71
     3
 72
     8
 73
4
 40
0.0
 40
0.0
 40
0.0
 40
0.0
 40
1.0
 40
1.0
 40
1.0
 40
1.0
 10
21.1832
 20
82.085
 30
0.0
 10
21.1832
 20
81.9732
 30
0.0
 10
21.2394
 20
81.861
 30
0.0
 10
21.3373
 20
81.7908
 30
0.0
  0
SPLINE
  5
15a
100
AcDbEntity
  8
CFF-00-00
100
AcDbSpline
210
0.0
220
0.0
230
1.0
  6
CONTINUOUS
 70
     0
 71
     3
 72
     8
 73
4
 40
0.0
 40
0.0
 40
0.0
 40
0.0
 40
1.0
 40
1.0
 40
1.0
 40
1.0
 10
21.3373
 20
81.7908
 30
0.0
 10
21.4141
 20
81.7418
 30
0.0
 10
21.4914
 20
81.728
 30
0.0
 10
21.6734
 20
81.728
 30
0.0
  0
LINE
  5
15b
100
AcDbEntity
  8
CFF-00-00
100
AcDbLine
  6
CONTINUOUS
 10
21.6734
 20
81.728
 30
0.0
 11
21.8903
 21
81.728
 31
0.0
  0
LINE
  5
15c
100
AcDbEntity
  8
CFF-00-00
100
AcDbLine
  6
CONTINUOUS
 10
21.8903
 20
81.728
 30
0.0
 11
21.8903
 21
79.8936
 31
0.0
  0
LINE
  5
15d
100
AcDbEntity
  8
CFF-00-00
100
AcDbLine
  6
CONTINUOUS
 10
21.8903
 20
79.8936
 30
0.0
 11
20.1262
 21
82.4491
 31
0.0
  0
LINE
  5
15e
100
AcDbEntity
  8
CFF-00-00
100
AcDbLine
  6
CONTINUOUS
 10
20.1262
 20
82.4491
 30
0.0
 11
19.3066
 21
82.4491
 31
0.0
  0
SPLINE
  5
15f
100
AcDbEntity
  8
CFF-00-00
100
AcDbSpline
210
0.0
220
0.0
230
1.0
  6
CONTINUOUS
 70
     0
 71
     3
 72
     8
 73
4
 40
0.0
 40
0.0
 40
0.0
 40
0.0
 40
1.0
 40
1.0
 40
1.0
 40
1.0
 10
19.3066
 20
82.4491
 30
0.0
 10
19.1314
 20
82.4491
 30
0.0
 10
19.0613
 20
82.435
 30
0.0
 10
18.9984
 20
82.4001
 30
0.0
  0
SPLINE
  5
160
100
AcDbEntity
  8
CFF-00-00
100
AcDbSpline
210
0.0
220
0.0
230
1.0
  6
CONTINUOUS
 70
     0
 71
     3
 72
     8
 73
4
 40
0.0
 40
0.0
 40
0.0
 40
0.0
 40
1.0
 40
1.0
 40
1.0
 40
1.0
 10
18.9984
 20
82.4001
 30
0.0
 10
18.8866
 20
82.3306
 30
0.0
 10
18.8165
 20
82.2113
 30
0.0
 10
18.8165
 20
82.085
 30
0.0
  0
SPLINE
  5
161
100
AcDbEntity
  8
CFF-00-00
100
AcDbSpline
210
0.0
220
0.0
230
1.0
  6
CONTINUOUS
 70
     0
 71
     3
 72
     8
 73
4
 40
0.0
 40
0.0
 40
0.0
 40
0.0
 40
1.0
 40
1.0
 40
1.0
 40
1.0
 10
18.8165
 20
82.085
 30
0.0
 10
18.8165
 20
81.9732
 30
0.0
 10
18.8794
 20
81.861
 30
0.0
 10
18.9706
 20
81.7908
 30
0.0
  0
SPLINE
  5
162
100
AcDbEntity
  8
CFF-00-00
100
AcDbSpline
210
0.0
220
0.0
230
1.0
  6
CONTINUOUS
 70
     0
 71
     3
 72
     8
 73
4
 40
0.0
 40
0.0
 40
0.0
 40
0.0
 40
1.0
 40
1.0
 40
1.0
 40
1.0
 10
18.9706
 20
81.7908
 30
0.0
 10
19.0474
 20
81.7418
 30
0.0
 10
19.1248
 20
81.728
 30
0.0
 10
19.3066
 20
81.728
 30
0.0
  0
LINE
  5
163
100
AcDbEntity
  8
CFF-00-00
100
AcDbLine
  6
CONTINUOUS
 10
19.3066
 20
81.728
 30
0.0
 11
19.3834
 21
81.728
 31
0.0
  0
LINE
  5
164
100
AcDbEntity
  8
CFF-00-00
100
AcDbLine
  6
CONTINUOUS
 10
19.3834
 20
81.728
 30
0.0
 11
19.3834
 21
79.2212
 31
0.0
  0
SPLINE
  5
165
100
AcDbEntity
  8
CFF-00-00
100
AcDbSpline
210
0.0
220
0.0
230
1.0
  6
CONTINUOUS
 70
     0
 71
     3
 72
     8
 73
4
 40
0.0
 40
0.0
 40
0.0
 40
0.0
 40
1.0
 40
1.0
 40
1.0
 40
1.0
 10
19.3834
 20
79.2212
 30
0.0
 10
19.1175
 20
79.2212
 30
0.0
 10
18.9567
 20
79.0882
 30
0.0
 10
18.9567
 20
78.8638
 30
0.0
  0
SPLINE
  5
166
100
AcDbEntity
  8
CFF-00-00
100
AcDbSpline
210
0.0
220
0.0
230
1.0
  6
CONTINUOUS
 70
     0
 71
     3
 72
     8
 73
4
 40
0.0
 40
0.0
 40
0.0
 40
0.0
 40
1.0
 40
1.0
 40
1.0
 40
1.0
 10
18.9567
 20
78.8638
 30
0.0
 10
18.9567
 20
78.6264
 30
0.0
 10
19.1248
 20
78.5001
 30
0.0
 10
19.4535
 20
78.5001
 30
0.0
  0
LINE
  5
167
100
AcDbEntity
  8
CFF-00-00
100
AcDbLine
  6
CONTINUOUS
 10
19.4535
 20
78.5001
 30
0.0
 11
20.357
 21
78.5001
 31
0.0
  0
SPLINE
  5
168
100
AcDbEntity
  8
CFF-00-00
100
AcDbSpline
210
0.0
220
0.0
230
1.0
  6
CONTINUOUS
 70
     0
 71
     3
 72
     8
 73
4
 40
0.0
 40
0.0
 40
0.0
 40
0.0
 40
1.0
 40
1.0
 40
1.0
 40
1.0
 10
20.357
 20
78.5001
 30
0.0
 10
20.6792
 20
78.5001
 30
0.0
 10
20.8472
 20
78.619
 30
0.0
 10
20.8472
 20
78.8638
 30
0.0
  0
SPLINE
  5
169
100
AcDbEntity
  8
CFF-00-00
100
AcDbSpline
210
0.0
220
0.0
230
1.0
  6
CONTINUOUS
 70
     0
 71
     3
 72
     8
 73
4
 40
0.0
 40
0.0
 40
0.0
 40
0.0
 40
1.0
 40
1.0
 40
1.0
 40
1.0
 10
20.8472
 20
78.8638
 30
0.0
 10
20.8472
 20
78.9764
 30
0.0
 10
20.791
 20
79.0882
 30
0.0
 10
20.6931
 20
79.158
 30
0.0
  0
SPLINE
  5
16a
100
AcDbEntity
  8
CFF-00-00
100
AcDbSpline
210
0.0
220
0.0
230
1.0
  6
CONTINUOUS
 70
     0
 71
     3
 72
     8
 73
4
 40
0.0
 40
0.0
 40
0.0
 40
0.0
 40
1.0
 40
1.0
 40
1.0
 40
1.0
 10
20.6931
 20
79.158
 30
0.0
 10
20.6163
 20
79.2145
 30
0.0
 10
20.5528
 20
79.2212
 30
0.0
 10
20.357
 20
79.2212
 30
0.0
  0
LINE
  5
16b
100
AcDbEntity
  8
CFF-00-00
100
AcDbLine
  6
CONTINUOUS
 10
20.357
 20
79.2212
 30
0.0
 11
20.1401
 21
79.2212
 31
0.0
  0
LINE
  5
16c
100
AcDbEntity
  8
CFF-00-00
100
AcDbLine
  6
CONTINUOUS
 10
20.1401
 20
79.2212
 30
0.0
 11
20.1401
 21
81.0697
 31
0.0
  0
SPLINE
  5
16d
100
AcDbEntity
  8
CFF-00-00
100
AcDbSpline
210
0.0
220
0.0
230
1.0
  6
CONTINUOUS
 70
     0
 71
     3
 72
     8
 73
4
 40
0.0
 40
0.0
 40
0.0
 40
0.0
 40
1.0
 40
1.0
 40
1.0
 40
1.0
 10
25.2224
 20
81.5601
 30
0.0
 10
24.172
 20
81.5601
 30
0.0
 10
23.3663
 20
80.874
 30
0.0
 10
23.3663
 20
79.9779
 30
0.0
  0
SPLINE
  5
16e
100
AcDbEntity
  8
CFF-00-00
100
AcDbSpline
210
0.0
220
0.0
230
1.0
  6
CONTINUOUS
 70
     0
 71
     3
 72
     8
 73
4
 40
0.0
 40
0.0
 40
0.0
 40
0.0
 40
1.0
 40
1.0
 40
1.0
 40
1.0
 10
23.3663
 20
79.9779
 30
0.0
 10
23.3663
 20
79.0882
 30
0.0
 10
24.172
 20
78.395
 30
0.0
 10
25.2012
 20
78.395
 30
0.0
  0
SPLINE
  5
16f
100
AcDbEntity
  8
CFF-00-00
100
AcDbSpline
210
0.0
220
0.0
230
1.0
  6
CONTINUOUS
 70
     0
 71
     3
 72
     8
 73
4
 40
0.0
 40
0.0
 40
0.0
 40
0.0
 40
1.0
 40
1.0
 40
1.0
 40
1.0
 10
25.2012
 20
78.395
 30
0.0
 10
26.2305
 20
78.395
 30
0.0
 10
27.0354
 20
79.0882
 30
0.0
 10
27.0354
 20
79.9779
 30
0.0
  0
SPLINE
  5
170
100
AcDbEntity
  8
CFF-00-00
100
AcDbSpline
210
0.0
220
0.0
230
1.0
  6
CONTINUOUS
 70
     0
 71
     3
 72
     8
 73
4
 40
0.0
 40
0.0
 40
0.0
 40
0.0
 40
1.0
 40
1.0
 40
1.0
 40
1.0
 10
27.0354
 20
79.9779
 30
0.0
 10
27.0354
 20
80.8595
 30
0.0
 10
26.2305
 20
81.5601
 30
0.0
 10
25.2224
 20
81.5601
 30
0.0
  0
LINE
  5
171
100
AcDbEntity
  8
CFF-00-00
100
AcDbLine
  6
CONTINUOUS
 10
25.2224
 20
81.5601
 30
0.0
 11
25.2224
 21
81.5601
 31
0.0
  0
SPLINE
  5
172
100
AcDbEntity
  8
CFF-00-00
100
AcDbSpline
210
0.0
220
0.0
230
1.0
  6
CONTINUOUS
 70
     0
 71
     3
 72
     8
 73
4
 40
0.0
 40
0.0
 40
0.0
 40
0.0
 40
1.0
 40
1.0
 40
1.0
 40
1.0
 10
25.1873
 20
80.839
 30
0.0
 10
25.8104
 20
80.839
 30
0.0
 10
26.2794
 20
80.4679
 30
0.0
 10
26.2794
 20
79.9779
 30
0.0
  0
SPLINE
  5
173
100
AcDbEntity
  8
CFF-00-00
100
AcDbSpline
210
0.0
220
0.0
230
1.0
  6
CONTINUOUS
 70
     0
 71
     3
 72
     8
 73
4
 40
0.0
 40
0.0
 40
0.0
 40
0.0
 40
1.0
 40
1.0
 40
1.0
 40
1.0
 10
26.2794
 20
79.9779
 30
0.0
 10
26.2794
 20
79.4942
 30
0.0
 10
25.8104
 20
79.1164
 30
0.0
 10
25.2012
 20
79.1164
 30
0.0
  0
SPLINE
  5
174
100
AcDbEntity
  8
CFF-00-00
100
AcDbSpline
210
0.0
220
0.0
230
1.0
  6
CONTINUOUS
 70
     0
 71
     3
 72
     8
 73
4
 40
0.0
 40
0.0
 40
0.0
 40
0.0
 40
1.0
 40
1.0
 40
1.0
 40
1.0
 10
25.2012
 20
79.1164
 30
0.0
 10
24.592
 20
79.1164
 30
0.0
 10
24.1231
 20
79.4942
 30
0.0
 10
24.1231
 20
79.9779
 30
0.0
  0
SPLINE
  5
175
100
AcDbEntity
  8
CFF-00-00
100
AcDbSpline
210
0.0
220
0.0
230
1.0
  6
CONTINUOUS
 70
     0
 71
     3
 72
     8
 73
4
 40
0.0
 40
0.0
 40
0.0
 40
0.0
 40
1.0
 40
1.0
 40
1.0
 40
1.0
 10
24.1231
 20
79.9779
 30
0.0
 10
24.1231
 20
80.4605
 30
0.0
 10
24.592
 20
80.839
 30
0.0
 10
25.1873
 20
80.839
 30
0.0
  0
LINE
  5
176
100
AcDbEntity
  8
CFF-00-00
100
AcDbLine
  6
CONTINUOUS
 10
25.1873
 20
80.839
 30
0.0
 11
25.1873
 21
80.839
 31
0.0
  0
LINE
  5
177
100
AcDbEntity
  8
CFF-00-00
100
AcDbLine
  6
CONTINUOUS
 10
29.7789
 20
81.4758
 30
0.0
 11
28.5049
 21
81.4758
 31
0.0
  0
SPLINE
  5
178
100
AcDbEntity
  8
CFF-00-00
100
AcDbSpline
210
0.0
220
0.0
230
1.0
  6
CONTINUOUS
 70
     0
 71
     3
 72
     8
 73
4
 40
0.0
 40
0.0
 40
0.0
 40
0.0
 40
1.0
 40
1.0
 40
1.0
 40
1.0
 10
28.5049
 20
81.4758
 30
0.0
 10
28.3157
 20
81.4758
 30
0.0
 10
28.2595
 20
81.4687
 30
0.0
 10
28.1894
 20
81.4271
 30
0.0
  0
SPLINE
  5
179
100
AcDbEntity
  8
CFF-00-00
100
AcDbSpline
210
0.0
220
0.0
230
1.0
  6
CONTINUOUS
 70
     0
 71
     3
 72
     8
 73
4
 40
0.0
 40
0.0
 40
0.0
 40
0.0
 40
1.0
 40
1.0
 40
1.0
 40
1.0
 10
28.1894
 20
81.4271
 30
0.0
 10
28.0776
 20
81.3569
 30
0.0
 10
28.0075
 20
81.2451
 30
0.0
 10
28.0075
 20
81.1188
 30
0.0
  0
SPLINE
  5
17a
100
AcDbEntity
  8
CFF-00-00
100
AcDbSpline
210
0.0
220
0.0
230
1.0
  6
CONTINUOUS
 70
     0
 71
     3
 72
     8
 73
4
 40
0.0
 40
0.0
 40
0.0
 40
0.0
 40
1.0
 40
1.0
 40
1.0
 40
1.0
 10
28.0075
 20
81.1188
 30
0.0
 10
28.0075
 20
80.874
 30
0.0
 10
28.1755
 20
80.7551
 30
0.0
 10
28.5049
 20
80.7551
 30
0.0
  0
LINE
  5
17b
100
AcDbEntity
  8
CFF-00-00
100
AcDbLine
  6
CONTINUOUS
 10
28.5049
 20
80.7551
 30
0.0
 11
29.0228
 21
80.7551
 31
0.0
  0
LINE
  5
17c
100
AcDbEntity
  8
CFF-00-00
100
AcDbLine
  6
CONTINUOUS
 10
29.0228
 20
80.7551
 30
0.0
 11
29.0228
 21
79.2212
 31
0.0
  0
LINE
  5
17d
100
AcDbEntity
  8
CFF-00-00
100
AcDbLine
  6
CONTINUOUS
 10
29.0228
 20
79.2212
 30
0.0
 11
28.1966
 21
79.2212
 31
0.0
  0
SPLINE
  5
17e
100
AcDbEntity
  8
CFF-00-00
100
AcDbSpline
210
0.0
220
0.0
230
1.0
  6
CONTINUOUS
 70
     0
 71
     3
 72
     8
 73
4
 40
0.0
 40
0.0
 40
0.0
 40
0.0
 40
1.0
 40
1.0
 40
1.0
 40
1.0
 10
28.1966
 20
79.2212
 30
0.0
 10
28.0148
 20
79.2212
 30
0.0
 10
27.9585
 20
79.2145
 30
0.0
 10
27.8884
 20
79.1722
 30
0.0
  0
SPLINE
  5
17f
100
AcDbEntity
  8
CFF-00-00
100
AcDbSpline
210
0.0
220
0.0
230
1.0
  6
CONTINUOUS
 70
     0
 71
     3
 72
     8
 73
4
 40
0.0
 40
0.0
 40
0.0
 40
0.0
 40
1.0
 40
1.0
 40
1.0
 40
1.0
 10
27.8884
 20
79.1722
 30
0.0
 10
27.7766
 20
79.1019
 30
0.0
 10
27.7065
 20
78.9831
 30
0.0
 10
27.7065
 20
78.8638
 30
0.0
  0
SPLINE
  5
180
100
AcDbEntity
  8
CFF-00-00
100
AcDbSpline
210
0.0
220
0.0
230
1.0
  6
CONTINUOUS
 70
     0
 71
     3
 72
     8
 73
4
 40
0.0
 40
0.0
 40
0.0
 40
0.0
 40
1.0
 40
1.0
 40
1.0
 40
1.0
 10
27.7065
 20
78.8638
 30
0.0
 10
27.7065
 20
78.6264
 30
0.0
 10
27.8745
 20
78.5001
 30
0.0
 10
28.1966
 20
78.5001
 30
0.0
  0
LINE
  5
181
100
AcDbEntity
  8
CFF-00-00
100
AcDbLine
  6
CONTINUOUS
 10
28.1966
 20
78.5001
 30
0.0
 11
30.6057
 21
78.5001
 31
0.0
  0
SPLINE
  5
182
100
AcDbEntity
  8
CFF-00-00
100
AcDbSpline
210
0.0
220
0.0
230
1.0
  6
CONTINUOUS
 70
     0
 71
     3
 72
     8
 73
4
 40
0.0
 40
0.0
 40
0.0
 40
0.0
 40
1.0
 40
1.0
 40
1.0
 40
1.0
 10
30.6057
 20
78.5001
 30
0.0
 10
30.9278
 20
78.5001
 30
0.0
 10
31.0958
 20
78.6264
 30
0.0
 10
31.0958
 20
78.8638
 30
0.0
  0
SPLINE
  5
183
100
AcDbEntity
  8
CFF-00-00
100
AcDbSpline
210
0.0
220
0.0
230
1.0
  6
CONTINUOUS
 70
     0
 71
     3
 72
     8
 73
4
 40
0.0
 40
0.0
 40
0.0
 40
0.0
 40
1.0
 40
1.0
 40
1.0
 40
1.0
 10
31.0958
 20
78.8638
 30
0.0
 10
31.0958
 20
78.9764
 30
0.0
 10
31.0396
 20
79.0815
 30
0.0
 10
30.9417
 20
79.151
 30
0.0
  0
SPLINE
  5
184
100
AcDbEntity
  8
CFF-00-00
100
AcDbSpline
210
0.0
220
0.0
230
1.0
  6
CONTINUOUS
 70
     0
 71
     3
 72
     8
 73
4
 40
0.0
 40
0.0
 40
0.0
 40
0.0
 40
1.0
 40
1.0
 40
1.0
 40
1.0
 10
30.9417
 20
79.151
 30
0.0
 10
30.8643
 20
79.2071
 30
0.0
 10
30.7942
 20
79.2212
 30
0.0
 10
30.6057
 20
79.2212
 30
0.0
  0
LINE
  5
185
100
AcDbEntity
  8
CFF-00-00
100
AcDbLine
  6
CONTINUOUS
 10
30.6057
 20
79.2212
 30
0.0
 11
29.7789
 21
79.2212
 31
0.0
  0
LINE
  5
186
100
AcDbEntity
  8
CFF-00-00
100
AcDbLine
  6
CONTINUOUS
 10
29.7789
 20
79.2212
 30
0.0
 11
29.7789
 21
81.4758
 31
0.0
  0
LINE
  5
187
100
AcDbEntity
  8
CFF-00-00
100
AcDbLine
  6
CONTINUOUS
 10
29.681
 20
82.7155
 30
0.0
 11
28.7986
 21
82.7155
 31
0.0
  0
LINE
  5
188
100
AcDbEntity
  8
CFF-00-00
100
AcDbLine
  6
CONTINUOUS
 10
28.7986
 20
82.7155
 30
0.0
 11
28.7986
 21
81.9587
 31
0.0
  0
LINE
  5
189
100
AcDbEntity
  8
CFF-00-00
100
AcDbLine
  6
CONTINUOUS
 10
28.7986
 20
81.9587
 30
0.0
 11
29.681
 21
81.9587
 31
0.0
  0
LINE
  5
18a
100
AcDbEntity
  8
CFF-00-00
100
AcDbLine
  6
CONTINUOUS
 10
29.681
 20
81.9587
 30
0.0
 11
29.681
 21
82.7155
 31
0.0
  0
SPLINE
  5
18b
100
AcDbEntity
  8
CFF-00-00
100
AcDbSpline
210
0.0
220
0.0
230
1.0
  6
CONTINUOUS
 70
     0
 71
     3
 72
     8
 73
4
 40
0.0
 40
0.0
 40
0.0
 40
0.0
 40
1.0
 40
1.0
 40
1.0
 40
1.0
 10
35.0715
 20
81.0909
 30
0.0
 10
35.0715
 20
81.2239
 30
0.0
 10
35.0642
 20
81.2729
 30
0.0
 10
35.0431
 20
81.3357
 30
0.0
  0
SPLINE
  5
18c
100
AcDbEntity
  8
CFF-00-00
100
AcDbSpline
210
0.0
220
0.0
230
1.0
  6
CONTINUOUS
 70
     0
 71
     3
 72
     8
 73
4
 40
0.0
 40
0.0
 40
0.0
 40
0.0
 40
1.0
 40
1.0
 40
1.0
 40
1.0
 10
35.0431
 20
81.3357
 30
0.0
 10
35.0087
 20
81.4687
 30
0.0
 10
34.8684
 20
81.5601
 30
0.0
 10
34.7143
 20
81.5601
 30
0.0
  0
SPLINE
  5
18d
100
AcDbEntity
  8
CFF-00-00
100
AcDbSpline
210
0.0
220
0.0
230
1.0
  6
CONTINUOUS
 70
     0
 71
     3
 72
     8
 73
4
 40
0.0
 40
0.0
 40
0.0
 40
0.0
 40
1.0
 40
1.0
 40
1.0
 40
1.0
 10
34.7143
 20
81.5601
 30
0.0
 10
34.6025
 20
81.5601
 30
0.0
 10
34.539
 20
81.5181
 30
0.0
 10
34.4762
 20
81.3992
 30
0.0
  0
SPLINE
  5
18e
100
AcDbEntity
  8
CFF-00-00
100
AcDbSpline
210
0.0
220
0.0
230
1.0
  6
CONTINUOUS
 70
     0
 71
     3
 72
     8
 73
4
 40
0.0
 40
0.0
 40
0.0
 40
0.0
 40
1.0
 40
1.0
 40
1.0
 40
1.0
 10
34.4762
 20
81.3992
 30
0.0
 10
34.2169
 20
81.5037
 30
0.0
 10
33.9232
 20
81.5601
 30
0.0
 10
33.5872
 20
81.5601
 30
0.0
  0
SPLINE
  5
18f
100
AcDbEntity
  8
CFF-00-00
100
AcDbSpline
210
0.0
220
0.0
230
1.0
  6
CONTINUOUS
 70
     0
 71
     3
 72
     8
 73
4
 40
0.0
 40
0.0
 40
0.0
 40
0.0
 40
1.0
 40
1.0
 40
1.0
 40
1.0
 10
33.5872
 20
81.5601
 30
0.0
 10
32.7326
 20
81.5601
 30
0.0
 10
32.1168
 20
81.1678
 30
0.0
 10
32.1168
 20
80.6147
 30
0.0
  0
SPLINE
  5
190
100
AcDbEntity
  8
CFF-00-00
100
AcDbSpline
210
0.0
220
0.0
230
1.0
  6
CONTINUOUS
 70
     0
 71
     3
 72
     8
 73
4
 40
0.0
 40
0.0
 40
0.0
 40
0.0
 40
1.0
 40
1.0
 40
1.0
 40
1.0
 10
32.1168
 20
80.6147
 30
0.0
 10
32.1168
 20
80.0756
 30
0.0
 10
32.5368
 20
79.7952
 30
0.0
 10
33.531
 20
79.6907
 30
0.0
  0
SPLINE
  5
191
100
AcDbEntity
  8
CFF-00-00
100
AcDbSpline
210
0.0
220
0.0
230
1.0
  6
CONTINUOUS
 70
     0
 71
     3
 72
     8
 73
4
 40
0.0
 40
0.0
 40
0.0
 40
0.0
 40
1.0
 40
1.0
 40
1.0
 40
1.0
 10
33.531
 20
79.6907
 30
0.0
 10
33.9093
 20
79.6555
 30
0.0
 10
34.0562
 20
79.6272
 30
0.0
 10
34.168
 20
79.5856
 30
0.0
  0
SPLINE
  5
192
100
AcDbEntity
  8
CFF-00-00
100
AcDbSpline
210
0.0
220
0.0
230
1.0
  6
CONTINUOUS
 70
     0
 71
     3
 72
     8
 73
4
 40
0.0
 40
0.0
 40
0.0
 40
0.0
 40
1.0
 40
1.0
 40
1.0
 40
1.0
 10
34.168
 20
79.5856
 30
0.0
 10
34.3082
 20
79.5292
 30
0.0
 10
34.3922
 20
79.4526
 30
0.0
 10
34.3922
 20
79.375
 30
0.0
  0
SPLINE
  5
193
100
AcDbEntity
  8
CFF-00-00
100
AcDbSpline
210
0.0
220
0.0
230
1.0
  6
CONTINUOUS
 70
     0
 71
     3
 72
     8
 73
4
 40
0.0
 40
0.0
 40
0.0
 40
0.0
 40
1.0
 40
1.0
 40
1.0
 40
1.0
 10
34.3922
 20
79.375
 30
0.0
 10
34.3922
 20
79.2357
 30
0.0
 10
34.0211
 20
79.1164
 30
0.0
 10
33.6077
 20
79.1164
 30
0.0
  0
SPLINE
  5
194
100
AcDbEntity
  8
CFF-00-00
100
AcDbSpline
210
0.0
220
0.0
230
1.0
  6
CONTINUOUS
 70
     0
 71
     3
 72
     8
 73
4
 40
0.0
 40
0.0
 40
0.0
 40
0.0
 40
1.0
 40
1.0
 40
1.0
 40
1.0
 10
33.6077
 20
79.1164
 30
0.0
 10
33.2366
 20
79.1164
 30
0.0
 10
32.943
 20
79.2004
 30
0.0
 10
32.7465
 20
79.3612
 30
0.0
  0
SPLINE
  5
195
100
AcDbEntity
  8
CFF-00-00
100
AcDbSpline
210
0.0
220
0.0
230
1.0
  6
CONTINUOUS
 70
     0
 71
     3
 72
     8
 73
4
 40
0.0
 40
0.0
 40
0.0
 40
0.0
 40
1.0
 40
1.0
 40
1.0
 40
1.0
 10
32.7465
 20
79.3612
 30
0.0
 10
32.6837
 20
79.5715
 30
0.0
 10
32.5646
 20
79.6696
 30
0.0
 10
32.3688
 20
79.6696
 30
0.0
  0
SPLINE
  5
196
100
AcDbEntity
  8
CFF-00-00
100
AcDbSpline
210
0.0
220
0.0
230
1.0
  6
CONTINUOUS
 70
     0
 71
     3
 72
     8
 73
4
 40
0.0
 40
0.0
 40
0.0
 40
0.0
 40
1.0
 40
1.0
 40
1.0
 40
1.0
 10
32.3688
 20
79.6696
 30
0.0
 10
32.2358
 20
79.6696
 30
0.0
 10
32.1307
 20
79.6205
 30
0.0
 10
32.0533
 20
79.5228
 30
0.0
  0
SPLINE
  5
197
100
AcDbEntity
  8
CFF-00-00
100
AcDbSpline
210
0.0
220
0.0
230
1.0
  6
CONTINUOUS
 70
     0
 71
     3
 72
     8
 73
4
 40
0.0
 40
0.0
 40
0.0
 40
0.0
 40
1.0
 40
1.0
 40
1.0
 40
1.0
 10
32.0533
 20
79.5228
 30
0.0
 10
31.9977
 20
79.4452
 30
0.0
 10
31.9831
 20
79.3824
 30
0.0
 10
31.9831
 20
79.2004
 30
0.0
  0
LINE
  5
198
100
AcDbEntity
  8
CFF-00-00
100
AcDbLine
  6
CONTINUOUS
 10
31.9831
 20
79.2004
 30
0.0
 11
31.9831
 21
78.9764
 31
0.0
  0
SPLINE
  5
199
100
AcDbEntity
  8
CFF-00-00
100
AcDbSpline
210
0.0
220
0.0
230
1.0
  6
CONTINUOUS
 70
     0
 71
     3
 72
     8
 73
4
 40
0.0
 40
0.0
 40
0.0
 40
0.0
 40
1.0
 40
1.0
 40
1.0
 40
1.0
 10
31.9831
 20
78.9764
 30
0.0
 10
31.9831
 20
78.6543
 30
0.0
 10
32.1095
 20
78.5072
 30
0.0
 10
32.3688
 20
78.5072
 30
0.0
  0
SPLINE
  5
19a
100
AcDbEntity
  8
CFF-00-00
100
AcDbSpline
210
0.0
220
0.0
230
1.0
  6
CONTINUOUS
 70
     0
 71
     3
 72
     8
 73
4
 40
0.0
 40
0.0
 40
0.0
 40
0.0
 40
1.0
 40
1.0
 40
1.0
 40
1.0
 10
32.3688
 20
78.5072
 30
0.0
 10
32.4594
 20
78.5072
 30
0.0
 10
32.5229
 20
78.528
 30
0.0
 10
32.5996
 20
78.5841
 30
0.0
  0
SPLINE
  5
19b
100
AcDbEntity
  8
CFF-00-00
100
AcDbSpline
210
0.0
220
0.0
230
1.0
  6
CONTINUOUS
 70
     0
 71
     3
 72
     8
 73
4
 40
0.0
 40
0.0
 40
0.0
 40
0.0
 40
1.0
 40
1.0
 40
1.0
 40
1.0
 10
32.5996
 20
78.5841
 30
0.0
 10
32.8728
 20
78.4578
 30
0.0
 10
33.23
 20
78.395
 30
0.0
 10
33.6362
 20
78.395
 30
0.0
  0
SPLINE
  5
19c
100
AcDbEntity
  8
CFF-00-00
100
AcDbSpline
210
0.0
220
0.0
230
1.0
  6
CONTINUOUS
 70
     0
 71
     3
 72
     8
 73
4
 40
0.0
 40
0.0
 40
0.0
 40
0.0
 40
1.0
 40
1.0
 40
1.0
 40
1.0
 10
33.6362
 20
78.395
 30
0.0
 10
34.5529
 20
78.395
 30
0.0
 10
35.2184
 20
78.801
 30
0.0
 10
35.2184
 20
79.3612
 30
0.0
  0
SPLINE
  5
19d
100
AcDbEntity
  8
CFF-00-00
100
AcDbSpline
210
0.0
220
0.0
230
1.0
  6
CONTINUOUS
 70
     0
 71
     3
 72
     8
 73
4
 40
0.0
 40
0.0
 40
0.0
 40
0.0
 40
1.0
 40
1.0
 40
1.0
 40
1.0
 10
35.2184
 20
79.3612
 30
0.0
 10
35.2184
 20
79.6833
 30
0.0
 10
35.0292
 20
79.9779
 30
0.0
 10
34.7143
 20
80.1458
 30
0.0
  0
SPLINE
  5
19e
100
AcDbEntity
  8
CFF-00-00
100
AcDbSpline
210
0.0
220
0.0
230
1.0
  6
CONTINUOUS
 70
     0
 71
     3
 72
     8
 73
4
 40
0.0
 40
0.0
 40
0.0
 40
0.0
 40
1.0
 40
1.0
 40
1.0
 40
1.0
 10
34.7143
 20
80.1458
 30
0.0
 10
34.504
 20
80.2576
 30
0.0
 10
34.2103
 20
80.3349
 30
0.0
 10
33.6917
 20
80.3977
 30
0.0
  0
SPLINE
  5
19f
100
AcDbEntity
  8
CFF-00-00
100
AcDbSpline
210
0.0
220
0.0
230
1.0
  6
CONTINUOUS
 70
     0
 71
     3
 72
     8
 73
4
 40
0.0
 40
0.0
 40
0.0
 40
0.0
 40
1.0
 40
1.0
 40
1.0
 40
1.0
 10
33.6917
 20
80.3977
 30
0.0
 10
33.2439
 20
80.4605
 30
0.0
 10
33.2016
 20
80.4679
 30
0.0
 10
33.1109
 20
80.4958
 30
0.0
  0
SPLINE
  5
1a0
100
AcDbEntity
  8
CFF-00-00
100
AcDbSpline
210
0.0
220
0.0
230
1.0
  6
CONTINUOUS
 70
     0
 71
     3
 72
     8
 73
4
 40
0.0
 40
0.0
 40
0.0
 40
0.0
 40
1.0
 40
1.0
 40
1.0
 40
1.0
 10
33.1109
 20
80.4958
 30
0.0
 10
33.0058
 20
80.5381
 30
0.0
 10
32.943
 20
80.5868
 30
0.0
 10
32.943
 20
80.6358
 30
0.0
  0
SPLINE
  5
1a1
100
AcDbEntity
  8
CFF-00-00
100
AcDbSpline
210
0.0
220
0.0
230
1.0
  6
CONTINUOUS
 70
     0
 71
     3
 72
     8
 73
4
 40
0.0
 40
0.0
 40
0.0
 40
0.0
 40
1.0
 40
1.0
 40
1.0
 40
1.0
 10
32.943
 20
80.6358
 30
0.0
 10
32.943
 20
80.7339
 30
0.0
 10
33.279
 20
80.839
 30
0.0
 10
33.6077
 20
80.839
 30
0.0
  0
SPLINE
  5
1a2
100
AcDbEntity
  8
CFF-00-00
100
AcDbSpline
210
0.0
220
0.0
230
1.0
  6
CONTINUOUS
 70
     0
 71
     3
 72
     8
 73
4
 40
0.0
 40
0.0
 40
0.0
 40
0.0
 40
1.0
 40
1.0
 40
1.0
 40
1.0
 10
33.6077
 20
80.839
 30
0.0
 10
33.8948
 20
80.839
 30
0.0
 10
34.1263
 20
80.7755
 30
0.0
 10
34.3082
 20
80.6499
 30
0.0
  0
SPLINE
  5
1a3
100
AcDbEntity
  8
CFF-00-00
100
AcDbSpline
210
0.0
220
0.0
230
1.0
  6
CONTINUOUS
 70
     0
 71
     3
 72
     8
 73
4
 40
0.0
 40
0.0
 40
0.0
 40
0.0
 40
1.0
 40
1.0
 40
1.0
 40
1.0
 10
34.3082
 20
80.6499
 30
0.0
 10
34.4345
 20
80.433
 30
0.0
 10
34.5185
 20
80.3765
 30
0.0
 10
34.6932
 20
80.3765
 30
0.0
  0
SPLINE
  5
1a4
100
AcDbEntity
  8
CFF-00-00
100
AcDbSpline
210
0.0
220
0.0
230
1.0
  6
CONTINUOUS
 70
     0
 71
     3
 72
     8
 73
4
 40
0.0
 40
0.0
 40
0.0
 40
0.0
 40
1.0
 40
1.0
 40
1.0
 40
1.0
 10
34.6932
 20
80.3765
 30
0.0
 10
34.8122
 20
80.3765
 30
0.0
 10
34.9247
 20
80.433
 30
0.0
 10
35.0014
 20
80.5233
 30
0.0
  0
SPLINE
  5
1a5
100
AcDbEntity
  8
CFF-00-00
100
AcDbSpline
210
0.0
220
0.0
230
1.0
  6
CONTINUOUS
 70
     0
 71
     3
 72
     8
 73
4
 40
0.0
 40
0.0
 40
0.0
 40
0.0
 40
1.0
 40
1.0
 40
1.0
 40
1.0
 10
35.0014
 20
80.5233
 30
0.0
 10
35.0576
 20
80.5935
 30
0.0
 10
35.0715
 20
80.6637
 30
0.0
 10
35.0715
 20
80.8457
 30
0.0
  0
LINE
  5
1a6
100
AcDbEntity
  8
CFF-00-00
100
AcDbLine
  6
CONTINUOUS
 10
35.0715
 20
80.8457
 30
0.0
 11
35.0715
 21
81.0909
 31
0.0
  0
LINE
  5
1a7
100
AcDbEntity
  8
CFF-00-00
100
AcDbLine
  6
CONTINUOUS
 10
39.5796
 20
79.6484
 30
0.0
 11
39.5796
 21
79.9356
 31
0.0
  0
SPLINE
  5
1a8
100
AcDbEntity
  8
CFF-00-00
100
AcDbSpline
210
0.0
220
0.0
230
1.0
  6
CONTINUOUS
 70
     0
 71
     3
 72
     8
 73
4
 40
0.0
 40
0.0
 40
0.0
 40
0.0
 40
1.0
 40
1.0
 40
1.0
 40
1.0
 10
39.5796
 20
79.9356
 30
0.0
 10
39.5796
 20
80.874
 30
0.0
 10
38.8024
 20
81.5601
 30
0.0
 10
37.738
 20
81.5601
 30
0.0
  0
SPLINE
  5
1a9
100
AcDbEntity
  8
CFF-00-00
100
AcDbSpline
210
0.0
220
0.0
230
1.0
  6
CONTINUOUS
 70
     0
 71
     3
 72
     8
 73
4
 40
0.0
 40
0.0
 40
0.0
 40
0.0
 40
1.0
 40
1.0
 40
1.0
 40
1.0
 10
37.738
 20
81.5601
 30
0.0
 10
36.6945
 20
81.5601
 30
0.0
 10
35.9033
 20
80.8669
 30
0.0
 10
35.9033
 20
79.9631
 30
0.0
  0
SPLINE
  5
1aa
100
AcDbEntity
  8
CFF-00-00
100
AcDbSpline
210
0.0
220
0.0
230
1.0
  6
CONTINUOUS
 70
     0
 71
     3
 72
     8
 73
4
 40
0.0
 40
0.0
 40
0.0
 40
0.0
 40
1.0
 40
1.0
 40
1.0
 40
1.0
 10
35.9033
 20
79.9631
 30
0.0
 10
35.9033
 20
79.0466
 30
0.0
 10
36.6734
 20
78.395
 30
0.0
 10
37.78
 20
78.395
 30
0.0
  0
SPLINE
  5
1ab
100
AcDbEntity
  8
CFF-00-00
100
AcDbSpline
210
0.0
220
0.0
230
1.0
  6
CONTINUOUS
 70
     0
 71
     3
 72
     8
 73
4
 40
0.0
 40
0.0
 40
0.0
 40
0.0
 40
1.0
 40
1.0
 40
1.0
 40
1.0
 10
37.78
 20
78.395
 30
0.0
 10
38.2838
 20
78.395
 30
0.0
 10
39.0056
 20
78.5139
 30
0.0
 10
39.3203
 20
78.6543
 30
0.0
  0
SPLINE
  5
1ac
100
AcDbEntity
  8
CFF-00-00
100
AcDbSpline
210
0.0
220
0.0
230
1.0
  6
CONTINUOUS
 70
     0
 71
     3
 72
     8
 73
4
 40
0.0
 40
0.0
 40
0.0
 40
0.0
 40
1.0
 40
1.0
 40
1.0
 40
1.0
 10
39.3203
 20
78.6543
 30
0.0
 10
39.4956
 20
78.7241
 30
0.0
 10
39.5796
 20
78.8296
 30
0.0
 10
39.5796
 20
78.9764
 30
0.0
  0
SPLINE
  5
1ad
100
AcDbEntity
  8
CFF-00-00
100
AcDbSpline
210
0.0
220
0.0
230
1.0
  6
CONTINUOUS
 70
     0
 71
     3
 72
     8
 73
4
 40
0.0
 40
0.0
 40
0.0
 40
0.0
 40
1.0
 40
1.0
 40
1.0
 40
1.0
 10
39.5796
 20
78.9764
 30
0.0
 10
39.5796
 20
79.1792
 30
0.0
 10
39.4257
 20
79.3401
 30
0.0
 10
39.2225
 20
79.3401
 30
0.0
  0
SPLINE
  5
1ae
100
AcDbEntity
  8
CFF-00-00
100
AcDbSpline
210
0.0
220
0.0
230
1.0
  6
CONTINUOUS
 70
     0
 71
     3
 72
     8
 73
4
 40
0.0
 40
0.0
 40
0.0
 40
0.0
 40
1.0
 40
1.0
 40
1.0
 40
1.0
 10
39.2225
 20
79.3401
 30
0.0
 10
39.1449
 20
79.3401
 30
0.0
 10
39.0684
 20
79.3263
 30
0.0
 10
38.977
 20
79.3052
 30
0.0
  0
SPLINE
  5
1af
100
AcDbEntity
  8
CFF-00-00
100
AcDbSpline
210
0.0
220
0.0
230
1.0
  6
CONTINUOUS
 70
     0
 71
     3
 72
     8
 73
4
 40
0.0
 40
0.0
 40
0.0
 40
0.0
 40
1.0
 40
1.0
 40
1.0
 40
1.0
 10
38.977
 20
79.3052
 30
0.0
 10
38.3466
 20
79.1443
 30
0.0
 10
38.1649
 20
79.1164
 30
0.0
 10
37.8428
 20
79.1164
 30
0.0
  0
SPLINE
  5
1b0
100
AcDbEntity
  8
CFF-00-00
100
AcDbSpline
210
0.0
220
0.0
230
1.0
  6
CONTINUOUS
 70
     0
 71
     3
 72
     8
 73
4
 40
0.0
 40
0.0
 40
0.0
 40
0.0
 40
1.0
 40
1.0
 40
1.0
 40
1.0
 10
37.8428
 20
79.1164
 30
0.0
 10
37.2618
 20
79.1164
 30
0.0
 10
36.9115
 20
79.2847
 30
0.0
 10
36.7369
 20
79.6484
 30
0.0
  0
LINE
  5
1b1
100
AcDbEntity
  8
CFF-00-00
100
AcDbLine
  6
CONTINUOUS
 10
36.7369
 20
79.6484
 30
0.0
 11
39.5796
 21
79.6484
 31
0.0
  0
SPLINE
  5
1b2
100
AcDbEntity
  8
CFF-00-00
100
AcDbSpline
210
0.0
220
0.0
230
1.0
  6
CONTINUOUS
 70
     0
 71
     3
 72
     8
 73
4
 40
0.0
 40
0.0
 40
0.0
 40
0.0
 40
1.0
 40
1.0
 40
1.0
 40
1.0
 10
36.7506
 20
80.2926
 30
0.0
 10
36.8625
 20
80.6147
 30
0.0
 10
37.2685
 20
80.839
 30
0.0
 10
37.7448
 20
80.839
 30
0.0
  0
SPLINE
  5
1b3
100
AcDbEntity
  8
CFF-00-00
100
AcDbSpline
210
0.0
220
0.0
230
1.0
  6
CONTINUOUS
 70
     0
 71
     3
 72
     8
 73
4
 40
0.0
 40
0.0
 40
0.0
 40
0.0
 40
1.0
 40
1.0
 40
1.0
 40
1.0
 10
37.7448
 20
80.839
 30
0.0
 10
38.221
 20
80.839
 30
0.0
 10
38.62
 20
80.6147
 30
0.0
 10
38.7389
 20
80.2926
 30
0.0
  0
LINE
  5
1b4
100
AcDbEntity
  8
CFF-00-00
100
AcDbLine
  6
CONTINUOUS
 10
38.7389
 20
80.2926
 30
0.0
 11
36.7506
 21
80.2926
 31
0.0
  0
LINE
  5
1b5
100
AcDbEntity
  8
CFF-00-00
100
AcDbLine
  6
CONTINUOUS
 10
41.1462
 20
82.7222
 30
0.0
 11
40.3063
 21
82.7222
 31
0.0
  0
SPLINE
  5
1b6
100
AcDbEntity
  8
CFF-00-00
100
AcDbSpline
210
0.0
220
0.0
230
1.0
  6
CONTINUOUS
 70
     0
 71
     3
 72
     8
 73
4
 40
0.0
 40
0.0
 40
0.0
 40
0.0
 40
1.0
 40
1.0
 40
1.0
 40
1.0
 10
40.3063
 20
82.7222
 30
0.0
 10
40.1662
 20
82.7222
 30
0.0
 10
40.1172
 20
82.7222
 30
0.0
 10
40.047
 20
82.7017
 30
0.0
  0
SPLINE
  5
1b7
100
AcDbEntity
  8
CFF-00-00
100
AcDbSpline
210
0.0
220
0.0
230
1.0
  6
CONTINUOUS
 70
     0
 71
     3
 72
     8
 73
4
 40
0.0
 40
0.0
 40
0.0
 40
0.0
 40
1.0
 40
1.0
 40
1.0
 40
1.0
 10
40.047
 20
82.7017
 30
0.0
 10
39.914
 20
82.652
 30
0.0
 10
39.8163
 20
82.5126
 30
0.0
 10
39.8163
 20
82.3648
 30
0.0
  0
SPLINE
  5
1b8
100
AcDbEntity
  8
CFF-00-00
100
AcDbSpline
210
0.0
220
0.0
230
1.0
  6
CONTINUOUS
 70
     0
 71
     3
 72
     8
 73
4
 40
0.0
 40
0.0
 40
0.0
 40
0.0
 40
1.0
 40
1.0
 40
1.0
 40
1.0
 10
39.8163
 20
82.3648
 30
0.0
 10
39.8163
 20
82.2459
 30
0.0
 10
39.8724
 20
82.1415
 30
0.0
 10
39.9704
 20
82.0713
 30
0.0
  0
SPLINE
  5
1b9
100
AcDbEntity
  8
CFF-00-00
100
AcDbSpline
210
0.0
220
0.0
230
1.0
  6
CONTINUOUS
 70
     0
 71
     3
 72
     8
 73
4
 40
0.0
 40
0.0
 40
0.0
 40
0.0
 40
1.0
 40
1.0
 40
1.0
 40
1.0
 10
39.9704
 20
82.0713
 30
0.0
 10
40.0403
 20
82.0152
 30
0.0
 10
40.1172
 20
82.0011
 30
0.0
 10
40.3063
 20
82.0011
 30
0.0
  0
LINE
  5
1ba
100
AcDbEntity
  8
CFF-00-00
100
AcDbLine
  6
CONTINUOUS
 10
40.3063
 20
82.0011
 30
0.0
 11
40.3902
 21
82.0011
 31
0.0
  0
LINE
  5
1bb
100
AcDbEntity
  8
CFF-00-00
100
AcDbLine
  6
CONTINUOUS
 10
40.3902
 20
82.0011
 30
0.0
 11
40.3902
 21
79.2212
 31
0.0
  0
LINE
  5
1bc
100
AcDbEntity
  8
CFF-00-00
100
AcDbLine
  6
CONTINUOUS
 10
40.3902
 20
79.2212
 30
0.0
 11
40.3063
 21
79.2212
 31
0.0
  0
SPLINE
  5
1bd
100
AcDbEntity
  8
CFF-00-00
100
AcDbSpline
210
0.0
220
0.0
230
1.0
  6
CONTINUOUS
 70
     0
 71
     3
 72
     8
 73
4
 40
0.0
 40
0.0
 40
0.0
 40
0.0
 40
1.0
 40
1.0
 40
1.0
 40
1.0
 10
40.3063
 20
79.2212
 30
0.0
 10
40.1309
 20
79.2212
 30
0.0
 10
40.0607
 20
79.2145
 30
0.0
 10
39.9979
 20
79.1722
 30
0.0
  0
SPLINE
  5
1be
100
AcDbEntity
  8
CFF-00-00
100
AcDbSpline
210
0.0
220
0.0
230
1.0
  6
CONTINUOUS
 70
     0
 71
     3
 72
     8
 73
4
 40
0.0
 40
0.0
 40
0.0
 40
0.0
 40
1.0
 40
1.0
 40
1.0
 40
1.0
 10
39.9979
 20
79.1722
 30
0.0
 10
39.8861
 20
79.1094
 30
0.0
 10
39.8163
 20
78.9901
 30
0.0
 10
39.8163
 20
78.8638
 30
0.0
  0
SPLINE
  5
1bf
100
AcDbEntity
  8
CFF-00-00
100
AcDbSpline
210
0.0
220
0.0
230
1.0
  6
CONTINUOUS
 70
     0
 71
     3
 72
     8
 73
4
 40
0.0
 40
0.0
 40
0.0
 40
0.0
 40
1.0
 40
1.0
 40
1.0
 40
1.0
 10
39.8163
 20
78.8638
 30
0.0
 10
39.8163
 20
78.7453
 30
0.0
 10
39.8724
 20
78.6402
 30
0.0
 10
39.9704
 20
78.5703
 30
0.0
  0
SPLINE
  5
1c0
100
AcDbEntity
  8
CFF-00-00
100
AcDbSpline
210
0.0
220
0.0
230
1.0
  6
CONTINUOUS
 70
     0
 71
     3
 72
     8
 73
4
 40
0.0
 40
0.0
 40
0.0
 40
0.0
 40
1.0
 40
1.0
 40
1.0
 40
1.0
 10
39.9704
 20
78.5703
 30
0.0
 10
40.0403
 20
78.5213
 30
0.0
 10
40.1309
 20
78.5001
 30
0.0
 10
40.3063
 20
78.5001
 30
0.0
  0
LINE
  5
1c1
100
AcDbEntity
  8
CFF-00-00
100
AcDbLine
  6
CONTINUOUS
 10
40.3063
 20
78.5001
 30
0.0
 11
41.1462
 21
78.5001
 31
0.0
  0
LINE
  5
1c2
100
AcDbEntity
  8
CFF-00-00
100
AcDbLine
  6
CONTINUOUS
 10
41.1462
 20
78.5001
 30
0.0
 11
41.1462
 21
78.7104
 31
0.0
  0
SPLINE
  5
1c3
100
AcDbEntity
  8
CFF-00-00
100
AcDbSpline
210
0.0
220
0.0
230
1.0
  6
CONTINUOUS
 70
     0
 71
     3
 72
     8
 73
4
 40
0.0
 40
0.0
 40
0.0
 40
0.0
 40
1.0
 40
1.0
 40
1.0
 40
1.0
 10
41.1462
 20
78.7104
 30
0.0
 10
41.4895
 20
78.4927
 30
0.0
 10
41.7696
 20
78.4087
 30
0.0
 10
42.1756
 20
78.4087
 30
0.0
  0
SPLINE
  5
1c4
100
AcDbEntity
  8
CFF-00-00
100
AcDbSpline
210
0.0
220
0.0
230
1.0
  6
CONTINUOUS
 70
     0
 71
     3
 72
     8
 73
4
 40
0.0
 40
0.0
 40
0.0
 40
0.0
 40
1.0
 40
1.0
 40
1.0
 40
1.0
 10
42.1756
 20
78.4087
 30
0.0
 10
43.2054
 20
78.4087
 30
0.0
 10
43.9265
 20
79.0603
 30
0.0
 10
43.9265
 20
79.9917
 30
0.0
  0
SPLINE
  5
1c5
100
AcDbEntity
  8
CFF-00-00
100
AcDbSpline
210
0.0
220
0.0
230
1.0
  6
CONTINUOUS
 70
     0
 71
     3
 72
     8
 73
4
 40
0.0
 40
0.0
 40
0.0
 40
0.0
 40
1.0
 40
1.0
 40
1.0
 40
1.0
 10
43.9265
 20
79.9917
 30
0.0
 10
43.9265
 20
80.433
 30
0.0
 10
43.7586
 20
80.8249
 30
0.0
 10
43.4291
 20
81.1262
 30
0.0
  0
SPLINE
  5
1c6
100
AcDbEntity
  8
CFF-00-00
100
AcDbSpline
210
0.0
220
0.0
230
1.0
  6
CONTINUOUS
 70
     0
 71
     3
 72
     8
 73
4
 40
0.0
 40
0.0
 40
0.0
 40
0.0
 40
1.0
 40
1.0
 40
1.0
 40
1.0
 10
43.4291
 20
81.1262
 30
0.0
 10
43.1003
 20
81.4271
 30
0.0
 10
42.7009
 20
81.5672
 30
0.0
 10
42.1689
 20
81.5672
 30
0.0
  0
SPLINE
  5
1c7
100
AcDbEntity
  8
CFF-00-00
100
AcDbSpline
210
0.0
220
0.0
230
1.0
  6
CONTINUOUS
 70
     0
 71
     3
 72
     8
 73
4
 40
0.0
 40
0.0
 40
0.0
 40
0.0
 40
1.0
 40
1.0
 40
1.0
 40
1.0
 10
42.1689
 20
81.5672
 30
0.0
 10
41.7696
 20
81.5672
 30
0.0
 10
41.4196
 20
81.462
 30
0.0
 10
41.1462
 20
81.2588
 30
0.0
  0
LINE
  5
1c8
100
AcDbEntity
  8
CFF-00-00
100
AcDbLine
  6
CONTINUOUS
 10
41.1462
 20
81.2588
 30
0.0
 11
41.1462
 21
82.7222
 31
0.0
  0
SPLINE
  5
1c9
100
AcDbEntity
  8
CFF-00-00
100
AcDbSpline
210
0.0
220
0.0
230
1.0
  6
CONTINUOUS
 70
     0
 71
     3
 72
     8
 73
4
 40
0.0
 40
0.0
 40
0.0
 40
0.0
 40
1.0
 40
1.0
 40
1.0
 40
1.0
 10
42.1478
 20
80.8457
 30
0.0
 10
42.491
 20
80.8457
 30
0.0
 10
42.708
 20
80.7688
 30
0.0
 10
42.9038
 20
80.5868
 30
0.0
  0
SPLINE
  5
1ca
100
AcDbEntity
  8
CFF-00-00
100
AcDbSpline
210
0.0
220
0.0
230
1.0
  6
CONTINUOUS
 70
     0
 71
     3
 72
     8
 73
4
 40
0.0
 40
0.0
 40
0.0
 40
0.0
 40
1.0
 40
1.0
 40
1.0
 40
1.0
 10
42.9038
 20
80.5868
 30
0.0
 10
43.0717
 20
80.4256
 30
0.0
 10
43.1705
 20
80.2086
 30
0.0
 10
43.1705
 20
79.9917
 30
0.0
  0
SPLINE
  5
1cb
100
AcDbEntity
  8
CFF-00-00
100
AcDbSpline
210
0.0
220
0.0
230
1.0
  6
CONTINUOUS
 70
     0
 71
     3
 72
     8
 73
4
 40
0.0
 40
0.0
 40
0.0
 40
0.0
 40
1.0
 40
1.0
 40
1.0
 40
1.0
 10
43.1705
 20
79.9917
 30
0.0
 10
43.1705
 20
79.7747
 30
0.0
 10
43.0717
 20
79.5503
 30
0.0
 10
42.9038
 20
79.3891
 30
0.0
  0
SPLINE
  5
1cc
100
AcDbEntity
  8
CFF-00-00
100
AcDbSpline
210
0.0
220
0.0
230
1.0
  6
CONTINUOUS
 70
     0
 71
     3
 72
     8
 73
4
 40
0.0
 40
0.0
 40
0.0
 40
0.0
 40
1.0
 40
1.0
 40
1.0
 40
1.0
 10
42.9038
 20
79.3891
 30
0.0
 10
42.7154
 20
79.2145
 30
0.0
 10
42.484
 20
79.1305
 30
0.0
 10
42.1615
 20
79.1305
 30
0.0
  0
SPLINE
  5
1cd
100
AcDbEntity
  8
CFF-00-00
100
AcDbSpline
210
0.0
220
0.0
230
1.0
  6
CONTINUOUS
 70
     0
 71
     3
 72
     8
 73
4
 40
0.0
 40
0.0
 40
0.0
 40
0.0
 40
1.0
 40
1.0
 40
1.0
 40
1.0
 10
42.1615
 20
79.1305
 30
0.0
 10
41.8331
 20
79.1305
 30
0.0
 10
41.6013
 20
79.2145
 30
0.0
 10
41.4129
 20
79.3891
 30
0.0
  0
SPLINE
  5
1ce
100
AcDbEntity
  8
CFF-00-00
100
AcDbSpline
210
0.0
220
0.0
230
1.0
  6
CONTINUOUS
 70
     0
 71
     3
 72
     8
 73
4
 40
0.0
 40
0.0
 40
0.0
 40
0.0
 40
1.0
 40
1.0
 40
1.0
 40
1.0
 10
41.4129
 20
79.3891
 30
0.0
 10
41.245
 20
79.5503
 30
0.0
 10
41.1462
 20
79.7673
 30
0.0
 10
41.1462
 20
79.9779
 30
0.0
  0
SPLINE
  5
1cf
100
AcDbEntity
  8
CFF-00-00
100
AcDbSpline
210
0.0
220
0.0
230
1.0
  6
CONTINUOUS
 70
     0
 71
     3
 72
     8
 73
4
 40
0.0
 40
0.0
 40
0.0
 40
0.0
 40
1.0
 40
1.0
 40
1.0
 40
1.0
 10
41.1462
 20
79.9779
 30
0.0
 10
41.1462
 20
80.4884
 30
0.0
 10
41.5597
 20
80.8457
 30
0.0
 10
42.1478
 20
80.8457
 30
0.0
  0
LINE
  5
1d0
100
AcDbEntity
  8
CFF-00-00
100
AcDbLine
  6
CONTINUOUS
 10
42.1478
 20
80.8457
 30
0.0
 11
42.1478
 21
80.8457
 31
0.0
  0
LINE
  5
1d1
100
AcDbEntity
  8
CFF-00-00
100
AcDbLine
  6
CONTINUOUS
 10
46.0745
 20
81.4832
 30
0.0
 11
45.1016
 21
81.4832
 31
0.0
  0
SPLINE
  5
1d2
100
AcDbEntity
  8
CFF-00-00
100
AcDbSpline
210
0.0
220
0.0
230
1.0
  6
CONTINUOUS
 70
     0
 71
     3
 72
     8
 73
4
 40
0.0
 40
0.0
 40
0.0
 40
0.0
 40
1.0
 40
1.0
 40
1.0
 40
1.0
 10
45.1016
 20
81.4832
 30
0.0
 10
44.9753
 20
81.4832
 30
0.0
 10
44.8423
 20
81.462
 30
0.0
 10
44.7933
 20
81.4271
 30
0.0
  0
SPLINE
  5
1d3
100
AcDbEntity
  8
CFF-00-00
100
AcDbSpline
210
0.0
220
0.0
230
1.0
  6
CONTINUOUS
 70
     0
 71
     3
 72
     8
 73
4
 40
0.0
 40
0.0
 40
0.0
 40
0.0
 40
1.0
 40
1.0
 40
1.0
 40
1.0
 10
44.7933
 20
81.4271
 30
0.0
 10
44.6814
 20
81.3643
 30
0.0
 10
44.6116
 20
81.2451
 30
0.0
 10
44.6116
 20
81.1188
 30
0.0
  0
SPLINE
  5
1d4
100
AcDbEntity
  8
CFF-00-00
100
AcDbSpline
210
0.0
220
0.0
230
1.0
  6
CONTINUOUS
 70
     0
 71
     3
 72
     8
 73
4
 40
0.0
 40
0.0
 40
0.0
 40
0.0
 40
1.0
 40
1.0
 40
1.0
 40
1.0
 10
44.6116
 20
81.1188
 30
0.0
 10
44.6116
 20
80.8807
 30
0.0
 10
44.7795
 20
80.7551
 30
0.0
 10
45.1016
 20
80.7551
 30
0.0
  0
LINE
  5
1d5
100
AcDbEntity
  8
CFF-00-00
100
AcDbLine
  6
CONTINUOUS
 10
45.1016
 20
80.7551
 30
0.0
 11
45.3185
 21
80.7551
 31
0.0
  0
LINE
  5
1d6
100
AcDbEntity
  8
CFF-00-00
100
AcDbLine
  6
CONTINUOUS
 10
45.3185
 20
80.7551
 30
0.0
 11
45.3185
 21
79.2212
 31
0.0
  0
LINE
  5
1d7
100
AcDbEntity
  8
CFF-00-00
100
AcDbLine
  6
CONTINUOUS
 10
45.3185
 20
79.2212
 30
0.0
 11
44.94
 21
79.2212
 31
0.0
  0
SPLINE
  5
1d8
100
AcDbEntity
  8
CFF-00-00
100
AcDbSpline
210
0.0
220
0.0
230
1.0
  6
CONTINUOUS
 70
     0
 71
     3
 72
     8
 73
4
 40
0.0
 40
0.0
 40
0.0
 40
0.0
 40
1.0
 40
1.0
 40
1.0
 40
1.0
 10
44.94
 20
79.2212
 30
0.0
 10
44.7583
 20
79.2212
 30
0.0
 10
44.7019
 20
79.2145
 30
0.0
 10
44.6327
 20
79.1722
 30
0.0
  0
SPLINE
  5
1d9
100
AcDbEntity
  8
CFF-00-00
100
AcDbSpline
210
0.0
220
0.0
230
1.0
  6
CONTINUOUS
 70
     0
 71
     3
 72
     8
 73
4
 40
0.0
 40
0.0
 40
0.0
 40
0.0
 40
1.0
 40
1.0
 40
1.0
 40
1.0
 10
44.6327
 20
79.1722
 30
0.0
 10
44.5202
 20
79.1094
 30
0.0
 10
44.45
 20
78.9831
 30
0.0
 10
44.45
 20
78.8638
 30
0.0
  0
SPLINE
  5
1da
100
AcDbEntity
  8
CFF-00-00
100
AcDbSpline
210
0.0
220
0.0
230
1.0
  6
CONTINUOUS
 70
     0
 71
     3
 72
     8
 73
4
 40
0.0
 40
0.0
 40
0.0
 40
0.0
 40
1.0
 40
1.0
 40
1.0
 40
1.0
 10
44.45
 20
78.8638
 30
0.0
 10
44.45
 20
78.6264
 30
0.0
 10
44.6179
 20
78.5001
 30
0.0
 10
44.94
 20
78.5001
 30
0.0
  0
LINE
  5
1db
100
AcDbEntity
  8
CFF-00-00
100
AcDbLine
  6
CONTINUOUS
 10
44.94
 20
78.5001
 30
0.0
 11
47.0196
 21
78.5001
 31
0.0
  0
SPLINE
  5
1dc
100
AcDbEntity
  8
CFF-00-00
100
AcDbSpline
210
0.0
220
0.0
230
1.0
  6
CONTINUOUS
 70
     0
 71
     3
 72
     8
 73
4
 40
0.0
 40
0.0
 40
0.0
 40
0.0
 40
1.0
 40
1.0
 40
1.0
 40
1.0
 10
47.0196
 20
78.5001
 30
0.0
 10
47.3491
 20
78.5001
 30
0.0
 10
47.5171
 20
78.619
 30
0.0
 10
47.5171
 20
78.8638
 30
0.0
  0
SPLINE
  5
1dd
100
AcDbEntity
  8
CFF-00-00
100
AcDbSpline
210
0.0
220
0.0
230
1.0
  6
CONTINUOUS
 70
     0
 71
     3
 72
     8
 73
4
 40
0.0
 40
0.0
 40
0.0
 40
0.0
 40
1.0
 40
1.0
 40
1.0
 40
1.0
 10
47.5171
 20
78.8638
 30
0.0
 10
47.5171
 20
78.9764
 30
0.0
 10
47.461
 20
79.0815
 30
0.0
 10
47.3632
 20
79.151
 30
0.0
  0
SPLINE
  5
1de
100
AcDbEntity
  8
CFF-00-00
100
AcDbSpline
210
0.0
220
0.0
230
1.0
  6
CONTINUOUS
 70
     0
 71
     3
 72
     8
 73
4
 40
0.0
 40
0.0
 40
0.0
 40
0.0
 40
1.0
 40
1.0
 40
1.0
 40
1.0
 10
47.3632
 20
79.151
 30
0.0
 10
47.2863
 20
79.2071
 30
0.0
 10
47.2161
 20
79.2212
 30
0.0
 10
47.0196
 20
79.2212
 30
0.0
  0
LINE
  5
1df
100
AcDbEntity
  8
CFF-00-00
100
AcDbLine
  6
CONTINUOUS
 10
47.0196
 20
79.2212
 30
0.0
 11
46.0745
 21
79.2212
 31
0.0
  0
LINE
  5
1e0
100
AcDbEntity
  8
CFF-00-00
100
AcDbLine
  6
CONTINUOUS
 10
46.0745
 20
79.2212
 30
0.0
 11
46.0745
 21
80.1663
 31
0.0
  0
SPLINE
  5
1e1
100
AcDbEntity
  8
CFF-00-00
100
AcDbSpline
210
0.0
220
0.0
230
1.0
  6
CONTINUOUS
 70
     0
 71
     3
 72
     8
 73
4
 40
0.0
 40
0.0
 40
0.0
 40
0.0
 40
1.0
 40
1.0
 40
1.0
 40
1.0
 10
46.0745
 20
80.1663
 30
0.0
 10
46.7124
 20
80.6711
 30
0.0
 10
46.9921
 20
80.839
 30
0.0
 10
47.2024
 20
80.839
 30
0.0
  0
SPLINE
  5
1e2
100
AcDbEntity
  8
CFF-00-00
100
AcDbSpline
210
0.0
220
0.0
230
1.0
  6
CONTINUOUS
 70
     0
 71
     3
 72
     8
 73
4
 40
0.0
 40
0.0
 40
0.0
 40
0.0
 40
1.0
 40
1.0
 40
1.0
 40
1.0
 10
47.2024
 20
80.839
 30
0.0
 10
47.293
 20
80.839
 30
0.0
 10
47.3558
 20
80.8105
 30
0.0
 10
47.4543
 20
80.7265
 30
0.0
  0
SPLINE
  5
1e3
100
AcDbEntity
  8
CFF-00-00
100
AcDbSpline
210
0.0
220
0.0
230
1.0
  6
CONTINUOUS
 70
     0
 71
     3
 72
     8
 73
4
 40
0.0
 40
0.0
 40
0.0
 40
0.0
 40
1.0
 40
1.0
 40
1.0
 40
1.0
 10
47.4543
 20
80.7265
 30
0.0
 10
47.5661
 20
80.6288
 30
0.0
 10
47.643
 20
80.5935
 30
0.0
 10
47.7481
 20
80.5935
 30
0.0
  0
SPLINE
  5
1e4
100
AcDbEntity
  8
CFF-00-00
100
AcDbSpline
210
0.0
220
0.0
230
1.0
  6
CONTINUOUS
 70
     0
 71
     3
 72
     8
 73
4
 40
0.0
 40
0.0
 40
0.0
 40
0.0
 40
1.0
 40
1.0
 40
1.0
 40
1.0
 10
47.7481
 20
80.5935
 30
0.0
 10
47.951
 20
80.5935
 30
0.0
 10
48.1263
 20
80.7614
 30
0.0
 10
48.1263
 20
80.9646
 30
0.0
  0
SPLINE
  5
1e5
100
AcDbEntity
  8
CFF-00-00
100
AcDbSpline
210
0.0
220
0.0
230
1.0
  6
CONTINUOUS
 70
     0
 71
     3
 72
     8
 73
4
 40
0.0
 40
0.0
 40
0.0
 40
0.0
 40
1.0
 40
1.0
 40
1.0
 40
1.0
 10
48.1263
 20
80.9646
 30
0.0
 10
48.1263
 20
81.0909
 30
0.0
 10
48.0702
 20
81.1816
 30
0.0
 10
47.9234
 20
81.3008
 30
0.0
  0
SPLINE
  5
1e6
100
AcDbEntity
  8
CFF-00-00
100
AcDbSpline
210
0.0
220
0.0
230
1.0
  6
CONTINUOUS
 70
     0
 71
     3
 72
     8
 73
4
 40
0.0
 40
0.0
 40
0.0
 40
0.0
 40
1.0
 40
1.0
 40
1.0
 40
1.0
 10
47.9234
 20
81.3008
 30
0.0
 10
47.6991
 20
81.4758
 30
0.0
 10
47.4684
 20
81.5601
 30
0.0
 10
47.2161
 20
81.5601
 30
0.0
  0
SPLINE
  5
1e7
100
AcDbEntity
  8
CFF-00-00
100
AcDbSpline
210
0.0
220
0.0
230
1.0
  6
CONTINUOUS
 70
     0
 71
     3
 72
     8
 73
4
 40
0.0
 40
0.0
 40
0.0
 40
0.0
 40
1.0
 40
1.0
 40
1.0
 40
1.0
 10
47.2161
 20
81.5601
 30
0.0
 10
46.8658
 20
81.5601
 30
0.0
 10
46.621
 20
81.4546
 30
0.0
 10
46.0745
 20
81.0772
 30
0.0
  0
LINE
  5
1e8
100
AcDbEntity
  8
CFF-00-00
100
AcDbLine
  6
CONTINUOUS
 10
46.0745
 20
81.0772
 30
0.0
 11
46.0745
 21
81.4832
 31
0.0
  0
LINE
  5
1e9
100
AcDbEntity
  8
CFF-00-00
100
AcDbLine
  6
CONTINUOUS
 10
50.7785
 20
81.4758
 30
0.0
 11
49.5046
 21
81.4758
 31
0.0
  0
SPLINE
  5
1ea
100
AcDbEntity
  8
CFF-00-00
100
AcDbSpline
210
0.0
220
0.0
230
1.0
  6
CONTINUOUS
 70
     0
 71
     3
 72
     8
 73
4
 40
0.0
 40
0.0
 40
0.0
 40
0.0
 40
1.0
 40
1.0
 40
1.0
 40
1.0
 10
49.5046
 20
81.4758
 30
0.0
 10
49.3155
 20
81.4758
 30
0.0
 10
49.2591
 20
81.4687
 30
0.0
 10
49.1889
 20
81.4271
 30
0.0
  0
SPLINE
  5
1eb
100
AcDbEntity
  8
CFF-00-00
100
AcDbSpline
210
0.0
220
0.0
230
1.0
  6
CONTINUOUS
 70
     0
 71
     3
 72
     8
 73
4
 40
0.0
 40
0.0
 40
0.0
 40
0.0
 40
1.0
 40
1.0
 40
1.0
 40
1.0
 10
49.1889
 20
81.4271
 30
0.0
 10
49.0774
 20
81.3569
 30
0.0
 10
49.0072
 20
81.2451
 30
0.0
 10
49.0072
 20
81.1188
 30
0.0
  0
SPLINE
  5
1ec
100
AcDbEntity
  8
CFF-00-00
100
AcDbSpline
210
0.0
220
0.0
230
1.0
  6
CONTINUOUS
 70
     0
 71
     3
 72
     8
 73
4
 40
0.0
 40
0.0
 40
0.0
 40
0.0
 40
1.0
 40
1.0
 40
1.0
 40
1.0
 10
49.0072
 20
81.1188
 30
0.0
 10
49.0072
 20
80.874
 30
0.0
 10
49.1751
 20
80.7551
 30
0.0
 10
49.5046
 20
80.7551
 30
0.0
  0
LINE
  5
1ed
100
AcDbEntity
  8
CFF-00-00
100
AcDbLine
  6
CONTINUOUS
 10
49.5046
 20
80.7551
 30
0.0
 11
50.0225
 21
80.7551
 31
0.0
  0
LINE
  5
1ee
100
AcDbEntity
  8
CFF-00-00
100
AcDbLine
  6
CONTINUOUS
 10
50.0225
 20
80.7551
 30
0.0
 11
50.0225
 21
79.2212
 31
0.0
  0
LINE
  5
1ef
100
AcDbEntity
  8
CFF-00-00
100
AcDbLine
  6
CONTINUOUS
 10
50.0225
 20
79.2212
 30
0.0
 11
49.1963
 21
79.2212
 31
0.0
  0
SPLINE
  5
1f0
100
AcDbEntity
  8
CFF-00-00
100
AcDbSpline
210
0.0
220
0.0
230
1.0
  6
CONTINUOUS
 70
     0
 71
     3
 72
     8
 73
4
 40
0.0
 40
0.0
 40
0.0
 40
0.0
 40
1.0
 40
1.0
 40
1.0
 40
1.0
 10
49.1963
 20
79.2212
 30
0.0
 10
49.0142
 20
79.2212
 30
0.0
 10
48.9581
 20
79.2145
 30
0.0
 10
48.8879
 20
79.1722
 30
0.0
  0
SPLINE
  5
1f1
100
AcDbEntity
  8
CFF-00-00
100
AcDbSpline
210
0.0
220
0.0
230
1.0
  6
CONTINUOUS
 70
     0
 71
     3
 72
     8
 73
4
 40
0.0
 40
0.0
 40
0.0
 40
0.0
 40
1.0
 40
1.0
 40
1.0
 40
1.0
 10
48.8879
 20
79.1722
 30
0.0
 10
48.7761
 20
79.1019
 30
0.0
 10
48.7063
 20
78.9831
 30
0.0
 10
48.7063
 20
78.8638
 30
0.0
  0
SPLINE
  5
1f2
100
AcDbEntity
  8
CFF-00-00
100
AcDbSpline
210
0.0
220
0.0
230
1.0
  6
CONTINUOUS
 70
     0
 71
     3
 72
     8
 73
4
 40
0.0
 40
0.0
 40
0.0
 40
0.0
 40
1.0
 40
1.0
 40
1.0
 40
1.0
 10
48.7063
 20
78.8638
 30
0.0
 10
48.7063
 20
78.6264
 30
0.0
 10
48.8742
 20
78.5001
 30
0.0
 10
49.1963
 20
78.5001
 30
0.0
  0
LINE
  5
1f3
100
AcDbEntity
  8
CFF-00-00
100
AcDbLine
  6
CONTINUOUS
 10
49.1963
 20
78.5001
 30
0.0
 11
51.6054
 21
78.5001
 31
0.0
  0
SPLINE
  5
1f4
100
AcDbEntity
  8
CFF-00-00
100
AcDbSpline
210
0.0
220
0.0
230
1.0
  6
CONTINUOUS
 70
     0
 71
     3
 72
     8
 73
4
 40
0.0
 40
0.0
 40
0.0
 40
0.0
 40
1.0
 40
1.0
 40
1.0
 40
1.0
 10
51.6054
 20
78.5001
 30
0.0
 10
51.9275
 20
78.5001
 30
0.0
 10
52.0954
 20
78.6264
 30
0.0
 10
52.0954
 20
78.8638
 30
0.0
  0
SPLINE
  5
1f5
100
AcDbEntity
  8
CFF-00-00
100
AcDbSpline
210
0.0
220
0.0
230
1.0
  6
CONTINUOUS
 70
     0
 71
     3
 72
     8
 73
4
 40
0.0
 40
0.0
 40
0.0
 40
0.0
 40
1.0
 40
1.0
 40
1.0
 40
1.0
 10
52.0954
 20
78.8638
 30
0.0
 10
52.0954
 20
78.9764
 30
0.0
 10
52.0393
 20
79.0815
 30
0.0
 10
51.9412
 20
79.151
 30
0.0
  0
SPLINE
  5
1f6
100
AcDbEntity
  8
CFF-00-00
100
AcDbSpline
210
0.0
220
0.0
230
1.0
  6
CONTINUOUS
 70
     0
 71
     3
 72
     8
 73
4
 40
0.0
 40
0.0
 40
0.0
 40
0.0
 40
1.0
 40
1.0
 40
1.0
 40
1.0
 10
51.9412
 20
79.151
 30
0.0
 10
51.864
 20
79.2071
 30
0.0
 10
51.7938
 20
79.2212
 30
0.0
 10
51.6054
 20
79.2212
 30
0.0
  0
LINE
  5
1f7
100
AcDbEntity
  8
CFF-00-00
100
AcDbLine
  6
CONTINUOUS
 10
51.6054
 20
79.2212
 30
0.0
 11
50.7785
 21
79.2212
 31
0.0
  0
LINE
  5
1f8
100
AcDbEntity
  8
CFF-00-00
100
AcDbLine
  6
CONTINUOUS
 10
50.7785
 20
79.2212
 30
0.0
 11
50.7785
 21
81.4758
 31
0.0
  0
LINE
  5
1f9
100
AcDbEntity
  8
CFF-00-00
100
AcDbLine
  6
CONTINUOUS
 10
50.6808
 20
82.7155
 30
0.0
 11
49.7981
 21
82.7155
 31
0.0
  0
LINE
  5
1fa
100
AcDbEntity
  8
CFF-00-00
100
AcDbLine
  6
CONTINUOUS
 10
49.7981
 20
82.7155
 30
0.0
 11
49.7981
 21
81.9587
 31
0.0
  0
LINE
  5
1fb
100
AcDbEntity
  8
CFF-00-00
100
AcDbLine
  6
CONTINUOUS
 10
49.7981
 20
81.9587
 30
0.0
 11
50.6808
 21
81.9587
 31
0.0
  0
LINE
  5
1fc
100
AcDbEntity
  8
CFF-00-00
100
AcDbLine
  6
CONTINUOUS
 10
50.6808
 20
81.9587
 30
0.0
 11
50.6808
 21
82.7155
 31
0.0
  0
LINE
  5
1fd
100
AcDbEntity
  8
CFF-00-00
100
AcDbLine
  6
CONTINUOUS
 10
56.2458
 20
82.7222
 30
0.0
 11
55.4059
 21
82.7222
 31
0.0
  0
SPLINE
  5
1fe
100
AcDbEntity
  8
CFF-00-00
100
AcDbSpline
210
0.0
220
0.0
230
1.0
  6
CONTINUOUS
 70
     0
 71
     3
 72
     8
 73
4
 40
0.0
 40
0.0
 40
0.0
 40
0.0
 40
1.0
 40
1.0
 40
1.0
 40
1.0
 10
55.4059
 20
82.7222
 30
0.0
 10
55.2238
 20
82.7222
 30
0.0
 10
55.1677
 20
82.7155
 30
0.0
 10
55.0975
 20
82.6731
 30
0.0
  0
SPLINE
  5
1ff
100
AcDbEntity
  8
CFF-00-00
100
AcDbSpline
210
0.0
220
0.0
230
1.0
  6
CONTINUOUS
 70
     0
 71
     3
 72
     8
 73
4
 40
0.0
 40
0.0
 40
0.0
 40
0.0
 40
1.0
 40
1.0
 40
1.0
 40
1.0
 10
55.0975
 20
82.6731
 30
0.0
 10
54.9857
 20
82.6029
 30
0.0
 10
54.9155
 20
82.4914
 30
0.0
 10
54.9155
 20
82.3648
 30
0.0
  0
SPLINE
  5
200
100
AcDbEntity
  8
CFF-00-00
100
AcDbSpline
210
0.0
220
0.0
230
1.0
  6
CONTINUOUS
 70
     0
 71
     3
 72
     8
 73
4
 40
0.0
 40
0.0
 40
0.0
 40
0.0
 40
1.0
 40
1.0
 40
1.0
 40
1.0
 10
54.9155
 20
82.3648
 30
0.0
 10
54.9155
 20
82.2459
 30
0.0
 10
54.972
 20
82.1415
 30
0.0
 10
55.0697
 20
82.0713
 30
0.0
  0
SPLINE
  5
201
100
AcDbEntity
  8
CFF-00-00
100
AcDbSpline
210
0.0
220
0.0
230
1.0
  6
CONTINUOUS
 70
     0
 71
     3
 72
     8
 73
4
 40
0.0
 40
0.0
 40
0.0
 40
0.0
 40
1.0
 40
1.0
 40
1.0
 40
1.0
 10
55.0697
 20
82.0713
 30
0.0
 10
55.1466
 20
82.0222
 30
0.0
 10
55.2164
 20
82.0011
 30
0.0
 10
55.4059
 20
82.0011
 30
0.0
  0
LINE
  5
202
100
AcDbEntity
  8
CFF-00-00
100
AcDbLine
  6
CONTINUOUS
 10
55.4059
 20
82.0011
 30
0.0
 11
55.4898
 21
82.0011
 31
0.0
  0
LINE
  5
203
100
AcDbEntity
  8
CFF-00-00
100
AcDbLine
  6
CONTINUOUS
 10
55.4898
 20
82.0011
 30
0.0
 11
55.4898
 21
81.2588
 31
0.0
  0
SPLINE
  5
204
100
AcDbEntity
  8
CFF-00-00
100
AcDbSpline
210
0.0
220
0.0
230
1.0
  6
CONTINUOUS
 70
     0
 71
     3
 72
     8
 73
4
 40
0.0
 40
0.0
 40
0.0
 40
0.0
 40
1.0
 40
1.0
 40
1.0
 40
1.0
 10
55.4898
 20
81.2588
 30
0.0
 10
55.2164
 20
81.462
 30
0.0
 10
54.8668
 20
81.5672
 30
0.0
 10
54.4678
 20
81.5672
 30
0.0
  0
SPLINE
  5
205
100
AcDbEntity
  8
CFF-00-00
100
AcDbSpline
210
0.0
220
0.0
230
1.0
  6
CONTINUOUS
 70
     0
 71
     3
 72
     8
 73
4
 40
0.0
 40
0.0
 40
0.0
 40
0.0
 40
1.0
 40
1.0
 40
1.0
 40
1.0
 10
54.4678
 20
81.5672
 30
0.0
 10
53.9288
 20
81.5672
 30
0.0
 10
53.5291
 20
81.4271
 30
0.0
 10
53.2003
 20
81.1262
 30
0.0
  0
SPLINE
  5
206
100
AcDbEntity
  8
CFF-00-00
100
AcDbSpline
210
0.0
220
0.0
230
1.0
  6
CONTINUOUS
 70
     0
 71
     3
 72
     8
 73
4
 40
0.0
 40
0.0
 40
0.0
 40
0.0
 40
1.0
 40
1.0
 40
1.0
 40
1.0
 10
53.2003
 20
81.1262
 30
0.0
 10
52.8712
 20
80.8249
 30
0.0
 10
52.7029
 20
80.433
 30
0.0
 10
52.7029
 20
79.9917
 30
0.0
  0
SPLINE
  5
207
100
AcDbEntity
  8
CFF-00-00
100
AcDbSpline
210
0.0
220
0.0
230
1.0
  6
CONTINUOUS
 70
     0
 71
     3
 72
     8
 73
4
 40
0.0
 40
0.0
 40
0.0
 40
0.0
 40
1.0
 40
1.0
 40
1.0
 40
1.0
 10
52.7029
 20
79.9917
 30
0.0
 10
52.7029
 20
79.5433
 30
0.0
 10
52.8712
 20
79.151
 30
0.0
 10
53.2003
 20
78.8501
 30
0.0
  0
SPLINE
  5
208
100
AcDbEntity
  8
CFF-00-00
100
AcDbSpline
210
0.0
220
0.0
230
1.0
  6
CONTINUOUS
 70
     0
 71
     3
 72
     8
 73
4
 40
0.0
 40
0.0
 40
0.0
 40
0.0
 40
1.0
 40
1.0
 40
1.0
 40
1.0
 10
53.2003
 20
78.8501
 30
0.0
 10
53.5291
 20
78.5491
 30
0.0
 10
53.9288
 20
78.4087
 30
0.0
 10
54.4604
 20
78.4087
 30
0.0
  0
SPLINE
  5
209
100
AcDbEntity
  8
CFF-00-00
100
AcDbSpline
210
0.0
220
0.0
230
1.0
  6
CONTINUOUS
 70
     0
 71
     3
 72
     8
 73
4
 40
0.0
 40
0.0
 40
0.0
 40
0.0
 40
1.0
 40
1.0
 40
1.0
 40
1.0
 10
54.4604
 20
78.4087
 30
0.0
 10
54.8668
 20
78.4087
 30
0.0
 10
55.1466
 20
78.4927
 30
0.0
 10
55.4898
 20
78.7104
 30
0.0
  0
LINE
  5
20a
100
AcDbEntity
  8
CFF-00-00
100
AcDbLine
  6
CONTINUOUS
 10
55.4898
 20
78.7104
 30
0.0
 11
55.4898
 21
78.5001
 31
0.0
  0
LINE
  5
20b
100
AcDbEntity
  8
CFF-00-00
100
AcDbLine
  6
CONTINUOUS
 10
55.4898
 20
78.5001
 30
0.0
 11
56.3305
 21
78.5001
 31
0.0
  0
SPLINE
  5
20c
100
AcDbEntity
  8
CFF-00-00
100
AcDbSpline
210
0.0
220
0.0
230
1.0
  6
CONTINUOUS
 70
     0
 71
     3
 72
     8
 73
4
 40
0.0
 40
0.0
 40
0.0
 40
0.0
 40
1.0
 40
1.0
 40
1.0
 40
1.0
 10
56.3305
 20
78.5001
 30
0.0
 10
56.4984
 20
78.5001
 30
0.0
 10
56.5753
 20
78.5139
 30
0.0
 10
56.6381
 20
78.5491
 30
0.0
  0
SPLINE
  5
20d
100
AcDbEntity
  8
CFF-00-00
100
AcDbSpline
210
0.0
220
0.0
230
1.0
  6
CONTINUOUS
 70
     0
 71
     3
 72
     8
 73
4
 40
0.0
 40
0.0
 40
0.0
 40
0.0
 40
1.0
 40
1.0
 40
1.0
 40
1.0
 10
56.6381
 20
78.5491
 30
0.0
 10
56.7503
 20
78.619
 30
0.0
 10
56.8205
 20
78.7382
 30
0.0
 10
56.8205
 20
78.8638
 30
0.0
  0
SPLINE
  5
20e
100
AcDbEntity
  8
CFF-00-00
100
AcDbSpline
210
0.0
220
0.0
230
1.0
  6
CONTINUOUS
 70
     0
 71
     3
 72
     8
 73
4
 40
0.0
 40
0.0
 40
0.0
 40
0.0
 40
1.0
 40
1.0
 40
1.0
 40
1.0
 10
56.8205
 20
78.8638
 30
0.0
 10
56.8205
 20
78.9764
 30
0.0
 10
56.7644
 20
79.0882
 30
0.0
 10
56.6663
 20
79.158
 30
0.0
  0
SPLINE
  5
20f
100
AcDbEntity
  8
CFF-00-00
100
AcDbSpline
210
0.0
220
0.0
230
1.0
  6
CONTINUOUS
 70
     0
 71
     3
 72
     8
 73
4
 40
0.0
 40
0.0
 40
0.0
 40
0.0
 40
1.0
 40
1.0
 40
1.0
 40
1.0
 10
56.6663
 20
79.158
 30
0.0
 10
56.5891
 20
79.2071
 30
0.0
 10
56.5263
 20
79.2212
 30
0.0
 10
56.3305
 20
79.2212
 30
0.0
  0
LINE
  5
210
100
AcDbEntity
  8
CFF-00-00
100
AcDbLine
  6
CONTINUOUS
 10
56.3305
 20
79.2212
 30
0.0
 11
56.2458
 21
79.2212
 31
0.0
  0
LINE
  5
211
100
AcDbEntity
  8
CFF-00-00
100
AcDbLine
  6
CONTINUOUS
 10
56.2458
 20
79.2212
 30
0.0
 11
56.2458
 21
82.7222
 31
0.0
  0
SPLINE
  5
212
100
AcDbEntity
  8
CFF-00-00
100
AcDbSpline
210
0.0
220
0.0
230
1.0
  6
CONTINUOUS
 70
     0
 71
     3
 72
     8
 73
4
 40
0.0
 40
0.0
 40
0.0
 40
0.0
 40
1.0
 40
1.0
 40
1.0
 40
1.0
 10
54.4745
 20
80.8457
 30
0.0
 10
54.8104
 20
80.8457
 30
0.0
 10
55.028
 20
80.7688
 30
0.0
 10
55.2238
 20
80.5868
 30
0.0
  0
SPLINE
  5
213
100
AcDbEntity
  8
CFF-00-00
100
AcDbSpline
210
0.0
220
0.0
230
1.0
  6
CONTINUOUS
 70
     0
 71
     3
 72
     8
 73
4
 40
0.0
 40
0.0
 40
0.0
 40
0.0
 40
1.0
 40
1.0
 40
1.0
 40
1.0
 10
55.2238
 20
80.5868
 30
0.0
 10
55.3918
 20
80.433
 30
0.0
 10
55.4898
 20
80.2086
 30
0.0
 10
55.4898
 20
79.9984
 30
0.0
  0
SPLINE
  5
214
100
AcDbEntity
  8
CFF-00-00
100
AcDbSpline
210
0.0
220
0.0
230
1.0
  6
CONTINUOUS
 70
     0
 71
     3
 72
     8
 73
4
 40
0.0
 40
0.0
 40
0.0
 40
0.0
 40
1.0
 40
1.0
 40
1.0
 40
1.0
 10
55.4898
 20
79.9984
 30
0.0
 10
55.4898
 20
79.4805
 30
0.0
 10
55.0771
 20
79.1305
 30
0.0
 10
54.4678
 20
79.1305
 30
0.0
  0
SPLINE
  5
215
100
AcDbEntity
  8
CFF-00-00
100
AcDbSpline
210
0.0
220
0.0
230
1.0
  6
CONTINUOUS
 70
     0
 71
     3
 72
     8
 73
4
 40
0.0
 40
0.0
 40
0.0
 40
0.0
 40
1.0
 40
1.0
 40
1.0
 40
1.0
 10
54.4678
 20
79.1305
 30
0.0
 10
54.1457
 20
79.1305
 30
0.0
 10
53.914
 20
79.2145
 30
0.0
 10
53.7256
 20
79.3891
 30
0.0
  0
SPLINE
  5
216
100
AcDbEntity
  8
CFF-00-00
100
AcDbSpline
210
0.0
220
0.0
230
1.0
  6
CONTINUOUS
 70
     0
 71
     3
 72
     8
 73
4
 40
0.0
 40
0.0
 40
0.0
 40
0.0
 40
1.0
 40
1.0
 40
1.0
 40
1.0
 10
53.7256
 20
79.3891
 30
0.0
 10
53.557
 20
79.5503
 30
0.0
 10
53.4592
 20
79.7673
 30
0.0
 10
53.4592
 20
79.9917
 30
0.0
  0
SPLINE
  5
217
100
AcDbEntity
  8
CFF-00-00
100
AcDbSpline
210
0.0
220
0.0
230
1.0
  6
CONTINUOUS
 70
     0
 71
     3
 72
     8
 73
4
 40
0.0
 40
0.0
 40
0.0
 40
0.0
 40
1.0
 40
1.0
 40
1.0
 40
1.0
 10
53.4592
 20
79.9917
 30
0.0
 10
53.4592
 20
80.2086
 30
0.0
 10
53.557
 20
80.4256
 30
0.0
 10
53.7256
 20
80.5868
 30
0.0
  0
SPLINE
  5
218
100
AcDbEntity
  8
CFF-00-00
100
AcDbSpline
210
0.0
220
0.0
230
1.0
  6
CONTINUOUS
 70
     0
 71
     3
 72
     8
 73
4
 40
0.0
 40
0.0
 40
0.0
 40
0.0
 40
1.0
 40
1.0
 40
1.0
 40
1.0
 10
53.7256
 20
80.5868
 30
0.0
 10
53.914
 20
80.7688
 30
0.0
 10
54.1383
 20
80.8457
 30
0.0
 10
54.4745
 20
80.8457
 30
0.0
  0
LINE
  5
219
100
AcDbEntity
  8
CFF-00-00
100
AcDbLine
  6
CONTINUOUS
 10
54.4745
 20
80.8457
 30
0.0
 11
54.4745
 21
80.8457
 31
0.0
  0
SPLINE
  5
21a
100
AcDbEntity
  8
CFF-00-00
100
AcDbSpline
210
0.0
220
0.0
230
1.0
  6
CONTINUOUS
 70
     0
 71
     3
 72
     8
 73
4
 40
0.0
 40
0.0
 40
0.0
 40
0.0
 40
1.0
 40
1.0
 40
1.0
 40
1.0
 10
59.5429
 20
81.2655
 30
0.0
 10
59.2836
 20
81.462
 30
0.0
 10
58.9411
 20
81.5672
 30
0.0
 10
58.5837
 20
81.5672
 30
0.0
  0
SPLINE
  5
21b
100
AcDbEntity
  8
CFF-00-00
100
AcDbSpline
210
0.0
220
0.0
230
1.0
  6
CONTINUOUS
 70
     0
 71
     3
 72
     8
 73
4
 40
0.0
 40
0.0
 40
0.0
 40
0.0
 40
1.0
 40
1.0
 40
1.0
 40
1.0
 10
58.5837
 20
81.5672
 30
0.0
 10
57.6238
 20
81.5672
 30
0.0
 10
56.9031
 20
80.8881
 30
0.0
 10
56.9031
 20
79.9842
 30
0.0
  0
SPLINE
  5
21c
100
AcDbEntity
  8
CFF-00-00
100
AcDbSpline
210
0.0
220
0.0
230
1.0
  6
CONTINUOUS
 70
     0
 71
     3
 72
     8
 73
4
 40
0.0
 40
0.0
 40
0.0
 40
0.0
 40
1.0
 40
1.0
 40
1.0
 40
1.0
 10
56.9031
 20
79.9842
 30
0.0
 10
56.9031
 20
79.0882
 30
0.0
 10
57.6312
 20
78.402
 30
0.0
 10
58.5837
 20
78.402
 30
0.0
  0
SPLINE
  5
21d
100
AcDbEntity
  8
CFF-00-00
100
AcDbSpline
210
0.0
220
0.0
230
1.0
  6
CONTINUOUS
 70
     0
 71
     3
 72
     8
 73
4
 40
0.0
 40
0.0
 40
0.0
 40
0.0
 40
1.0
 40
1.0
 40
1.0
 40
1.0
 10
58.5837
 20
78.402
 30
0.0
 10
58.9336
 20
78.402
 30
0.0
 10
59.2483
 20
78.5001
 30
0.0
 10
59.5429
 20
78.7104
 30
0.0
  0
LINE
  5
21e
100
AcDbEntity
  8
CFF-00-00
100
AcDbLine
  6
CONTINUOUS
 10
59.5429
 20
78.7104
 30
0.0
 11
59.5429
 21
78.395
 31
0.0
  0
SPLINE
  5
21f
100
AcDbEntity
  8
CFF-00-00
100
AcDbSpline
210
0.0
220
0.0
230
1.0
  6
CONTINUOUS
 70
     0
 71
     3
 72
     8
 73
4
 40
0.0
 40
0.0
 40
0.0
 40
0.0
 40
1.0
 40
1.0
 40
1.0
 40
1.0
 10
59.5429
 20
78.395
 30
0.0
 10
59.5429
 20
78.0662
 30
0.0
 10
59.2907
 20
77.8492
 30
0.0
 10
58.9125
 20
77.8492
 30
0.0
  0
LINE
  5
220
100
AcDbEntity
  8
CFF-00-00
100
AcDbLine
  6
CONTINUOUS
 10
58.9125
 20
77.8492
 30
0.0
 11
58.1491
 21
77.8492
 31
0.0
  0
SPLINE
  5
221
100
AcDbEntity
  8
CFF-00-00
100
AcDbSpline
210
0.0
220
0.0
230
1.0
  6
CONTINUOUS
 70
     0
 71
     3
 72
     8
 73
4
 40
0.0
 40
0.0
 40
0.0
 40
0.0
 40
1.0
 40
1.0
 40
1.0
 40
1.0
 10
58.1491
 20
77.8492
 30
0.0
 10
57.9674
 20
77.8492
 30
0.0
 10
57.9109
 20
77.8418
 30
0.0
 10
57.8414
 20
77.7995
 30
0.0
  0
SPLINE
  5
222
100
AcDbEntity
  8
CFF-00-00
100
AcDbSpline
210
0.0
220
0.0
230
1.0
  6
CONTINUOUS
 70
     0
 71
     3
 72
     8
 73
4
 40
0.0
 40
0.0
 40
0.0
 40
0.0
 40
1.0
 40
1.0
 40
1.0
 40
1.0
 10
57.8414
 20
77.7995
 30
0.0
 10
57.7293
 20
77.7367
 30
0.0
 10
57.6591
 20
77.6111
 30
0.0
 10
57.6591
 20
77.4848
 30
0.0
  0
SPLINE
  5
223
100
AcDbEntity
  8
CFF-00-00
100
AcDbSpline
210
0.0
220
0.0
230
1.0
  6
CONTINUOUS
 70
     0
 71
     3
 72
     8
 73
4
 40
0.0
 40
0.0
 40
0.0
 40
0.0
 40
1.0
 40
1.0
 40
1.0
 40
1.0
 10
57.6591
 20
77.4848
 30
0.0
 10
57.6591
 20
77.373
 30
0.0
 10
57.7152
 20
77.2679
 30
0.0
 10
57.8132
 20
77.1977
 30
0.0
  0
SPLINE
  5
224
100
AcDbEntity
  8
CFF-00-00
100
AcDbSpline
210
0.0
220
0.0
230
1.0
  6
CONTINUOUS
 70
     0
 71
     3
 72
     8
 73
4
 40
0.0
 40
0.0
 40
0.0
 40
0.0
 40
1.0
 40
1.0
 40
1.0
 40
1.0
 10
57.8132
 20
77.1977
 30
0.0
 10
57.8831
 20
77.1416
 30
0.0
 10
57.9744
 20
77.1275
 30
0.0
 10
58.1491
 20
77.1275
 30
0.0
  0
LINE
  5
225
100
AcDbEntity
  8
CFF-00-00
100
AcDbLine
  6
CONTINUOUS
 10
58.1491
 20
77.1275
 30
0.0
 11
58.9336
 21
77.1275
 31
0.0
  0
SPLINE
  5
226
100
AcDbEntity
  8
CFF-00-00
100
AcDbSpline
210
0.0
220
0.0
230
1.0
  6
CONTINUOUS
 70
     0
 71
     3
 72
     8
 73
4
 40
0.0
 40
0.0
 40
0.0
 40
0.0
 40
1.0
 40
1.0
 40
1.0
 40
1.0
 10
58.9336
 20
77.1275
 30
0.0
 10
59.7182
 20
77.1275
 30
0.0
 10
60.3063
 20
77.6806
 30
0.0
 10
60.2989
 20
78.395
 30
0.0
  0
LINE
  5
227
100
AcDbEntity
  8
CFF-00-00
100
AcDbLine
  6
CONTINUOUS
 10
60.2989
 20
78.395
 30
0.0
 11
60.2989
 21
80.7551
 31
0.0
  0
LINE
  5
228
100
AcDbEntity
  8
CFF-00-00
100
AcDbLine
  6
CONTINUOUS
 10
60.2989
 20
80.7551
 30
0.0
 11
60.3829
 21
80.7551
 31
0.0
  0
SPLINE
  5
229
100
AcDbEntity
  8
CFF-00-00
100
AcDbSpline
210
0.0
220
0.0
230
1.0
  6
CONTINUOUS
 70
     0
 71
     3
 72
     8
 73
4
 40
0.0
 40
0.0
 40
0.0
 40
0.0
 40
1.0
 40
1.0
 40
1.0
 40
1.0
 10
60.3829
 20
80.7551
 30
0.0
 10
60.5508
 20
80.7551
 30
0.0
 10
60.6284
 20
80.7688
 30
0.0
 10
60.6912
 20
80.8038
 30
0.0
  0
SPLINE
  5
22a
100
AcDbEntity
  8
CFF-00-00
100
AcDbSpline
210
0.0
220
0.0
230
1.0
  6
CONTINUOUS
 70
     0
 71
     3
 72
     8
 73
4
 40
0.0
 40
0.0
 40
0.0
 40
0.0
 40
1.0
 40
1.0
 40
1.0
 40
1.0
 10
60.6912
 20
80.8038
 30
0.0
 10
60.803
 20
80.874
 30
0.0
 10
60.8729
 20
80.9932
 30
0.0
 10
60.8729
 20
81.1188
 30
0.0
  0
SPLINE
  5
22b
100
AcDbEntity
  8
CFF-00-00
100
AcDbSpline
210
0.0
220
0.0
230
1.0
  6
CONTINUOUS
 70
     0
 71
     3
 72
     8
 73
4
 40
0.0
 40
0.0
 40
0.0
 40
0.0
 40
1.0
 40
1.0
 40
1.0
 40
1.0
 10
60.8729
 20
81.1188
 30
0.0
 10
60.8729
 20
81.2313
 30
0.0
 10
60.8175
 20
81.3431
 30
0.0
 10
60.7191
 20
81.413
 30
0.0
  0
SPLINE
  5
22c
100
AcDbEntity
  8
CFF-00-00
100
AcDbSpline
210
0.0
220
0.0
230
1.0
  6
CONTINUOUS
 70
     0
 71
     3
 72
     8
 73
4
 40
0.0
 40
0.0
 40
0.0
 40
0.0
 40
1.0
 40
1.0
 40
1.0
 40
1.0
 10
60.7191
 20
81.413
 30
0.0
 10
60.6421
 20
81.462
 30
0.0
 10
60.5794
 20
81.4758
 30
0.0
 10
60.3829
 20
81.4758
 30
0.0
  0
LINE
  5
22d
100
AcDbEntity
  8
CFF-00-00
100
AcDbLine
  6
CONTINUOUS
 10
60.3829
 20
81.4758
 30
0.0
 11
59.5429
 21
81.4758
 31
0.0
  0
LINE
  5
22e
100
AcDbEntity
  8
CFF-00-00
100
AcDbLine
  6
CONTINUOUS
 10
59.5429
 20
81.4758
 30
0.0
 11
59.5429
 21
81.2655
 31
0.0
  0
SPLINE
  5
22f
100
AcDbEntity
  8
CFF-00-00
100
AcDbSpline
210
0.0
220
0.0
230
1.0
  6
CONTINUOUS
 70
     0
 71
     3
 72
     8
 73
4
 40
0.0
 40
0.0
 40
0.0
 40
0.0
 40
1.0
 40
1.0
 40
1.0
 40
1.0
 10
58.5974
 20
80.8457
 30
0.0
 10
59.1227
 20
80.8457
 30
0.0
 10
59.5429
 20
80.4679
 30
0.0
 10
59.5429
 20
79.9984
 30
0.0
  0
SPLINE
  5
230
100
AcDbEntity
  8
CFF-00-00
100
AcDbSpline
210
0.0
220
0.0
230
1.0
  6
CONTINUOUS
 70
     0
 71
     3
 72
     8
 73
4
 40
0.0
 40
0.0
 40
0.0
 40
0.0
 40
1.0
 40
1.0
 40
1.0
 40
1.0
 10
59.5429
 20
79.9984
 30
0.0
 10
59.5429
 20
79.508
 30
0.0
 10
59.1294
 20
79.1305
 30
0.0
 10
58.5974
 20
79.1305
 30
0.0
  0
SPLINE
  5
231
100
AcDbEntity
  8
CFF-00-00
100
AcDbSpline
210
0.0
220
0.0
230
1.0
  6
CONTINUOUS
 70
     0
 71
     3
 72
     8
 73
4
 40
0.0
 40
0.0
 40
0.0
 40
0.0
 40
1.0
 40
1.0
 40
1.0
 40
1.0
 10
58.5974
 20
79.1305
 30
0.0
 10
58.0789
 20
79.1305
 30
0.0
 10
57.6591
 20
79.5154
 30
0.0
 10
57.6591
 20
79.9917
 30
0.0
  0
SPLINE
  5
232
100
AcDbEntity
  8
CFF-00-00
100
AcDbSpline
210
0.0
220
0.0
230
1.0
  6
CONTINUOUS
 70
     0
 71
     3
 72
     8
 73
4
 40
0.0
 40
0.0
 40
0.0
 40
0.0
 40
1.0
 40
1.0
 40
1.0
 40
1.0
 10
57.6591
 20
79.9917
 30
0.0
 10
57.6591
 20
80.4679
 30
0.0
 10
58.0789
 20
80.8457
 30
0.0
 10
58.5974
 20
80.8457
 30
0.0
  0
LINE
  5
233
100
AcDbEntity
  8
CFF-00-00
100
AcDbLine
  6
CONTINUOUS
 10
58.5974
 20
80.8457
 30
0.0
 11
58.5974
 21
80.8457
 31
0.0
  0
LINE
  5
234
100
AcDbEntity
  8
CFF-00-00
100
AcDbLine
  6
CONTINUOUS
 10
64.7792
 20
79.6484
 30
0.0
 11
64.7792
 21
79.9356
 31
0.0
  0
SPLINE
  5
235
100
AcDbEntity
  8
CFF-00-00
100
AcDbSpline
210
0.0
220
0.0
230
1.0
  6
CONTINUOUS
 70
     0
 71
     3
 72
     8
 73
4
 40
0.0
 40
0.0
 40
0.0
 40
0.0
 40
1.0
 40
1.0
 40
1.0
 40
1.0
 10
64.7792
 20
79.9356
 30
0.0
 10
64.7792
 20
80.874
 30
0.0
 10
64.002
 20
81.5601
 30
0.0
 10
62.9377
 20
81.5601
 30
0.0
  0
SPLINE
  5
236
100
AcDbEntity
  8
CFF-00-00
100
AcDbSpline
210
0.0
220
0.0
230
1.0
  6
CONTINUOUS
 70
     0
 71
     3
 72
     8
 73
4
 40
0.0
 40
0.0
 40
0.0
 40
0.0
 40
1.0
 40
1.0
 40
1.0
 40
1.0
 10
62.9377
 20
81.5601
 30
0.0
 10
61.8942
 20
81.5601
 30
0.0
 10
61.1029
 20
80.8669
 30
0.0
 10
61.1029
 20
79.9631
 30
0.0
  0
SPLINE
  5
237
100
AcDbEntity
  8
CFF-00-00
100
AcDbSpline
210
0.0
220
0.0
230
1.0
  6
CONTINUOUS
 70
     0
 71
     3
 72
     8
 73
4
 40
0.0
 40
0.0
 40
0.0
 40
0.0
 40
1.0
 40
1.0
 40
1.0
 40
1.0
 10
61.1029
 20
79.9631
 30
0.0
 10
61.1029
 20
79.0466
 30
0.0
 10
61.873
 20
78.395
 30
0.0
 10
62.9793
 20
78.395
 30
0.0
  0
SPLINE
  5
238
100
AcDbEntity
  8
CFF-00-00
100
AcDbSpline
210
0.0
220
0.0
230
1.0
  6
CONTINUOUS
 70
     0
 71
     3
 72
     8
 73
4
 40
0.0
 40
0.0
 40
0.0
 40
0.0
 40
1.0
 40
1.0
 40
1.0
 40
1.0
 10
62.9793
 20
78.395
 30
0.0
 10
63.4834
 20
78.395
 30
0.0
 10
64.2052
 20
78.5139
 30
0.0
 10
64.5199
 20
78.6543
 30
0.0
  0
SPLINE
  5
239
100
AcDbEntity
  8
CFF-00-00
100
AcDbSpline
210
0.0
220
0.0
230
1.0
  6
CONTINUOUS
 70
     0
 71
     3
 72
     8
 73
4
 40
0.0
 40
0.0
 40
0.0
 40
0.0
 40
1.0
 40
1.0
 40
1.0
 40
1.0
 10
64.5199
 20
78.6543
 30
0.0
 10
64.6952
 20
78.7241
 30
0.0
 10
64.7792
 20
78.8296
 30
0.0
 10
64.7792
 20
78.9764
 30
0.0
  0
SPLINE
  5
23a
100
AcDbEntity
  8
CFF-00-00
100
AcDbSpline
210
0.0
220
0.0
230
1.0
  6
CONTINUOUS
 70
     0
 71
     3
 72
     8
 73
4
 40
0.0
 40
0.0
 40
0.0
 40
0.0
 40
1.0
 40
1.0
 40
1.0
 40
1.0
 10
64.7792
 20
78.9764
 30
0.0
 10
64.7792
 20
79.1792
 30
0.0
 10
64.625
 20
79.3401
 30
0.0
 10
64.4222
 20
79.3401
 30
0.0
  0
SPLINE
  5
23b
100
AcDbEntity
  8
CFF-00-00
100
AcDbSpline
210
0.0
220
0.0
230
1.0
  6
CONTINUOUS
 70
     0
 71
     3
 72
     8
 73
4
 40
0.0
 40
0.0
 40
0.0
 40
0.0
 40
1.0
 40
1.0
 40
1.0
 40
1.0
 10
64.4222
 20
79.3401
 30
0.0
 10
64.3445
 20
79.3401
 30
0.0
 10
64.268
 20
79.3263
 30
0.0
 10
64.1766
 20
79.3052
 30
0.0
  0
SPLINE
  5
23c
100
AcDbEntity
  8
CFF-00-00
100
AcDbSpline
210
0.0
220
0.0
230
1.0
  6
CONTINUOUS
 70
     0
 71
     3
 72
     8
 73
4
 40
0.0
 40
0.0
 40
0.0
 40
0.0
 40
1.0
 40
1.0
 40
1.0
 40
1.0
 10
64.1766
 20
79.3052
 30
0.0
 10
63.5462
 20
79.1443
 30
0.0
 10
63.3645
 20
79.1164
 30
0.0
 10
63.0421
 20
79.1164
 30
0.0
  0
SPLINE
  5
23d
100
AcDbEntity
  8
CFF-00-00
100
AcDbSpline
210
0.0
220
0.0
230
1.0
  6
CONTINUOUS
 70
     0
 71
     3
 72
     8
 73
4
 40
0.0
 40
0.0
 40
0.0
 40
0.0
 40
1.0
 40
1.0
 40
1.0
 40
1.0
 10
63.0421
 20
79.1164
 30
0.0
 10
62.4614
 20
79.1164
 30
0.0
 10
62.1111
 20
79.2847
 30
0.0
 10
61.9365
 20
79.6484
 30
0.0
  0
LINE
  5
23e
100
AcDbEntity
  8
CFF-00-00
100
AcDbLine
  6
CONTINUOUS
 10
61.9365
 20
79.6484
 30
0.0
 11
64.7792
 21
79.6484
 31
0.0
  0
SPLINE
  5
23f
100
AcDbEntity
  8
CFF-00-00
100
AcDbSpline
210
0.0
220
0.0
230
1.0
  6
CONTINUOUS
 70
     0
 71
     3
 72
     8
 73
4
 40
0.0
 40
0.0
 40
0.0
 40
0.0
 40
1.0
 40
1.0
 40
1.0
 40
1.0
 10
61.9502
 20
80.2926
 30
0.0
 10
62.0621
 20
80.6147
 30
0.0
 10
62.4681
 20
80.839
 30
0.0
 10
62.9444
 20
80.839
 30
0.0
  0
SPLINE
  5
240
100
AcDbEntity
  8
CFF-00-00
100
AcDbSpline
210
0.0
220
0.0
230
1.0
  6
CONTINUOUS
 70
     0
 71
     3
 72
     8
 73
4
 40
0.0
 40
0.0
 40
0.0
 40
0.0
 40
1.0
 40
1.0
 40
1.0
 40
1.0
 10
62.9444
 20
80.839
 30
0.0
 10
63.4206
 20
80.839
 30
0.0
 10
63.8196
 20
80.6147
 30
0.0
 10
63.9385
 20
80.2926
 30
0.0
  0
LINE
  5
241
100
AcDbEntity
  8
CFF-00-00
100
AcDbLine
  6
CONTINUOUS
 10
63.9385
 20
80.2926
 30
0.0
 11
61.9502
 21
80.2926
 31
0.0
  0
SPLINE
  5
242
100
AcDbEntity
  8
CFF-00-00
100
AcDbSpline
210
0.0
220
0.0
230
1.0
  6
CONTINUOUS
 70
     0
 71
     3
 72
     8
 73
4
 40
0.0
 40
0.0
 40
0.0
 40
0.0
 40
1.0
 40
1.0
 40
1.0
 40
1.0
 10
70.8265
 20
79.2282
 30
0.0
 10
72.6468
 20
80.6916
 30
0.0
 10
72.8497
 20
80.923
 30
0.0
 10
72.8497
 20
81.5037
 30
0.0
  0
SPLINE
  5
243
100
AcDbEntity
  8
CFF-00-00
100
AcDbSpline
210
0.0
220
0.0
230
1.0
  6
CONTINUOUS
 70
     0
 71
     3
 72
     8
 73
4
 40
0.0
 40
0.0
 40
0.0
 40
0.0
 40
1.0
 40
1.0
 40
1.0
 40
1.0
 10
72.8497
 20
81.5037
 30
0.0
 10
72.8497
 20
82.2533
 30
0.0
 10
72.1988
 20
82.8206
 30
0.0
 10
71.3303
 20
82.8206
 30
0.0
  0
SPLINE
  5
244
100
AcDbEntity
  8
CFF-00-00
100
AcDbSpline
210
0.0
220
0.0
230
1.0
  6
CONTINUOUS
 70
     0
 71
     3
 72
     8
 73
4
 40
0.0
 40
0.0
 40
0.0
 40
0.0
 40
1.0
 40
1.0
 40
1.0
 40
1.0
 10
71.3303
 20
82.8206
 30
0.0
 10
70.903
 20
82.8206
 30
0.0
 10
70.5108
 20
82.6805
 30
0.0
 10
70.2236
 20
82.435
 30
0.0
  0
SPLINE
  5
245
100
AcDbEntity
  8
CFF-00-00
100
AcDbSpline
210
0.0
220
0.0
230
1.0
  6
CONTINUOUS
 70
     0
 71
     3
 72
     8
 73
4
 40
0.0
 40
0.0
 40
0.0
 40
0.0
 40
1.0
 40
1.0
 40
1.0
 40
1.0
 10
70.2236
 20
82.435
 30
0.0
 10
69.9791
 20
82.2254
 30
0.0
 10
69.7897
 20
81.8959
 30
0.0
 10
69.7897
 20
81.6716
 30
0.0
  0
SPLINE
  5
246
100
AcDbEntity
  8
CFF-00-00
100
AcDbSpline
210
0.0
220
0.0
230
1.0
  6
CONTINUOUS
 70
     0
 71
     3
 72
     8
 73
4
 40
0.0
 40
0.0
 40
0.0
 40
0.0
 40
1.0
 40
1.0
 40
1.0
 40
1.0
 10
69.7897
 20
81.6716
 30
0.0
 10
69.7897
 20
81.4832
 30
0.0
 10
69.965
 20
81.322
 30
0.0
 10
70.1682
 20
81.322
 30
0.0
  0
SPLINE
  5
247
100
AcDbEntity
  8
CFF-00-00
100
AcDbSpline
210
0.0
220
0.0
230
1.0
  6
CONTINUOUS
 70
     0
 71
     3
 72
     8
 73
4
 40
0.0
 40
0.0
 40
0.0
 40
0.0
 40
1.0
 40
1.0
 40
1.0
 40
1.0
 10
70.1682
 20
81.322
 30
0.0
 10
70.3291
 20
81.322
 30
0.0
 10
70.4691
 20
81.4059
 30
0.0
 10
70.5108
 20
81.5322
 30
0.0
  0
SPLINE
  5
248
100
AcDbEntity
  8
CFF-00-00
100
AcDbSpline
210
0.0
220
0.0
230
1.0
  6
CONTINUOUS
 70
     0
 71
     3
 72
     8
 73
4
 40
0.0
 40
0.0
 40
0.0
 40
0.0
 40
1.0
 40
1.0
 40
1.0
 40
1.0
 10
70.5108
 20
81.5322
 30
0.0
 10
70.5884
 20
81.7492
 30
0.0
 10
70.5947
 20
81.763
 30
0.0
 10
70.6582
 20
81.8332
 30
0.0
  0
SPLINE
  5
249
100
AcDbEntity
  8
CFF-00-00
100
AcDbSpline
210
0.0
220
0.0
230
1.0
  6
CONTINUOUS
 70
     0
 71
     3
 72
     8
 73
4
 40
0.0
 40
0.0
 40
0.0
 40
0.0
 40
1.0
 40
1.0
 40
1.0
 40
1.0
 10
70.6582
 20
81.8332
 30
0.0
 10
70.8124
 20
82.0011
 30
0.0
 10
71.0434
 20
82.0992
 30
0.0
 10
71.3165
 20
82.0992
 30
0.0
  0
SPLINE
  5
24a
100
AcDbEntity
  8
CFF-00-00
100
AcDbSpline
210
0.0
220
0.0
230
1.0
  6
CONTINUOUS
 70
     0
 71
     3
 72
     8
 73
4
 40
0.0
 40
0.0
 40
0.0
 40
0.0
 40
1.0
 40
1.0
 40
1.0
 40
1.0
 10
71.3165
 20
82.0992
 30
0.0
 10
71.7578
 20
82.0992
 30
0.0
 10
72.0937
 20
81.8543
 30
0.0
 10
72.0937
 20
81.5248
 30
0.0
  0
SPLINE
  5
24b
100
AcDbEntity
  8
CFF-00-00
100
AcDbSpline
210
0.0
220
0.0
230
1.0
  6
CONTINUOUS
 70
     0
 71
     3
 72
     8
 73
4
 40
0.0
 40
0.0
 40
0.0
 40
0.0
 40
1.0
 40
1.0
 40
1.0
 40
1.0
 10
72.0937
 20
81.5248
 30
0.0
 10
72.0937
 20
81.3079
 30
0.0
 10
71.9811
 20
81.1749
 30
0.0
 10
71.2816
 20
80.5656
 30
0.0
  0
SPLINE
  5
24c
100
AcDbEntity
  8
CFF-00-00
100
AcDbSpline
210
0.0
220
0.0
230
1.0
  6
CONTINUOUS
 70
     0
 71
     3
 72
     8
 73
4
 40
0.0
 40
0.0
 40
0.0
 40
0.0
 40
1.0
 40
1.0
 40
1.0
 40
1.0
 10
71.2816
 20
80.5656
 30
0.0
 10
70.9944
 20
80.3137
 30
0.0
 10
70.5041
 20
79.9144
 30
0.0
 10
69.692
 20
79.2847
 30
0.0
  0
LINE
  5
24d
100
AcDbEntity
  8
CFF-00-00
100
AcDbLine
  6
CONTINUOUS
 10
69.692
 20
79.2847
 30
0.0
 11
69.6496
 21
79.2494
 31
0.0
  0
LINE
  5
24e
100
AcDbEntity
  8
CFF-00-00
100
AcDbLine
  6
CONTINUOUS
 10
69.6496
 20
79.2494
 30
0.0
 11
69.6496
 21
78.5001
 31
0.0
  0
LINE
  5
24f
100
AcDbEntity
  8
CFF-00-00
100
AcDbLine
  6
CONTINUOUS
 10
69.6496
 20
78.5001
 30
0.0
 11
72.8846
 21
78.5001
 31
0.0
  0
LINE
  5
250
100
AcDbEntity
  8
CFF-00-00
100
AcDbLine
  6
CONTINUOUS
 10
72.8846
 20
78.5001
 30
0.0
 11
72.8846
 21
79.1164
 31
0.0
  0
SPLINE
  5
251
100
AcDbEntity
  8
CFF-00-00
100
AcDbSpline
210
0.0
220
0.0
230
1.0
  6
CONTINUOUS
 70
     0
 71
     3
 72
     8
 73
4
 40
0.0
 40
0.0
 40
0.0
 40
0.0
 40
1.0
 40
1.0
 40
1.0
 40
1.0
 10
72.8846
 20
79.1164
 30
0.0
 10
72.8846
 20
79.2847
 30
0.0
 10
72.8708
 20
79.3475
 30
0.0
 10
72.8285
 20
79.4173
 30
0.0
  0
SPLINE
  5
252
100
AcDbEntity
  8
CFF-00-00
100
AcDbSpline
210
0.0
220
0.0
230
1.0
  6
CONTINUOUS
 70
     0
 71
     3
 72
     8
 73
4
 40
0.0
 40
0.0
 40
0.0
 40
0.0
 40
1.0
 40
1.0
 40
1.0
 40
1.0
 10
72.8285
 20
79.4173
 30
0.0
 10
72.7583
 20
79.5228
 30
0.0
 10
72.6394
 20
79.5856
 30
0.0
 10
72.5064
 20
79.5856
 30
0.0
  0
SPLINE
  5
253
100
AcDbEntity
  8
CFF-00-00
100
AcDbSpline
210
0.0
220
0.0
230
1.0
  6
CONTINUOUS
 70
     0
 71
     3
 72
     8
 73
4
 40
0.0
 40
0.0
 40
0.0
 40
0.0
 40
1.0
 40
1.0
 40
1.0
 40
1.0
 10
72.5064
 20
79.5856
 30
0.0
 10
72.2828
 20
79.5856
 30
0.0
 10
72.1639
 20
79.4731
 30
0.0
 10
72.1353
 20
79.2282
 30
0.0
  0
LINE
  5
254
100
AcDbEntity
  8
CFF-00-00
100
AcDbLine
  6
CONTINUOUS
 10
72.1353
 20
79.2282
 30
0.0
 11
70.8265
 21
79.2282
 31
0.0
  0
SPLINE
  5
255
100
AcDbEntity
  8
CFF-00-00
100
AcDbSpline
210
0.0
220
0.0
230
1.0
  6
CONTINUOUS
 70
     0
 71
     3
 72
     8
 73
4
 40
0.0
 40
0.0
 40
0.0
 40
0.0
 40
1.0
 40
1.0
 40
1.0
 40
1.0
 10
77.1476
 20
80.923
 30
0.0
 10
77.1476
 20
81.5389
 30
0.0
 10
76.9444
 20
82.0924
 30
0.0
 10
76.5944
 20
82.4491
 30
0.0
  0
SPLINE
  5
256
100
AcDbEntity
  8
CFF-00-00
100
AcDbSpline
210
0.0
220
0.0
230
1.0
  6
CONTINUOUS
 70
     0
 71
     3
 72
     8
 73
4
 40
0.0
 40
0.0
 40
0.0
 40
0.0
 40
1.0
 40
1.0
 40
1.0
 40
1.0
 10
76.5944
 20
82.4491
 30
0.0
 10
76.3425
 20
82.6943
 30
0.0
 10
76.0067
 20
82.8206
 30
0.0
 10
75.6003
 20
82.8206
 30
0.0
  0
SPLINE
  5
257
100
AcDbEntity
  8
CFF-00-00
100
AcDbSpline
210
0.0
220
0.0
230
1.0
  6
CONTINUOUS
 70
     0
 71
     3
 72
     8
 73
4
 40
0.0
 40
0.0
 40
0.0
 40
0.0
 40
1.0
 40
1.0
 40
1.0
 40
1.0
 10
75.6003
 20
82.8206
 30
0.0
 10
75.1942
 20
82.8206
 30
0.0
 10
74.8584
 20
82.6943
 30
0.0
 10
74.6061
 20
82.4491
 30
0.0
  0
SPLINE
  5
258
100
AcDbEntity
  8
CFF-00-00
100
AcDbSpline
210
0.0
220
0.0
230
1.0
  6
CONTINUOUS
 70
     0
 71
     3
 72
     8
 73
4
 40
0.0
 40
0.0
 40
0.0
 40
0.0
 40
1.0
 40
1.0
 40
1.0
 40
1.0
 10
74.6061
 20
82.4491
 30
0.0
 10
74.2555
 20
82.0924
 30
0.0
 10
74.0526
 20
81.5389
 30
0.0
 10
74.0526
 20
80.923
 30
0.0
  0
LINE
  5
259
100
AcDbEntity
  8
CFF-00-00
100
AcDbLine
  6
CONTINUOUS
 10
74.0526
 20
80.923
 30
0.0
 11
74.0526
 21
80.2926
 31
0.0
  0
SPLINE
  5
25a
100
AcDbEntity
  8
CFF-00-00
100
AcDbSpline
210
0.0
220
0.0
230
1.0
  6
CONTINUOUS
 70
     0
 71
     3
 72
     8
 73
4
 40
0.0
 40
0.0
 40
0.0
 40
0.0
 40
1.0
 40
1.0
 40
1.0
 40
1.0
 10
74.0526
 20
80.2926
 30
0.0
 10
74.0526
 20
79.6833
 30
0.0
 10
74.2555
 20
79.1231
 30
0.0
 10
74.6061
 20
78.7732
 30
0.0
  0
SPLINE
  5
25b
100
AcDbEntity
  8
CFF-00-00
100
AcDbSpline
210
0.0
220
0.0
230
1.0
  6
CONTINUOUS
 70
     0
 71
     3
 72
     8
 73
4
 40
0.0
 40
0.0
 40
0.0
 40
0.0
 40
1.0
 40
1.0
 40
1.0
 40
1.0
 10
74.6061
 20
78.7732
 30
0.0
 10
74.8584
 20
78.528
 30
0.0
 10
75.1942
 20
78.402
 30
0.0
 10
75.6003
 20
78.402
 30
0.0
  0
SPLINE
  5
25c
100
AcDbEntity
  8
CFF-00-00
100
AcDbSpline
210
0.0
220
0.0
230
1.0
  6
CONTINUOUS
 70
     0
 71
     3
 72
     8
 73
4
 40
0.0
 40
0.0
 40
0.0
 40
0.0
 40
1.0
 40
1.0
 40
1.0
 40
1.0
 10
75.6003
 20
78.402
 30
0.0
 10
76.0067
 20
78.402
 30
0.0
 10
76.3425
 20
78.528
 30
0.0
 10
76.5944
 20
78.7732
 30
0.0
  0
SPLINE
  5
25d
100
AcDbEntity
  8
CFF-00-00
100
AcDbSpline
210
0.0
220
0.0
230
1.0
  6
CONTINUOUS
 70
     0
 71
     3
 72
     8
 73
4
 40
0.0
 40
0.0
 40
0.0
 40
0.0
 40
1.0
 40
1.0
 40
1.0
 40
1.0
 10
76.5944
 20
78.7732
 30
0.0
 10
76.9444
 20
79.1231
 30
0.0
 10
77.1476
 20
79.6833
 30
0.0
 10
77.1476
 20
80.2926
 30
0.0
  0
LINE
  5
25e
100
AcDbEntity
  8
CFF-00-00
100
AcDbLine
  6
CONTINUOUS
 10
77.1476
 20
80.2926
 30
0.0
 11
77.1476
 21
80.923
 31
0.0
  0
SPLINE
  5
25f
100
AcDbEntity
  8
CFF-00-00
100
AcDbSpline
210
0.0
220
0.0
230
1.0
  6
CONTINUOUS
 70
     0
 71
     3
 72
     8
 73
4
 40
0.0
 40
0.0
 40
0.0
 40
0.0
 40
1.0
 40
1.0
 40
1.0
 40
1.0
 10
74.8093
 20
80.972
 30
0.0
 10
74.8093
 20
81.6578
 30
0.0
 10
75.117
 20
82.0992
 30
0.0
 10
75.6003
 20
82.0992
 30
0.0
  0
SPLINE
  5
260
100
AcDbEntity
  8
CFF-00-00
100
AcDbSpline
210
0.0
220
0.0
230
1.0
  6
CONTINUOUS
 70
     0
 71
     3
 72
     8
 73
4
 40
0.0
 40
0.0
 40
0.0
 40
0.0
 40
1.0
 40
1.0
 40
1.0
 40
1.0
 10
75.6003
 20
82.0992
 30
0.0
 10
76.0832
 20
82.0992
 30
0.0
 10
76.3916
 20
81.6578
 30
0.0
 10
76.3916
 20
80.972
 30
0.0
  0
LINE
  5
261
100
AcDbEntity
  8
CFF-00-00
100
AcDbLine
  6
CONTINUOUS
 10
76.3916
 20
80.972
 30
0.0
 11
76.3916
 21
80.2502
 31
0.0
  0
SPLINE
  5
262
100
AcDbEntity
  8
CFF-00-00
100
AcDbSpline
210
0.0
220
0.0
230
1.0
  6
CONTINUOUS
 70
     0
 71
     3
 72
     8
 73
4
 40
0.0
 40
0.0
 40
0.0
 40
0.0
 40
1.0
 40
1.0
 40
1.0
 40
1.0
 10
76.3916
 20
80.2502
 30
0.0
 10
76.3916
 20
79.5715
 30
0.0
 10
76.0765
 20
79.1231
 30
0.0
 10
75.6003
 20
79.1231
 30
0.0
  0
SPLINE
  5
263
100
AcDbEntity
  8
CFF-00-00
100
AcDbSpline
210
0.0
220
0.0
230
1.0
  6
CONTINUOUS
 70
     0
 71
     3
 72
     8
 73
4
 40
0.0
 40
0.0
 40
0.0
 40
0.0
 40
1.0
 40
1.0
 40
1.0
 40
1.0
 10
75.6003
 20
79.1231
 30
0.0
 10
75.124
 20
79.1231
 30
0.0
 10
74.8093
 20
79.5715
 30
0.0
 10
74.8093
 20
80.2502
 30
0.0
  0
LINE
  5
264
100
AcDbEntity
  8
CFF-00-00
100
AcDbLine
  6
CONTINUOUS
 10
74.8093
 20
80.2502
 30
0.0
 11
74.8093
 21
80.972
 31
0.0
  0
LINE
  5
265
100
AcDbEntity
  8
CFF-00-00
100
AcDbLine
  6
CONTINUOUS
 10
80.1779
 20
82.8206
 30
0.0
 11
78.6585
 21
82.4491
 31
0.0
  0
SPLINE
  5
266
100
AcDbEntity
  8
CFF-00-00
100
AcDbSpline
210
0.0
220
0.0
230
1.0
  6
CONTINUOUS
 70
     0
 71
     3
 72
     8
 73
4
 40
0.0
 40
0.0
 40
0.0
 40
0.0
 40
1.0
 40
1.0
 40
1.0
 40
1.0
 10
78.6585
 20
82.4491
 30
0.0
 10
78.365
 20
82.3796
 30
0.0
 10
78.2666
 20
82.2808
 30
0.0
 10
78.2666
 20
82.078
 30
0.0
  0
SPLINE
  5
267
100
AcDbEntity
  8
CFF-00-00
100
AcDbSpline
210
0.0
220
0.0
230
1.0
  6
CONTINUOUS
 70
     0
 71
     3
 72
     8
 73
4
 40
0.0
 40
0.0
 40
0.0
 40
0.0
 40
1.0
 40
1.0
 40
1.0
 40
1.0
 10
78.2666
 20
82.078
 30
0.0
 10
78.2666
 20
81.8681
 30
0.0
 10
78.4204
 20
81.7002
 30
0.0
 10
78.6169
 20
81.7002
 30
0.0
  0
SPLINE
  5
268
100
AcDbEntity
  8
CFF-00-00
100
AcDbSpline
210
0.0
220
0.0
230
1.0
  6
CONTINUOUS
 70
     0
 71
     3
 72
     8
 73
4
 40
0.0
 40
0.0
 40
0.0
 40
0.0
 40
1.0
 40
1.0
 40
1.0
 40
1.0
 10
78.6169
 20
81.7002
 30
0.0
 10
78.6871
 20
81.7002
 30
0.0
 10
78.7075
 20
81.7069
 30
0.0
 10
78.8479
 20
81.7418
 30
0.0
  0
LINE
  5
269
100
AcDbEntity
  8
CFF-00-00
100
AcDbLine
  6
CONTINUOUS
 10
78.8479
 20
81.7418
 30
0.0
 11
79.4219
 21
81.8892
 31
0.0
  0
LINE
  5
26a
100
AcDbEntity
  8
CFF-00-00
100
AcDbLine
  6
CONTINUOUS
 10
79.4219
 20
81.8892
 30
0.0
 11
79.4219
 21
79.2212
 31
0.0
  0
LINE
  5
26b
100
AcDbEntity
  8
CFF-00-00
100
AcDbLine
  6
CONTINUOUS
 10
79.4219
 20
79.2212
 30
0.0
 11
78.7428
 21
79.2212
 31
0.0
  0
SPLINE
  5
26c
100
AcDbEntity
  8
CFF-00-00
100
AcDbSpline
210
0.0
220
0.0
230
1.0
  6
CONTINUOUS
 70
     0
 71
     3
 72
     8
 73
4
 40
0.0
 40
0.0
 40
0.0
 40
0.0
 40
1.0
 40
1.0
 40
1.0
 40
1.0
 10
78.7428
 20
79.2212
 30
0.0
 10
78.5608
 20
79.2212
 30
0.0
 10
78.5047
 20
79.2145
 30
0.0
 10
78.4352
 20
79.1722
 30
0.0
  0
SPLINE
  5
26d
100
AcDbEntity
  8
CFF-00-00
100
AcDbSpline
210
0.0
220
0.0
230
1.0
  6
CONTINUOUS
 70
     0
 71
     3
 72
     8
 73
4
 40
0.0
 40
0.0
 40
0.0
 40
0.0
 40
1.0
 40
1.0
 40
1.0
 40
1.0
 10
78.4352
 20
79.1722
 30
0.0
 10
78.3227
 20
79.1019
 30
0.0
 10
78.2525
 20
78.9831
 30
0.0
 10
78.2525
 20
78.8638
 30
0.0
  0
SPLINE
  5
26e
100
AcDbEntity
  8
CFF-00-00
100
AcDbSpline
210
0.0
220
0.0
230
1.0
  6
CONTINUOUS
 70
     0
 71
     3
 72
     8
 73
4
 40
0.0
 40
0.0
 40
0.0
 40
0.0
 40
1.0
 40
1.0
 40
1.0
 40
1.0
 10
78.2525
 20
78.8638
 30
0.0
 10
78.2525
 20
78.752
 30
0.0
 10
78.316
 20
78.6331
 30
0.0
 10
78.4066
 20
78.5703
 30
0.0
  0
SPLINE
  5
26f
100
AcDbEntity
  8
CFF-00-00
100
AcDbSpline
210
0.0
220
0.0
230
1.0
  6
CONTINUOUS
 70
     0
 71
     3
 72
     8
 73
4
 40
0.0
 40
0.0
 40
0.0
 40
0.0
 40
1.0
 40
1.0
 40
1.0
 40
1.0
 10
78.4066
 20
78.5703
 30
0.0
 10
78.4768
 20
78.5213
 30
0.0
 10
78.582
 20
78.5001
 30
0.0
 10
78.7428
 20
78.5001
 30
0.0
  0
LINE
  5
270
100
AcDbEntity
  8
CFF-00-00
100
AcDbLine
  6
CONTINUOUS
 10
78.7428
 20
78.5001
 30
0.0
 11
80.8574
 21
78.5001
 31
0.0
  0
SPLINE
  5
271
100
AcDbEntity
  8
CFF-00-00
100
AcDbSpline
210
0.0
220
0.0
230
1.0
  6
CONTINUOUS
 70
     0
 71
     3
 72
     8
 73
4
 40
0.0
 40
0.0
 40
0.0
 40
0.0
 40
1.0
 40
1.0
 40
1.0
 40
1.0
 10
80.8574
 20
78.5001
 30
0.0
 10
81.1795
 20
78.5001
 30
0.0
 10
81.3474
 20
78.6264
 30
0.0
 10
81.3474
 20
78.8638
 30
0.0
  0
SPLINE
  5
272
100
AcDbEntity
  8
CFF-00-00
100
AcDbSpline
210
0.0
220
0.0
230
1.0
  6
CONTINUOUS
 70
     0
 71
     3
 72
     8
 73
4
 40
0.0
 40
0.0
 40
0.0
 40
0.0
 40
1.0
 40
1.0
 40
1.0
 40
1.0
 10
81.3474
 20
78.8638
 30
0.0
 10
81.3474
 20
78.9764
 30
0.0
 10
81.292
 20
79.0815
 30
0.0
 10
81.1932
 20
79.151
 30
0.0
  0
SPLINE
  5
273
100
AcDbEntity
  8
CFF-00-00
100
AcDbSpline
210
0.0
220
0.0
230
1.0
  6
CONTINUOUS
 70
     0
 71
     3
 72
     8
 73
4
 40
0.0
 40
0.0
 40
0.0
 40
0.0
 40
1.0
 40
1.0
 40
1.0
 40
1.0
 10
81.1932
 20
79.151
 30
0.0
 10
81.1167
 20
79.2071
 30
0.0
 10
81.0465
 20
79.2212
 30
0.0
 10
80.8574
 20
79.2212
 30
0.0
  0
LINE
  5
274
100
AcDbEntity
  8
CFF-00-00
100
AcDbLine
  6
CONTINUOUS
 10
80.8574
 20
79.2212
 30
0.0
 11
80.1779
 21
79.2212
 31
0.0
  0
LINE
  5
275
100
AcDbEntity
  8
CFF-00-00
100
AcDbLine
  6
CONTINUOUS
 10
80.1779
 20
79.2212
 30
0.0
 11
80.1779
 21
82.8206
 31
0.0
  0
SPLINE
  5
276
100
AcDbEntity
  8
CFF-00-00
100
AcDbSpline
210
0.0
220
0.0
230
1.0
  6
CONTINUOUS
 70
     0
 71
     3
 72
     8
 73
4
 40
0.0
 40
0.0
 40
0.0
 40
0.0
 40
1.0
 40
1.0
 40
1.0
 40
1.0
 10
83.3977
 20
80.7826
 30
0.0
 10
83.5868
 20
81.5389
 30
0.0
 10
84.2098
 20
82.078
 30
0.0
 10
84.903
 20
82.078
 30
0.0
  0
SPLINE
  5
277
100
AcDbEntity
  8
CFF-00-00
100
AcDbSpline
210
0.0
220
0.0
230
1.0
  6
CONTINUOUS
 70
     0
 71
     3
 72
     8
 73
4
 40
0.0
 40
0.0
 40
0.0
 40
0.0
 40
1.0
 40
1.0
 40
1.0
 40
1.0
 10
84.903
 20
82.078
 30
0.0
 10
84.9665
 20
82.078
 30
0.0
 10
84.9944
 20
82.0713
 30
0.0
 10
85.0713
 20
82.0427
 30
0.0
  0
SPLINE
  5
278
100
AcDbEntity
  8
CFF-00-00
100
AcDbSpline
210
0.0
220
0.0
230
1.0
  6
CONTINUOUS
 70
     0
 71
     3
 72
     8
 73
4
 40
0.0
 40
0.0
 40
0.0
 40
0.0
 40
1.0
 40
1.0
 40
1.0
 40
1.0
 10
85.0713
 20
82.0427
 30
0.0
 10
85.1902
 20
82.0011
 30
0.0
 10
85.2604
 20
81.9873
 30
0.0
 10
85.3239
 20
81.9873
 30
0.0
  0
SPLINE
  5
279
100
AcDbEntity
  8
CFF-00-00
100
AcDbSpline
210
0.0
220
0.0
230
1.0
  6
CONTINUOUS
 70
     0
 71
     3
 72
     8
 73
4
 40
0.0
 40
0.0
 40
0.0
 40
0.0
 40
1.0
 40
1.0
 40
1.0
 40
1.0
 10
85.3239
 20
81.9873
 30
0.0
 10
85.5334
 20
81.9873
 30
0.0
 10
85.7088
 20
82.1552
 30
0.0
 10
85.7088
 20
82.3584
 30
0.0
  0
SPLINE
  5
27a
100
AcDbEntity
  8
CFF-00-00
100
AcDbSpline
210
0.0
220
0.0
230
1.0
  6
CONTINUOUS
 70
     0
 71
     3
 72
     8
 73
4
 40
0.0
 40
0.0
 40
0.0
 40
0.0
 40
1.0
 40
1.0
 40
1.0
 40
1.0
 10
85.7088
 20
82.3584
 30
0.0
 10
85.7088
 20
82.6382
 30
0.0
 10
85.3729
 20
82.8206
 30
0.0
 10
84.8614
 20
82.8206
 30
0.0
  0
SPLINE
  5
27b
100
AcDbEntity
  8
CFF-00-00
100
AcDbSpline
210
0.0
220
0.0
230
1.0
  6
CONTINUOUS
 70
     0
 71
     3
 72
     8
 73
4
 40
0.0
 40
0.0
 40
0.0
 40
0.0
 40
1.0
 40
1.0
 40
1.0
 40
1.0
 10
84.8614
 20
82.8206
 30
0.0
 10
84.2098
 20
82.8206
 30
0.0
 10
83.6217
 20
82.5338
 30
0.0
 10
83.1529
 20
81.9799
 30
0.0
  0
SPLINE
  5
27c
100
AcDbEntity
  8
CFF-00-00
100
AcDbSpline
210
0.0
220
0.0
230
1.0
  6
CONTINUOUS
 70
     0
 71
     3
 72
     8
 73
4
 40
0.0
 40
0.0
 40
0.0
 40
0.0
 40
1.0
 40
1.0
 40
1.0
 40
1.0
 10
83.1529
 20
81.9799
 30
0.0
 10
82.7885
 20
81.5527
 30
0.0
 10
82.6064
 20
81.0348
 30
0.0
 10
82.6064
 20
80.4393
 30
0.0
  0
SPLINE
  5
27d
100
AcDbEntity
  8
CFF-00-00
100
AcDbSpline
210
0.0
220
0.0
230
1.0
  6
CONTINUOUS
 70
     0
 71
     3
 72
     8
 73
4
 40
0.0
 40
0.0
 40
0.0
 40
0.0
 40
1.0
 40
1.0
 40
1.0
 40
1.0
 10
82.6064
 20
80.4393
 30
0.0
 10
82.6064
 20
79.9493
 30
0.0
 10
82.7327
 20
79.4173
 30
0.0
 10
82.9222
 20
79.0952
 30
0.0
  0
SPLINE
  5
27e
100
AcDbEntity
  8
CFF-00-00
100
AcDbSpline
210
0.0
220
0.0
230
1.0
  6
CONTINUOUS
 70
     0
 71
     3
 72
     8
 73
4
 40
0.0
 40
0.0
 40
0.0
 40
0.0
 40
1.0
 40
1.0
 40
1.0
 40
1.0
 10
82.9222
 20
79.0952
 30
0.0
 10
83.1878
 20
78.6331
 30
0.0
 10
83.6217
 20
78.402
 30
0.0
 10
84.2172
 20
78.402
 30
0.0
  0
SPLINE
  5
27f
100
AcDbEntity
  8
CFF-00-00
100
AcDbSpline
210
0.0
220
0.0
230
1.0
  6
CONTINUOUS
 70
     0
 71
     3
 72
     8
 73
4
 40
0.0
 40
0.0
 40
0.0
 40
0.0
 40
1.0
 40
1.0
 40
1.0
 40
1.0
 10
84.2172
 20
78.402
 30
0.0
 10
84.6935
 20
78.402
 30
0.0
 10
85.0434
 20
78.528
 30
0.0
 10
85.3027
 20
78.801
 30
0.0
  0
SPLINE
  5
280
100
AcDbEntity
  8
CFF-00-00
100
AcDbSpline
210
0.0
220
0.0
230
1.0
  6
CONTINUOUS
 70
     0
 71
     3
 72
     8
 73
4
 40
0.0
 40
0.0
 40
0.0
 40
0.0
 40
1.0
 40
1.0
 40
1.0
 40
1.0
 10
85.3027
 20
78.801
 30
0.0
 10
85.5408
 20
79.0603
 30
0.0
 10
85.6738
 20
79.4036
 30
0.0
 10
85.6738
 20
79.7952
 30
0.0
  0
SPLINE
  5
281
100
AcDbEntity
  8
CFF-00-00
100
AcDbSpline
210
0.0
220
0.0
230
1.0
  6
CONTINUOUS
 70
     0
 71
     3
 72
     8
 73
4
 40
0.0
 40
0.0
 40
0.0
 40
0.0
 40
1.0
 40
1.0
 40
1.0
 40
1.0
 10
85.6738
 20
79.7952
 30
0.0
 10
85.6738
 20
80.5656
 30
0.0
 10
85.0646
 20
81.189
 30
0.0
 10
84.3086
 20
81.189
 30
0.0
  0
SPLINE
  5
282
100
AcDbEntity
  8
CFF-00-00
100
AcDbSpline
210
0.0
220
0.0
230
1.0
  6
CONTINUOUS
 70
     0
 71
     3
 72
     8
 73
4
 40
0.0
 40
0.0
 40
0.0
 40
0.0
 40
1.0
 40
1.0
 40
1.0
 40
1.0
 10
84.3086
 20
81.189
 30
0.0
 10
83.9717
 20
81.189
 30
0.0
 10
83.7061
 20
81.0697
 30
0.0
 10
83.3977
 20
80.7826
 30
0.0
  0
LINE
  5
283
100
AcDbEntity
  8
CFF-00-00
100
AcDbLine
  6
CONTINUOUS
 10
83.3977
 20
80.7826
 30
0.0
 11
83.3977
 21
80.7826
 31
0.0
  0
SPLINE
  5
284
100
AcDbEntity
  8
CFF-00-00
100
AcDbSpline
210
0.0
220
0.0
230
1.0
  6
CONTINUOUS
 70
     0
 71
     3
 72
     8
 73
4
 40
0.0
 40
0.0
 40
0.0
 40
0.0
 40
1.0
 40
1.0
 40
1.0
 40
1.0
 10
83.4538
 20
79.9144
 30
0.0
 10
83.6359
 20
80.2365
 30
0.0
 10
83.9791
 20
80.4679
 30
0.0
 10
84.2733
 20
80.4679
 30
0.0
  0
SPLINE
  5
285
100
AcDbEntity
  8
CFF-00-00
100
AcDbSpline
210
0.0
220
0.0
230
1.0
  6
CONTINUOUS
 70
     0
 71
     3
 72
     8
 73
4
 40
0.0
 40
0.0
 40
0.0
 40
0.0
 40
1.0
 40
1.0
 40
1.0
 40
1.0
 10
84.2733
 20
80.4679
 30
0.0
 10
84.6307
 20
80.4679
 30
0.0
 10
84.9178
 20
80.1737
 30
0.0
 10
84.9178
 20
79.8026
 30
0.0
  0
SPLINE
  5
286
100
AcDbEntity
  8
CFF-00-00
100
AcDbSpline
210
0.0
220
0.0
230
1.0
  6
CONTINUOUS
 70
     0
 71
     3
 72
     8
 73
4
 40
0.0
 40
0.0
 40
0.0
 40
0.0
 40
1.0
 40
1.0
 40
1.0
 40
1.0
 10
84.9178
 20
79.8026
 30
0.0
 10
84.9178
 20
79.3824
 30
0.0
 10
84.6586
 20
79.1231
 30
0.0
 10
84.2384
 20
79.1231
 30
0.0
  0
SPLINE
  5
287
100
AcDbEntity
  8
CFF-00-00
100
AcDbSpline
210
0.0
220
0.0
230
1.0
  6
CONTINUOUS
 70
     0
 71
     3
 72
     8
 73
4
 40
0.0
 40
0.0
 40
0.0
 40
0.0
 40
1.0
 40
1.0
 40
1.0
 40
1.0
 10
84.2384
 20
79.1231
 30
0.0
 10
83.7971
 20
79.1231
 30
0.0
 10
83.5519
 20
79.3686
 30
0.0
 10
83.4538
 20
79.9144
 30
0.0
  0
LINE
  5
288
100
AcDbEntity
  8
CFF-00-00
100
AcDbLine
  6
CONTINUOUS
 10
83.4538
 20
79.9144
 30
0.0
 11
83.4538
 21
79.9144
 31
0.0
  0
LINE
  5
289
100
AcDbEntity
  8
CFF-00-00
100
AcDbLine
  6
CONTINUOUS
 10
22.3869
 20
16.6246
 30
0.0
 11
22.926
 21
16.6246
 31
0.0
  0
LINE
  5
28a
100
AcDbEntity
  8
CFF-00-00
100
AcDbLine
  6
CONTINUOUS
 10
22.926
 20
16.6246
 30
0.0
 11
22.926
 21
16.6034
 31
0.0
  0
SPLINE
  5
28b
100
AcDbEntity
  8
CFF-00-00
100
AcDbSpline
210
0.0
220
0.0
230
1.0
  6
CONTINUOUS
 70
     0
 71
     3
 72
     8
 73
4
 40
0.0
 40
0.0
 40
0.0
 40
0.0
 40
1.0
 40
1.0
 40
1.0
 40
1.0
 10
22.926
 20
16.6034
 30
0.0
 10
22.926
 20
16.4427
 30
0.0
 10
22.9399
 20
16.3653
 30
0.0
 10
22.9749
 20
16.3025
 30
0.0
  0
SPLINE
  5
28c
100
AcDbEntity
  8
CFF-00-00
100
AcDbSpline
210
0.0
220
0.0
230
1.0
  6
CONTINUOUS
 70
     0
 71
     3
 72
     8
 73
4
 40
0.0
 40
0.0
 40
0.0
 40
0.0
 40
1.0
 40
1.0
 40
1.0
 40
1.0
 10
22.9749
 20
16.3025
 30
0.0
 10
23.045
 20
16.1973
 30
0.0
 10
23.1714
 20
16.1272
 30
0.0
 10
23.2971
 20
16.1272
 30
0.0
  0
SPLINE
  5
28d
100
AcDbEntity
  8
CFF-00-00
100
AcDbSpline
210
0.0
220
0.0
230
1.0
  6
CONTINUOUS
 70
     0
 71
     3
 72
     8
 73
4
 40
0.0
 40
0.0
 40
0.0
 40
0.0
 40
1.0
 40
1.0
 40
1.0
 40
1.0
 10
23.2971
 20
16.1272
 30
0.0
 10
23.4161
 20
16.1272
 30
0.0
 10
23.5286
 20
16.1834
 30
0.0
 10
23.6053
 20
16.2747
 30
0.0
  0
SPLINE
  5
28e
100
AcDbEntity
  8
CFF-00-00
100
AcDbSpline
210
0.0
220
0.0
230
1.0
  6
CONTINUOUS
 70
     0
 71
     3
 72
     8
 73
4
 40
0.0
 40
0.0
 40
0.0
 40
0.0
 40
1.0
 40
1.0
 40
1.0
 40
1.0
 10
23.6053
 20
16.2747
 30
0.0
 10
23.6615
 20
16.3514
 30
0.0
 10
23.6754
 20
16.4143
 30
0.0
 10
23.6754
 20
16.6034
 30
0.0
  0
LINE
  5
28f
100
AcDbEntity
  8
CFF-00-00
100
AcDbLine
  6
CONTINUOUS
 10
23.6754
 20
16.6034
 30
0.0
 11
23.6754
 21
17.3529
 31
0.0
  0
SPLINE
  5
290
100
AcDbEntity
  8
CFF-00-00
100
AcDbSpline
210
0.0
220
0.0
230
1.0
  6
CONTINUOUS
 70
     0
 71
     3
 72
     8
 73
4
 40
0.0
 40
0.0
 40
0.0
 40
0.0
 40
1.0
 40
1.0
 40
1.0
 40
1.0
 10
23.6754
 20
17.3529
 30
0.0
 10
23.6754
 20
17.5282
 30
0.0
 10
23.6681
 20
17.5837
 30
0.0
 10
23.6192
 20
17.6538
 30
0.0
  0
SPLINE
  5
291
100
AcDbEntity
  8
CFF-00-00
100
AcDbSpline
210
0.0
220
0.0
230
1.0
  6
CONTINUOUS
 70
     0
 71
     3
 72
     8
 73
4
 40
0.0
 40
0.0
 40
0.0
 40
0.0
 40
1.0
 40
1.0
 40
1.0
 40
1.0
 10
23.6192
 20
17.6538
 30
0.0
 10
23.5563
 20
17.759
 30
0.0
 10
23.43
 20
17.8291
 30
0.0
 10
23.2971
 20
17.8291
 30
0.0
  0
SPLINE
  5
292
100
AcDbEntity
  8
CFF-00-00
100
AcDbSpline
210
0.0
220
0.0
230
1.0
  6
CONTINUOUS
 70
     0
 71
     3
 72
     8
 73
4
 40
0.0
 40
0.0
 40
0.0
 40
0.0
 40
1.0
 40
1.0
 40
1.0
 40
1.0
 10
23.2971
 20
17.8291
 30
0.0
 10
23.178
 20
17.8291
 30
0.0
 10
23.0662
 20
17.7729
 30
0.0
 10
22.9961
 20
17.6816
 30
0.0
  0
SPLINE
  5
293
100
AcDbEntity
  8
CFF-00-00
100
AcDbSpline
210
0.0
220
0.0
230
1.0
  6
CONTINUOUS
 70
     0
 71
     3
 72
     8
 73
4
 40
0.0
 40
0.0
 40
0.0
 40
0.0
 40
1.0
 40
1.0
 40
1.0
 40
1.0
 10
22.9961
 20
17.6816
 30
0.0
 10
22.9399
 20
17.6049
 30
0.0
 10
22.926
 20
17.5347
 30
0.0
 10
22.926
 20
17.3529
 30
0.0
  0
LINE
  5
294
100
AcDbEntity
  8
CFF-00-00
100
AcDbLine
  6
CONTINUOUS
 10
22.926
 20
17.3529
 30
0.0
 11
22.926
 21
17.339
 31
0.0
  0
LINE
  5
295
100
AcDbEntity
  8
CFF-00-00
100
AcDbLine
  6
CONTINUOUS
 10
22.926
 20
17.339
 30
0.0
 11
22.3869
 21
17.339
 31
0.0
  0
LINE
  5
296
100
AcDbEntity
  8
CFF-00-00
100
AcDbLine
  6
CONTINUOUS
 10
22.3869
 20
17.339
 30
0.0
 11
22.3869
 21
18.228
 31
0.0
  0
LINE
  5
297
100
AcDbEntity
  8
CFF-00-00
100
AcDbLine
  6
CONTINUOUS
 10
22.3869
 20
18.228
 30
0.0
 11
24.1232
 21
18.228
 31
0.0
  0
LINE
  5
298
100
AcDbEntity
  8
CFF-00-00
100
AcDbLine
  6
CONTINUOUS
 10
24.1232
 20
18.228
 30
0.0
 11
24.1232
 21
17.9131
 31
0.0
  0
SPLINE
  5
299
100
AcDbEntity
  8
CFF-00-00
100
AcDbSpline
210
0.0
220
0.0
230
1.0
  6
CONTINUOUS
 70
     0
 71
     3
 72
     8
 73
4
 40
0.0
 40
0.0
 40
0.0
 40
0.0
 40
1.0
 40
1.0
 40
1.0
 40
1.0
 10
24.1232
 20
17.9131
 30
0.0
 10
24.1232
 20
17.7517
 30
0.0
 10
24.1378
 20
17.6816
 30
0.0
 10
24.1795
 20
17.6188
 30
0.0
  0
SPLINE
  5
29a
100
AcDbEntity
  8
CFF-00-00
100
AcDbSpline
210
0.0
220
0.0
230
1.0
  6
CONTINUOUS
 70
     0
 71
     3
 72
     8
 73
4
 40
0.0
 40
0.0
 40
0.0
 40
0.0
 40
1.0
 40
1.0
 40
1.0
 40
1.0
 10
24.1795
 20
17.6188
 30
0.0
 10
24.2496
 20
17.507
 30
0.0
 10
24.3686
 20
17.4435
 30
0.0
 10
24.5016
 20
17.4435
 30
0.0
  0
SPLINE
  5
29b
100
AcDbEntity
  8
CFF-00-00
100
AcDbSpline
210
0.0
220
0.0
230
1.0
  6
CONTINUOUS
 70
     0
 71
     3
 72
     8
 73
4
 40
0.0
 40
0.0
 40
0.0
 40
0.0
 40
1.0
 40
1.0
 40
1.0
 40
1.0
 10
24.5016
 20
17.4435
 30
0.0
 10
24.6206
 20
17.4435
 30
0.0
 10
24.7324
 20
17.4997
 30
0.0
 10
24.8098
 20
17.591
 30
0.0
  0
SPLINE
  5
29c
100
AcDbEntity
  8
CFF-00-00
100
AcDbSpline
210
0.0
220
0.0
230
1.0
  6
CONTINUOUS
 70
     0
 71
     3
 72
     8
 73
4
 40
0.0
 40
0.0
 40
0.0
 40
0.0
 40
1.0
 40
1.0
 40
1.0
 40
1.0
 10
24.8098
 20
17.591
 30
0.0
 10
24.8654
 20
17.6677
 30
0.0
 10
24.8799
 20
17.7312
 30
0.0
 10
24.8799
 20
17.9131
 30
0.0
  0
LINE
  5
29d
100
AcDbEntity
  8
CFF-00-00
100
AcDbLine
  6
CONTINUOUS
 10
24.8799
 20
17.9131
 30
0.0
 11
24.8799
 21
18.949
 31
0.0
  0
LINE
  5
29e
100
AcDbEntity
  8
CFF-00-00
100
AcDbLine
  6
CONTINUOUS
 10
24.8799
 20
18.949
 30
0.0
 11
21.5535
 21
18.949
 31
0.0
  0
SPLINE
  5
29f
100
AcDbEntity
  8
CFF-00-00
100
AcDbSpline
210
0.0
220
0.0
230
1.0
  6
CONTINUOUS
 70
     0
 71
     3
 72
     8
 73
4
 40
0.0
 40
0.0
 40
0.0
 40
0.0
 40
1.0
 40
1.0
 40
1.0
 40
1.0
 10
21.5535
 20
18.949
 30
0.0
 10
21.3716
 20
18.949
 30
0.0
 10
21.3153
 20
18.9423
 30
0.0
 10
21.2459
 20
18.9
 30
0.0
  0
SPLINE
  5
2a0
100
AcDbEntity
  8
CFF-00-00
100
AcDbSpline
210
0.0
220
0.0
230
1.0
  6
CONTINUOUS
 70
     0
 71
     3
 72
     8
 73
4
 40
0.0
 40
0.0
 40
0.0
 40
0.0
 40
1.0
 40
1.0
 40
1.0
 40
1.0
 10
21.2459
 20
18.9
 30
0.0
 10
21.1334
 20
18.8306
 30
0.0
 10
21.0633
 20
18.7115
 30
0.0
 10
21.0633
 20
18.5924
 30
0.0
  0
SPLINE
  5
2a1
100
AcDbEntity
  8
CFF-00-00
100
AcDbSpline
210
0.0
220
0.0
230
1.0
  6
CONTINUOUS
 70
     0
 71
     3
 72
     8
 73
4
 40
0.0
 40
0.0
 40
0.0
 40
0.0
 40
1.0
 40
1.0
 40
1.0
 40
1.0
 10
21.0633
 20
18.5924
 30
0.0
 10
21.0633
 20
18.4734
 30
0.0
 10
21.1268
 20
18.3609
 30
0.0
 10
21.2174
 20
18.2981
 30
0.0
  0
SPLINE
  5
2a2
100
AcDbEntity
  8
CFF-00-00
100
AcDbSpline
210
0.0
220
0.0
230
1.0
  6
CONTINUOUS
 70
     0
 71
     3
 72
     8
 73
4
 40
0.0
 40
0.0
 40
0.0
 40
0.0
 40
1.0
 40
1.0
 40
1.0
 40
1.0
 10
21.2174
 20
18.2981
 30
0.0
 10
21.2948
 20
18.2419
 30
0.0
 10
21.3716
 20
18.228
 30
0.0
 10
21.5535
 20
18.228
 30
0.0
  0
LINE
  5
2a3
100
AcDbEntity
  8
CFF-00-00
100
AcDbLine
  6
CONTINUOUS
 10
21.5535
 20
18.228
 30
0.0
 11
21.6309
 21
18.228
 31
0.0
  0
LINE
  5
2a4
100
AcDbEntity
  8
CFF-00-00
100
AcDbLine
  6
CONTINUOUS
 10
21.6309
 20
18.228
 30
0.0
 11
21.6309
 21
15.721
 31
0.0
  0
LINE
  5
2a5
100
AcDbEntity
  8
CFF-00-00
100
AcDbLine
  6
CONTINUOUS
 10
21.6309
 20
15.721
 30
0.0
 11
21.5535
 21
15.721
 31
0.0
  0
SPLINE
  5
2a6
100
AcDbEntity
  8
CFF-00-00
100
AcDbSpline
210
0.0
220
0.0
230
1.0
  6
CONTINUOUS
 70
     0
 71
     3
 72
     8
 73
4
 40
0.0
 40
0.0
 40
0.0
 40
0.0
 40
1.0
 40
1.0
 40
1.0
 40
1.0
 10
21.5535
 20
15.721
 30
0.0
 10
21.3788
 20
15.721
 30
0.0
 10
21.3153
 20
15.7071
 30
0.0
 10
21.2459
 20
15.6721
 30
0.0
  0
SPLINE
  5
2a7
100
AcDbEntity
  8
CFF-00-00
100
AcDbSpline
210
0.0
220
0.0
230
1.0
  6
CONTINUOUS
 70
     0
 71
     3
 72
     8
 73
4
 40
0.0
 40
0.0
 40
0.0
 40
0.0
 40
1.0
 40
1.0
 40
1.0
 40
1.0
 10
21.2459
 20
15.6721
 30
0.0
 10
21.1334
 20
15.602
 30
0.0
 10
21.0633
 20
15.4829
 30
0.0
 10
21.0633
 20
15.3639
 30
0.0
  0
SPLINE
  5
2a8
100
AcDbEntity
  8
CFF-00-00
100
AcDbSpline
210
0.0
220
0.0
230
1.0
  6
CONTINUOUS
 70
     0
 71
     3
 72
     8
 73
4
 40
0.0
 40
0.0
 40
0.0
 40
0.0
 40
1.0
 40
1.0
 40
1.0
 40
1.0
 10
21.0633
 20
15.3639
 30
0.0
 10
21.0633
 20
15.1264
 30
0.0
 10
21.2313
 20
15
 30
0.0
 10
21.5535
 20
15
 30
0.0
  0
LINE
  5
2a9
100
AcDbEntity
  8
CFF-00-00
100
AcDbLine
  6
CONTINUOUS
 10
21.5535
 20
15
 30
0.0
 11
23.0589
 21
15
 31
0.0
  0
SPLINE
  5
2aa
100
AcDbEntity
  8
CFF-00-00
100
AcDbSpline
210
0.0
220
0.0
230
1.0
  6
CONTINUOUS
 70
     0
 71
     3
 72
     8
 73
4
 40
0.0
 40
0.0
 40
0.0
 40
0.0
 40
1.0
 40
1.0
 40
1.0
 40
1.0
 10
23.0589
 20
15
 30
0.0
 10
23.3811
 20
15
 30
0.0
 10
23.5491
 20
15.1191
 30
0.0
 10
23.5491
 20
15.3639
 30
0.0
  0
SPLINE
  5
2ab
100
AcDbEntity
  8
CFF-00-00
100
AcDbSpline
210
0.0
220
0.0
230
1.0
  6
CONTINUOUS
 70
     0
 71
     3
 72
     8
 73
4
 40
0.0
 40
0.0
 40
0.0
 40
0.0
 40
1.0
 40
1.0
 40
1.0
 40
1.0
 10
23.5491
 20
15.3639
 30
0.0
 10
23.5491
 20
15.4763
 30
0.0
 10
23.4935
 20
15.5815
 30
0.0
 10
23.395
 20
15.6509
 30
0.0
  0
SPLINE
  5
2ac
100
AcDbEntity
  8
CFF-00-00
100
AcDbSpline
210
0.0
220
0.0
230
1.0
  6
CONTINUOUS
 70
     0
 71
     3
 72
     8
 73
4
 40
0.0
 40
0.0
 40
0.0
 40
0.0
 40
1.0
 40
1.0
 40
1.0
 40
1.0
 10
23.395
 20
15.6509
 30
0.0
 10
23.3182
 20
15.7071
 30
0.0
 10
23.2481
 20
15.721
 30
0.0
 10
23.0589
 20
15.721
 30
0.0
  0
LINE
  5
2ad
100
AcDbEntity
  8
CFF-00-00
100
AcDbLine
  6
CONTINUOUS
 10
23.0589
 20
15.721
 30
0.0
 11
22.3869
 21
15.721
 31
0.0
  0
LINE
  5
2ae
100
AcDbEntity
  8
CFF-00-00
100
AcDbLine
  6
CONTINUOUS
 10
22.3869
 20
15.721
 30
0.0
 11
22.3869
 21
16.6246
 31
0.0
  0
LINE
  5
2af
100
AcDbEntity
  8
CFF-00-00
100
AcDbLine
  6
CONTINUOUS
 10
27.6789
 20
19.2222
 30
0.0
 11
26.4049
 21
19.2222
 31
0.0
  0
SPLINE
  5
2b0
100
AcDbEntity
  8
CFF-00-00
100
AcDbSpline
210
0.0
220
0.0
230
1.0
  6
CONTINUOUS
 70
     0
 71
     3
 72
     8
 73
4
 40
0.0
 40
0.0
 40
0.0
 40
0.0
 40
1.0
 40
1.0
 40
1.0
 40
1.0
 10
26.4049
 20
19.2222
 30
0.0
 10
26.223
 20
19.2222
 30
0.0
 10
26.1595
 20
19.2083
 30
0.0
 10
26.0894
 20
19.1732
 30
0.0
  0
SPLINE
  5
2b1
100
AcDbEntity
  8
CFF-00-00
100
AcDbSpline
210
0.0
220
0.0
230
1.0
  6
CONTINUOUS
 70
     0
 71
     3
 72
     8
 73
4
 40
0.0
 40
0.0
 40
0.0
 40
0.0
 40
1.0
 40
1.0
 40
1.0
 40
1.0
 10
26.0894
 20
19.1732
 30
0.0
 10
25.9776
 20
19.1031
 30
0.0
 10
25.9075
 20
18.984
 30
0.0
 10
25.9075
 20
18.8583
 30
0.0
  0
SPLINE
  5
2b2
100
AcDbEntity
  8
CFF-00-00
100
AcDbSpline
210
0.0
220
0.0
230
1.0
  6
CONTINUOUS
 70
     0
 71
     3
 72
     8
 73
4
 40
0.0
 40
0.0
 40
0.0
 40
0.0
 40
1.0
 40
1.0
 40
1.0
 40
1.0
 10
25.9075
 20
18.8583
 30
0.0
 10
25.9075
 20
18.7393
 30
0.0
 10
25.9637
 20
18.6341
 30
0.0
 10
26.0689
 20
18.564
 30
0.0
  0
SPLINE
  5
2b3
100
AcDbEntity
  8
CFF-00-00
100
AcDbSpline
210
0.0
220
0.0
230
1.0
  6
CONTINUOUS
 70
     0
 71
     3
 72
     8
 73
4
 40
0.0
 40
0.0
 40
0.0
 40
0.0
 40
1.0
 40
1.0
 40
1.0
 40
1.0
 10
26.0689
 20
18.564
 30
0.0
 10
26.139
 20
18.5084
 30
0.0
 10
26.223
 20
18.4939
 30
0.0
 10
26.4049
 20
18.4939
 30
0.0
  0
LINE
  5
2b4
100
AcDbEntity
  8
CFF-00-00
100
AcDbLine
  6
CONTINUOUS
 10
26.4049
 20
18.4939
 30
0.0
 11
26.9228
 21
18.4939
 31
0.0
  0
LINE
  5
2b5
100
AcDbEntity
  8
CFF-00-00
100
AcDbLine
  6
CONTINUOUS
 10
26.9228
 20
18.4939
 30
0.0
 11
26.9228
 21
15.721
 31
0.0
  0
LINE
  5
2b6
100
AcDbEntity
  8
CFF-00-00
100
AcDbLine
  6
CONTINUOUS
 10
26.9228
 20
15.721
 30
0.0
 11
26.0967
 21
15.721
 31
0.0
  0
SPLINE
  5
2b7
100
AcDbEntity
  8
CFF-00-00
100
AcDbSpline
210
0.0
220
0.0
230
1.0
  6
CONTINUOUS
 70
     0
 71
     3
 72
     8
 73
4
 40
0.0
 40
0.0
 40
0.0
 40
0.0
 40
1.0
 40
1.0
 40
1.0
 40
1.0
 10
26.0967
 20
15.721
 30
0.0
 10
25.9148
 20
15.721
 30
0.0
 10
25.8585
 20
15.7144
 30
0.0
 10
25.7884
 20
15.6721
 30
0.0
  0
SPLINE
  5
2b8
100
AcDbEntity
  8
CFF-00-00
100
AcDbSpline
210
0.0
220
0.0
230
1.0
  6
CONTINUOUS
 70
     0
 71
     3
 72
     8
 73
4
 40
0.0
 40
0.0
 40
0.0
 40
0.0
 40
1.0
 40
1.0
 40
1.0
 40
1.0
 10
25.7884
 20
15.6721
 30
0.0
 10
25.6766
 20
15.602
 30
0.0
 10
25.6066
 20
15.4829
 30
0.0
 10
25.6066
 20
15.3639
 30
0.0
  0
SPLINE
  5
2b9
100
AcDbEntity
  8
CFF-00-00
100
AcDbSpline
210
0.0
220
0.0
230
1.0
  6
CONTINUOUS
 70
     0
 71
     3
 72
     8
 73
4
 40
0.0
 40
0.0
 40
0.0
 40
0.0
 40
1.0
 40
1.0
 40
1.0
 40
1.0
 10
25.6066
 20
15.3639
 30
0.0
 10
25.6066
 20
15.1264
 30
0.0
 10
25.7745
 20
15
 30
0.0
 10
26.0967
 20
15
 30
0.0
  0
LINE
  5
2ba
100
AcDbEntity
  8
CFF-00-00
100
AcDbLine
  6
CONTINUOUS
 10
26.0967
 20
15
 30
0.0
 11
28.5057
 21
15
 31
0.0
  0
SPLINE
  5
2bb
100
AcDbEntity
  8
CFF-00-00
100
AcDbSpline
210
0.0
220
0.0
230
1.0
  6
CONTINUOUS
 70
     0
 71
     3
 72
     8
 73
4
 40
0.0
 40
0.0
 40
0.0
 40
0.0
 40
1.0
 40
1.0
 40
1.0
 40
1.0
 10
28.5057
 20
15
 30
0.0
 10
28.8278
 20
15
 30
0.0
 10
28.9959
 20
15.1264
 30
0.0
 10
28.9959
 20
15.3639
 30
0.0
  0
SPLINE
  5
2bc
100
AcDbEntity
  8
CFF-00-00
100
AcDbSpline
210
0.0
220
0.0
230
1.0
  6
CONTINUOUS
 70
     0
 71
     3
 72
     8
 73
4
 40
0.0
 40
0.0
 40
0.0
 40
0.0
 40
1.0
 40
1.0
 40
1.0
 40
1.0
 10
28.9959
 20
15.3639
 30
0.0
 10
28.9959
 20
15.4763
 30
0.0
 10
28.9396
 20
15.5815
 30
0.0
 10
28.8417
 20
15.6509
 30
0.0
  0
SPLINE
  5
2bd
100
AcDbEntity
  8
CFF-00-00
100
AcDbSpline
210
0.0
220
0.0
230
1.0
  6
CONTINUOUS
 70
     0
 71
     3
 72
     8
 73
4
 40
0.0
 40
0.0
 40
0.0
 40
0.0
 40
1.0
 40
1.0
 40
1.0
 40
1.0
 10
28.8417
 20
15.6509
 30
0.0
 10
28.7643
 20
15.7071
 30
0.0
 10
28.6942
 20
15.721
 30
0.0
 10
28.5057
 20
15.721
 30
0.0
  0
LINE
  5
2be
100
AcDbEntity
  8
CFF-00-00
100
AcDbLine
  6
CONTINUOUS
 10
28.5057
 20
15.721
 30
0.0
 11
27.6789
 21
15.721
 31
0.0
  0
LINE
  5
2bf
100
AcDbEntity
  8
CFF-00-00
100
AcDbLine
  6
CONTINUOUS
 10
27.6789
 20
15.721
 30
0.0
 11
27.6789
 21
19.2222
 31
0.0
  0
LINE
  5
2c0
100
AcDbEntity
  8
CFF-00-00
100
AcDbLine
  6
CONTINUOUS
 10
32.0892
 20
15
 30
0.0
 11
32.9365
 21
15
 31
0.0
  0
SPLINE
  5
2c1
100
AcDbEntity
  8
CFF-00-00
100
AcDbSpline
210
0.0
220
0.0
230
1.0
  6
CONTINUOUS
 70
     0
 71
     3
 72
     8
 73
4
 40
0.0
 40
0.0
 40
0.0
 40
0.0
 40
1.0
 40
1.0
 40
1.0
 40
1.0
 10
32.9365
 20
15
 30
0.0
 10
33.2653
 20
15
 30
0.0
 10
33.4266
 20
15.1191
 30
0.0
 10
33.4266
 20
15.3639
 30
0.0
  0
SPLINE
  5
2c2
100
AcDbEntity
  8
CFF-00-00
100
AcDbSpline
210
0.0
220
0.0
230
1.0
  6
CONTINUOUS
 70
     0
 71
     3
 72
     8
 73
4
 40
0.0
 40
0.0
 40
0.0
 40
0.0
 40
1.0
 40
1.0
 40
1.0
 40
1.0
 10
33.4266
 20
15.3639
 30
0.0
 10
33.4266
 20
15.4763
 30
0.0
 10
33.3704
 20
15.5881
 30
0.0
 10
33.2725
 20
15.6582
 30
0.0
  0
SPLINE
  5
2c3
100
AcDbEntity
  8
CFF-00-00
100
AcDbSpline
210
0.0
220
0.0
230
1.0
  6
CONTINUOUS
 70
     0
 71
     3
 72
     8
 73
4
 40
0.0
 40
0.0
 40
0.0
 40
0.0
 40
1.0
 40
1.0
 40
1.0
 40
1.0
 10
33.2725
 20
15.6582
 30
0.0
 10
33.1958
 20
15.7071
 30
0.0
 10
33.1323
 20
15.721
 30
0.0
 10
32.9365
 20
15.721
 30
0.0
  0
LINE
  5
2c4
100
AcDbEntity
  8
CFF-00-00
100
AcDbLine
  6
CONTINUOUS
 10
32.9365
 20
15.721
 30
0.0
 11
32.8525
 21
15.721
 31
0.0
  0
LINE
  5
2c5
100
AcDbEntity
  8
CFF-00-00
100
AcDbLine
  6
CONTINUOUS
 10
32.8525
 20
15.721
 30
0.0
 11
32.8525
 21
17.0446
 31
0.0
  0
SPLINE
  5
2c6
100
AcDbEntity
  8
CFF-00-00
100
AcDbSpline
210
0.0
220
0.0
230
1.0
  6
CONTINUOUS
 70
     0
 71
     3
 72
     8
 73
4
 40
0.0
 40
0.0
 40
0.0
 40
0.0
 40
1.0
 40
1.0
 40
1.0
 40
1.0
 10
32.8525
 20
17.0446
 30
0.0
 10
32.8525
 20
17.6816
 30
0.0
 10
32.3273
 20
18.06
 30
0.0
 10
31.4449
 20
18.06
 30
0.0
  0
SPLINE
  5
2c7
100
AcDbEntity
  8
CFF-00-00
100
AcDbSpline
210
0.0
220
0.0
230
1.0
  6
CONTINUOUS
 70
     0
 71
     3
 72
     8
 73
4
 40
0.0
 40
0.0
 40
0.0
 40
0.0
 40
1.0
 40
1.0
 40
1.0
 40
1.0
 10
31.4449
 20
18.06
 30
0.0
 10
31.0877
 20
18.06
 30
0.0
 10
30.5764
 20
17.976
 30
0.0
 10
30.2338
 20
17.8642
 30
0.0
  0
SPLINE
  5
2c8
100
AcDbEntity
  8
CFF-00-00
100
AcDbSpline
210
0.0
220
0.0
230
1.0
  6
CONTINUOUS
 70
     0
 71
     3
 72
     8
 73
4
 40
0.0
 40
0.0
 40
0.0
 40
0.0
 40
1.0
 40
1.0
 40
1.0
 40
1.0
 10
30.2338
 20
17.8642
 30
0.0
 10
30.0797
 20
17.8079
 30
0.0
 10
30.0023
 20
17.7028
 30
0.0
 10
30.0023
 20
17.5486
 30
0.0
  0
SPLINE
  5
2c9
100
AcDbEntity
  8
CFF-00-00
100
AcDbSpline
210
0.0
220
0.0
230
1.0
  6
CONTINUOUS
 70
     0
 71
     3
 72
     8
 73
4
 40
0.0
 40
0.0
 40
0.0
 40
0.0
 40
1.0
 40
1.0
 40
1.0
 40
1.0
 10
30.0023
 20
17.5486
 30
0.0
 10
30.0023
 20
17.3456
 30
0.0
 10
30.1637
 20
17.1849
 30
0.0
 10
30.3667
 20
17.1849
 30
0.0
  0
SPLINE
  5
2ca
100
AcDbEntity
  8
CFF-00-00
100
AcDbSpline
210
0.0
220
0.0
230
1.0
  6
CONTINUOUS
 70
     0
 71
     3
 72
     8
 73
4
 40
0.0
 40
0.0
 40
0.0
 40
0.0
 40
1.0
 40
1.0
 40
1.0
 40
1.0
 10
30.3667
 20
17.1849
 30
0.0
 10
30.4369
 20
17.1849
 30
0.0
 10
30.5348
 20
17.1987
 30
0.0
 10
30.6604
 20
17.2265
 30
0.0
  0
SPLINE
  5
2cb
100
AcDbEntity
  8
CFF-00-00
100
AcDbSpline
210
0.0
220
0.0
230
1.0
  6
CONTINUOUS
 70
     0
 71
     3
 72
     8
 73
4
 40
0.0
 40
0.0
 40
0.0
 40
0.0
 40
1.0
 40
1.0
 40
1.0
 40
1.0
 10
30.6604
 20
17.2265
 30
0.0
 10
30.9971
 20
17.3039
 30
0.0
 10
31.2352
 20
17.339
 30
0.0
 10
31.4727
 20
17.339
 30
0.0
  0
SPLINE
  5
2cc
100
AcDbEntity
  8
CFF-00-00
100
AcDbSpline
210
0.0
220
0.0
230
1.0
  6
CONTINUOUS
 70
     0
 71
     3
 72
     8
 73
4
 40
0.0
 40
0.0
 40
0.0
 40
0.0
 40
1.0
 40
1.0
 40
1.0
 40
1.0
 10
31.4727
 20
17.339
 30
0.0
 10
31.9
 20
17.339
 30
0.0
 10
32.0892
 20
17.2477
 30
0.0
 10
32.0892
 20
17.0446
 30
0.0
  0
LINE
  5
2cd
100
AcDbEntity
  8
CFF-00-00
100
AcDbLine
  6
CONTINUOUS
 10
32.0892
 20
17.0446
 30
0.0
 11
32.0892
 21
16.9189
 31
0.0
  0
SPLINE
  5
2ce
100
AcDbEntity
  8
CFF-00-00
100
AcDbSpline
210
0.0
220
0.0
230
1.0
  6
CONTINUOUS
 70
     0
 71
     3
 72
     8
 73
4
 40
0.0
 40
0.0
 40
0.0
 40
0.0
 40
1.0
 40
1.0
 40
1.0
 40
1.0
 10
32.0892
 20
16.9189
 30
0.0
 10
31.8438
 20
16.9606
 30
0.0
 10
31.6129
 20
16.9818
 30
0.0
 10
31.3821
 20
16.9818
 30
0.0
  0
SPLINE
  5
2cf
100
AcDbEntity
  8
CFF-00-00
100
AcDbSpline
210
0.0
220
0.0
230
1.0
  6
CONTINUOUS
 70
     0
 71
     3
 72
     8
 73
4
 40
0.0
 40
0.0
 40
0.0
 40
0.0
 40
1.0
 40
1.0
 40
1.0
 40
1.0
 10
31.3821
 20
16.9818
 30
0.0
 10
30.759
 20
16.9818
 30
0.0
 10
30.2755
 20
16.8065
 30
0.0
 10
29.9467
 20
16.4632
 30
0.0
  0
SPLINE
  5
2d0
100
AcDbEntity
  8
CFF-00-00
100
AcDbSpline
210
0.0
220
0.0
230
1.0
  6
CONTINUOUS
 70
     0
 71
     3
 72
     8
 73
4
 40
0.0
 40
0.0
 40
0.0
 40
0.0
 40
1.0
 40
1.0
 40
1.0
 40
1.0
 10
29.9467
 20
16.4632
 30
0.0
 10
29.7714
 20
16.2813
 30
0.0
 10
29.6662
 20
16.0366
 30
0.0
 10
29.6662
 20
15.8196
 30
0.0
  0
SPLINE
  5
2d1
100
AcDbEntity
  8
CFF-00-00
100
AcDbSpline
210
0.0
220
0.0
230
1.0
  6
CONTINUOUS
 70
     0
 71
     3
 72
     8
 73
4
 40
0.0
 40
0.0
 40
0.0
 40
0.0
 40
1.0
 40
1.0
 40
1.0
 40
1.0
 10
29.6662
 20
15.8196
 30
0.0
 10
29.6662
 20
15.3083
 30
0.0
 10
30.2477
 20
14.8949
 30
0.0
 10
30.9687
 20
14.8949
 30
0.0
  0
SPLINE
  5
2d2
100
AcDbEntity
  8
CFF-00-00
100
AcDbSpline
210
0.0
220
0.0
230
1.0
  6
CONTINUOUS
 70
     0
 71
     3
 72
     8
 73
4
 40
0.0
 40
0.0
 40
0.0
 40
0.0
 40
1.0
 40
1.0
 40
1.0
 40
1.0
 10
30.9687
 20
14.8949
 30
0.0
 10
31.3536
 20
14.8949
 30
0.0
 10
31.7598
 20
14.9789
 30
0.0
 10
32.0892
 20
15.133
 30
0.0
  0
LINE
  5
2d3
100
AcDbEntity
  8
CFF-00-00
100
AcDbLine
  6
CONTINUOUS
 10
32.0892
 20
15.133
 30
0.0
 11
32.0892
 21
15
 31
0.0
  0
SPLINE
  5
2d4
100
AcDbEntity
  8
CFF-00-00
100
AcDbSpline
210
0.0
220
0.0
230
1.0
  6
CONTINUOUS
 70
     0
 71
     3
 72
     8
 73
4
 40
0.0
 40
0.0
 40
0.0
 40
0.0
 40
1.0
 40
1.0
 40
1.0
 40
1.0
 10
32.0964
 20
15.9453
 30
0.0
 10
31.7181
 20
15.7283
 30
0.0
 10
31.3397
 20
15.6165
 30
0.0
 10
30.962
 20
15.6165
 30
0.0
  0
SPLINE
  5
2d5
100
AcDbEntity
  8
CFF-00-00
100
AcDbSpline
210
0.0
220
0.0
230
1.0
  6
CONTINUOUS
 70
     0
 71
     3
 72
     8
 73
4
 40
0.0
 40
0.0
 40
0.0
 40
0.0
 40
1.0
 40
1.0
 40
1.0
 40
1.0
 10
30.962
 20
15.6165
 30
0.0
 10
30.6888
 20
15.6165
 30
0.0
 10
30.4646
 20
15.721
 30
0.0
 10
30.4646
 20
15.8474
 30
0.0
  0
SPLINE
  5
2d6
100
AcDbEntity
  8
CFF-00-00
100
AcDbSpline
210
0.0
220
0.0
230
1.0
  6
CONTINUOUS
 70
     0
 71
     3
 72
     8
 73
4
 40
0.0
 40
0.0
 40
0.0
 40
0.0
 40
1.0
 40
1.0
 40
1.0
 40
1.0
 10
30.4646
 20
15.8474
 30
0.0
 10
30.4646
 20
15.9453
 30
0.0
 10
30.5486
 20
16.0504
 30
0.0
 10
30.6888
 20
16.1417
 30
0.0
  0
SPLINE
  5
2d7
100
AcDbEntity
  8
CFF-00-00
100
AcDbSpline
210
0.0
220
0.0
230
1.0
  6
CONTINUOUS
 70
     0
 71
     3
 72
     8
 73
4
 40
0.0
 40
0.0
 40
0.0
 40
0.0
 40
1.0
 40
1.0
 40
1.0
 40
1.0
 10
30.6888
 20
16.1417
 30
0.0
 10
30.878
 20
16.2601
 30
0.0
 10
31.0738
 20
16.3097
 30
0.0
 10
31.3536
 20
16.3097
 30
0.0
  0
SPLINE
  5
2d8
100
AcDbEntity
  8
CFF-00-00
100
AcDbSpline
210
0.0
220
0.0
230
1.0
  6
CONTINUOUS
 70
     0
 71
     3
 72
     8
 73
4
 40
0.0
 40
0.0
 40
0.0
 40
0.0
 40
1.0
 40
1.0
 40
1.0
 40
1.0
 10
31.3536
 20
16.3097
 30
0.0
 10
31.5851
 20
16.3097
 30
0.0
 10
31.7948
 20
16.2886
 30
0.0
 10
32.0964
 20
16.2396
 30
0.0
  0
LINE
  5
2d9
100
AcDbEntity
  8
CFF-00-00
100
AcDbLine
  6
CONTINUOUS
 10
32.0964
 20
16.2396
 30
0.0
 11
32.0964
 21
15.9453
 31
0.0
  0
SPLINE
  5
2da
100
AcDbEntity
  8
CFF-00-00
100
AcDbSpline
210
0.0
220
0.0
230
1.0
  6
CONTINUOUS
 70
     0
 71
     3
 72
     8
 73
4
 40
0.0
 40
0.0
 40
0.0
 40
0.0
 40
1.0
 40
1.0
 40
1.0
 40
1.0
 10
37.1715
 20
17.591
 30
0.0
 10
37.1715
 20
17.7239
 30
0.0
 10
37.1641
 20
17.7729
 30
0.0
 10
37.1429
 20
17.8357
 30
0.0
  0
SPLINE
  5
2db
100
AcDbEntity
  8
CFF-00-00
100
AcDbSpline
210
0.0
220
0.0
230
1.0
  6
CONTINUOUS
 70
     0
 71
     3
 72
     8
 73
4
 40
0.0
 40
0.0
 40
0.0
 40
0.0
 40
1.0
 40
1.0
 40
1.0
 40
1.0
 10
37.1429
 20
17.8357
 30
0.0
 10
37.1087
 20
17.9687
 30
0.0
 10
36.9683
 20
18.06
 30
0.0
 10
36.8141
 20
18.06
 30
0.0
  0
SPLINE
  5
2dc
100
AcDbEntity
  8
CFF-00-00
100
AcDbSpline
210
0.0
220
0.0
230
1.0
  6
CONTINUOUS
 70
     0
 71
     3
 72
     8
 73
4
 40
0.0
 40
0.0
 40
0.0
 40
0.0
 40
1.0
 40
1.0
 40
1.0
 40
1.0
 10
36.8141
 20
18.06
 30
0.0
 10
36.7026
 20
18.06
 30
0.0
 10
36.6391
 20
18.0183
 30
0.0
 10
36.576
 20
17.8992
 30
0.0
  0
SPLINE
  5
2dd
100
AcDbEntity
  8
CFF-00-00
100
AcDbSpline
210
0.0
220
0.0
230
1.0
  6
CONTINUOUS
 70
     0
 71
     3
 72
     8
 73
4
 40
0.0
 40
0.0
 40
0.0
 40
0.0
 40
1.0
 40
1.0
 40
1.0
 40
1.0
 10
36.576
 20
17.8992
 30
0.0
 10
36.3167
 20
18.0037
 30
0.0
 10
36.0232
 20
18.06
 30
0.0
 10
35.687
 20
18.06
 30
0.0
  0
SPLINE
  5
2de
100
AcDbEntity
  8
CFF-00-00
100
AcDbSpline
210
0.0
220
0.0
230
1.0
  6
CONTINUOUS
 70
     0
 71
     3
 72
     8
 73
4
 40
0.0
 40
0.0
 40
0.0
 40
0.0
 40
1.0
 40
1.0
 40
1.0
 40
1.0
 10
35.687
 20
18.06
 30
0.0
 10
34.8326
 20
18.06
 30
0.0
 10
34.2167
 20
17.6677
 30
0.0
 10
34.2167
 20
17.1147
 30
0.0
  0
SPLINE
  5
2df
100
AcDbEntity
  8
CFF-00-00
100
AcDbSpline
210
0.0
220
0.0
230
1.0
  6
CONTINUOUS
 70
     0
 71
     3
 72
     8
 73
4
 40
0.0
 40
0.0
 40
0.0
 40
0.0
 40
1.0
 40
1.0
 40
1.0
 40
1.0
 10
34.2167
 20
17.1147
 30
0.0
 10
34.2167
 20
16.5757
 30
0.0
 10
34.6368
 20
16.2952
 30
0.0
 10
35.6309
 20
16.1907
 30
0.0
  0
SPLINE
  5
2e0
100
AcDbEntity
  8
CFF-00-00
100
AcDbSpline
210
0.0
220
0.0
230
1.0
  6
CONTINUOUS
 70
     0
 71
     3
 72
     8
 73
4
 40
0.0
 40
0.0
 40
0.0
 40
0.0
 40
1.0
 40
1.0
 40
1.0
 40
1.0
 10
35.6309
 20
16.1907
 30
0.0
 10
36.0094
 20
16.1556
 30
0.0
 10
36.1562
 20
16.1272
 30
0.0
 10
36.268
 20
16.0855
 30
0.0
  0
SPLINE
  5
2e1
100
AcDbEntity
  8
CFF-00-00
100
AcDbSpline
210
0.0
220
0.0
230
1.0
  6
CONTINUOUS
 70
     0
 71
     3
 72
     8
 73
4
 40
0.0
 40
0.0
 40
0.0
 40
0.0
 40
1.0
 40
1.0
 40
1.0
 40
1.0
 10
36.268
 20
16.0855
 30
0.0
 10
36.4081
 20
16.0293
 30
0.0
 10
36.492
 20
15.9525
 30
0.0
 10
36.492
 20
15.8752
 30
0.0
  0
SPLINE
  5
2e2
100
AcDbEntity
  8
CFF-00-00
100
AcDbSpline
210
0.0
220
0.0
230
1.0
  6
CONTINUOUS
 70
     0
 71
     3
 72
     8
 73
4
 40
0.0
 40
0.0
 40
0.0
 40
0.0
 40
1.0
 40
1.0
 40
1.0
 40
1.0
 10
36.492
 20
15.8752
 30
0.0
 10
36.492
 20
15.7356
 30
0.0
 10
36.1209
 20
15.6165
 30
0.0
 10
35.7078
 20
15.6165
 30
0.0
  0
SPLINE
  5
2e3
100
AcDbEntity
  8
CFF-00-00
100
AcDbSpline
210
0.0
220
0.0
230
1.0
  6
CONTINUOUS
 70
     0
 71
     3
 72
     8
 73
4
 40
0.0
 40
0.0
 40
0.0
 40
0.0
 40
1.0
 40
1.0
 40
1.0
 40
1.0
 10
35.7078
 20
15.6165
 30
0.0
 10
35.3367
 20
15.6165
 30
0.0
 10
35.0429
 20
15.7006
 30
0.0
 10
34.8464
 20
15.8613
 30
0.0
  0
SPLINE
  5
2e4
100
AcDbEntity
  8
CFF-00-00
100
AcDbSpline
210
0.0
220
0.0
230
1.0
  6
CONTINUOUS
 70
     0
 71
     3
 72
     8
 73
4
 40
0.0
 40
0.0
 40
0.0
 40
0.0
 40
1.0
 40
1.0
 40
1.0
 40
1.0
 10
34.8464
 20
15.8613
 30
0.0
 10
34.7836
 20
16.0716
 30
0.0
 10
34.6645
 20
16.1695
 30
0.0
 10
34.4688
 20
16.1695
 30
0.0
  0
SPLINE
  5
2e5
100
AcDbEntity
  8
CFF-00-00
100
AcDbSpline
210
0.0
220
0.0
230
1.0
  6
CONTINUOUS
 70
     0
 71
     3
 72
     8
 73
4
 40
0.0
 40
0.0
 40
0.0
 40
0.0
 40
1.0
 40
1.0
 40
1.0
 40
1.0
 10
34.4688
 20
16.1695
 30
0.0
 10
34.3358
 20
16.1695
 30
0.0
 10
34.2306
 20
16.1206
 30
0.0
 10
34.1532
 20
16.0227
 30
0.0
  0
SPLINE
  5
2e6
100
AcDbEntity
  8
CFF-00-00
100
AcDbSpline
210
0.0
220
0.0
230
1.0
  6
CONTINUOUS
 70
     0
 71
     3
 72
     8
 73
4
 40
0.0
 40
0.0
 40
0.0
 40
0.0
 40
1.0
 40
1.0
 40
1.0
 40
1.0
 10
34.1532
 20
16.0227
 30
0.0
 10
34.0977
 20
15.9453
 30
0.0
 10
34.0831
 20
15.8824
 30
0.0
 10
34.0831
 20
15.7006
 30
0.0
  0
LINE
  5
2e7
100
AcDbEntity
  8
CFF-00-00
100
AcDbLine
  6
CONTINUOUS
 10
34.0831
 20
15.7006
 30
0.0
 11
34.0831
 21
15.4763
 31
0.0
  0
SPLINE
  5
2e8
100
AcDbEntity
  8
CFF-00-00
100
AcDbSpline
210
0.0
220
0.0
230
1.0
  6
CONTINUOUS
 70
     0
 71
     3
 72
     8
 73
4
 40
0.0
 40
0.0
 40
0.0
 40
0.0
 40
1.0
 40
1.0
 40
1.0
 40
1.0
 10
34.0831
 20
15.4763
 30
0.0
 10
34.0831
 20
15.1542
 30
0.0
 10
34.2095
 20
15.0073
 30
0.0
 10
34.4688
 20
15.0073
 30
0.0
  0
SPLINE
  5
2e9
100
AcDbEntity
  8
CFF-00-00
100
AcDbSpline
210
0.0
220
0.0
230
1.0
  6
CONTINUOUS
 70
     0
 71
     3
 72
     8
 73
4
 40
0.0
 40
0.0
 40
0.0
 40
0.0
 40
1.0
 40
1.0
 40
1.0
 40
1.0
 10
34.4688
 20
15.0073
 30
0.0
 10
34.5594
 20
15.0073
 30
0.0
 10
34.6229
 20
15.0278
 30
0.0
 10
34.6996
 20
15.0841
 30
0.0
  0
SPLINE
  5
2ea
100
AcDbEntity
  8
CFF-00-00
100
AcDbSpline
210
0.0
220
0.0
230
1.0
  6
CONTINUOUS
 70
     0
 71
     3
 72
     8
 73
4
 40
0.0
 40
0.0
 40
0.0
 40
0.0
 40
1.0
 40
1.0
 40
1.0
 40
1.0
 10
34.6996
 20
15.0841
 30
0.0
 10
34.9728
 20
14.9577
 30
0.0
 10
35.33
 20
14.8949
 30
0.0
 10
35.736
 20
14.8949
 30
0.0
  0
SPLINE
  5
2eb
100
AcDbEntity
  8
CFF-00-00
100
AcDbSpline
210
0.0
220
0.0
230
1.0
  6
CONTINUOUS
 70
     0
 71
     3
 72
     8
 73
4
 40
0.0
 40
0.0
 40
0.0
 40
0.0
 40
1.0
 40
1.0
 40
1.0
 40
1.0
 10
35.736
 20
14.8949
 30
0.0
 10
36.6529
 20
14.8949
 30
0.0
 10
37.3182
 20
15.301
 30
0.0
 10
37.3182
 20
15.8613
 30
0.0
  0
SPLINE
  5
2ec
100
AcDbEntity
  8
CFF-00-00
100
AcDbSpline
210
0.0
220
0.0
230
1.0
  6
CONTINUOUS
 70
     0
 71
     3
 72
     8
 73
4
 40
0.0
 40
0.0
 40
0.0
 40
0.0
 40
1.0
 40
1.0
 40
1.0
 40
1.0
 10
37.3182
 20
15.8613
 30
0.0
 10
37.3182
 20
16.1834
 30
0.0
 10
37.1292
 20
16.4778
 30
0.0
 10
36.8141
 20
16.6457
 30
0.0
  0
SPLINE
  5
2ed
100
AcDbEntity
  8
CFF-00-00
100
AcDbSpline
210
0.0
220
0.0
230
1.0
  6
CONTINUOUS
 70
     0
 71
     3
 72
     8
 73
4
 40
0.0
 40
0.0
 40
0.0
 40
0.0
 40
1.0
 40
1.0
 40
1.0
 40
1.0
 10
36.8141
 20
16.6457
 30
0.0
 10
36.6039
 20
16.7575
 30
0.0
 10
36.3104
 20
16.8349
 30
0.0
 10
35.7918
 20
16.8978
 30
0.0
  0
SPLINE
  5
2ee
100
AcDbEntity
  8
CFF-00-00
100
AcDbSpline
210
0.0
220
0.0
230
1.0
  6
CONTINUOUS
 70
     0
 71
     3
 72
     8
 73
4
 40
0.0
 40
0.0
 40
0.0
 40
0.0
 40
1.0
 40
1.0
 40
1.0
 40
1.0
 10
35.7918
 20
16.8978
 30
0.0
 10
35.3437
 20
16.9606
 30
0.0
 10
35.3014
 20
16.9679
 30
0.0
 10
35.2109
 20
16.9957
 30
0.0
  0
SPLINE
  5
2ef
100
AcDbEntity
  8
CFF-00-00
100
AcDbSpline
210
0.0
220
0.0
230
1.0
  6
CONTINUOUS
 70
     0
 71
     3
 72
     8
 73
4
 40
0.0
 40
0.0
 40
0.0
 40
0.0
 40
1.0
 40
1.0
 40
1.0
 40
1.0
 10
35.2109
 20
16.9957
 30
0.0
 10
35.1057
 20
17.038
 30
0.0
 10
35.0429
 20
17.087
 30
0.0
 10
35.0429
 20
17.1359
 30
0.0
  0
SPLINE
  5
2f0
100
AcDbEntity
  8
CFF-00-00
100
AcDbSpline
210
0.0
220
0.0
230
1.0
  6
CONTINUOUS
 70
     0
 71
     3
 72
     8
 73
4
 40
0.0
 40
0.0
 40
0.0
 40
0.0
 40
1.0
 40
1.0
 40
1.0
 40
1.0
 10
35.0429
 20
17.1359
 30
0.0
 10
35.0429
 20
17.2338
 30
0.0
 10
35.379
 20
17.339
 30
0.0
 10
35.7078
 20
17.339
 30
0.0
  0
SPLINE
  5
2f1
100
AcDbEntity
  8
CFF-00-00
100
AcDbSpline
210
0.0
220
0.0
230
1.0
  6
CONTINUOUS
 70
     0
 71
     3
 72
     8
 73
4
 40
0.0
 40
0.0
 40
0.0
 40
0.0
 40
1.0
 40
1.0
 40
1.0
 40
1.0
 10
35.7078
 20
17.339
 30
0.0
 10
35.9946
 20
17.339
 30
0.0
 10
36.2264
 20
17.2755
 30
0.0
 10
36.4081
 20
17.1498
 30
0.0
  0
SPLINE
  5
2f2
100
AcDbEntity
  8
CFF-00-00
100
AcDbSpline
210
0.0
220
0.0
230
1.0
  6
CONTINUOUS
 70
     0
 71
     3
 72
     8
 73
4
 40
0.0
 40
0.0
 40
0.0
 40
0.0
 40
1.0
 40
1.0
 40
1.0
 40
1.0
 10
36.4081
 20
17.1498
 30
0.0
 10
36.5344
 20
16.9328
 30
0.0
 10
36.6183
 20
16.8766
 30
0.0
 10
36.793
 20
16.8766
 30
0.0
  0
SPLINE
  5
2f3
100
AcDbEntity
  8
CFF-00-00
100
AcDbSpline
210
0.0
220
0.0
230
1.0
  6
CONTINUOUS
 70
     0
 71
     3
 72
     8
 73
4
 40
0.0
 40
0.0
 40
0.0
 40
0.0
 40
1.0
 40
1.0
 40
1.0
 40
1.0
 10
36.793
 20
16.8766
 30
0.0
 10
36.9122
 20
16.8766
 30
0.0
 10
37.0247
 20
16.9328
 30
0.0
 10
37.1013
 20
17.0235
 30
0.0
  0
SPLINE
  5
2f4
100
AcDbEntity
  8
CFF-00-00
100
AcDbSpline
210
0.0
220
0.0
230
1.0
  6
CONTINUOUS
 70
     0
 71
     3
 72
     8
 73
4
 40
0.0
 40
0.0
 40
0.0
 40
0.0
 40
1.0
 40
1.0
 40
1.0
 40
1.0
 10
37.1013
 20
17.0235
 30
0.0
 10
37.1577
 20
17.0936
 30
0.0
 10
37.1715
 20
17.1637
 30
0.0
 10
37.1715
 20
17.3456
 30
0.0
  0
LINE
  5
2f5
100
AcDbEntity
  8
CFF-00-00
100
AcDbLine
  6
CONTINUOUS
 10
37.1715
 20
17.3456
 30
0.0
 11
37.1715
 21
17.591
 31
0.0
  0
SPLINE
  5
2f6
100
AcDbEntity
  8
CFF-00-00
100
AcDbSpline
210
0.0
220
0.0
230
1.0
  6
CONTINUOUS
 70
     0
 71
     3
 72
     8
 73
4
 40
0.0
 40
0.0
 40
0.0
 40
0.0
 40
1.0
 40
1.0
 40
1.0
 40
1.0
 10
41.6094
 20
17.591
 30
0.0
 10
41.6094
 20
17.9131
 30
0.0
 10
41.4972
 20
18.06
 30
0.0
 10
41.245
 20
18.06
 30
0.0
  0
SPLINE
  5
2f7
100
AcDbEntity
  8
CFF-00-00
100
AcDbSpline
210
0.0
220
0.0
230
1.0
  6
CONTINUOUS
 70
     0
 71
     3
 72
     8
 73
4
 40
0.0
 40
0.0
 40
0.0
 40
0.0
 40
1.0
 40
1.0
 40
1.0
 40
1.0
 10
41.245
 20
18.06
 30
0.0
 10
41.0908
 20
18.06
 30
0.0
 10
41.0143
 20
18.0037
 30
0.0
 10
40.9653
 20
17.8708
 30
0.0
  0
SPLINE
  5
2f8
100
AcDbEntity
  8
CFF-00-00
100
AcDbSpline
210
0.0
220
0.0
230
1.0
  6
CONTINUOUS
 70
     0
 71
     3
 72
     8
 73
4
 40
0.0
 40
0.0
 40
0.0
 40
0.0
 40
1.0
 40
1.0
 40
1.0
 40
1.0
 10
40.9653
 20
17.8708
 30
0.0
 10
40.6993
 20
17.9971
 30
0.0
 10
40.356
 20
18.06
 30
0.0
 10
39.9711
 20
18.06
 30
0.0
  0
SPLINE
  5
2f9
100
AcDbEntity
  8
CFF-00-00
100
AcDbSpline
210
0.0
220
0.0
230
1.0
  6
CONTINUOUS
 70
     0
 71
     3
 72
     8
 73
4
 40
0.0
 40
0.0
 40
0.0
 40
0.0
 40
1.0
 40
1.0
 40
1.0
 40
1.0
 10
39.9711
 20
18.06
 30
0.0
 10
38.8994
 20
18.06
 30
0.0
 10
38.1501
 20
17.3807
 30
0.0
 10
38.1501
 20
16.4076
 30
0.0
  0
SPLINE
  5
2fa
100
AcDbEntity
  8
CFF-00-00
100
AcDbSpline
210
0.0
220
0.0
230
1.0
  6
CONTINUOUS
 70
     0
 71
     3
 72
     8
 73
4
 40
0.0
 40
0.0
 40
0.0
 40
0.0
 40
1.0
 40
1.0
 40
1.0
 40
1.0
 10
38.1501
 20
16.4076
 30
0.0
 10
38.1501
 20
15.9942
 30
0.0
 10
38.2976
 20
15.6371
 30
0.0
 10
38.5847
 20
15.3639
 30
0.0
  0
SPLINE
  5
2fb
100
AcDbEntity
  8
CFF-00-00
100
AcDbSpline
210
0.0
220
0.0
230
1.0
  6
CONTINUOUS
 70
     0
 71
     3
 72
     8
 73
4
 40
0.0
 40
0.0
 40
0.0
 40
0.0
 40
1.0
 40
1.0
 40
1.0
 40
1.0
 10
38.5847
 20
15.3639
 30
0.0
 10
38.9347
 20
15.0351
 30
0.0
 10
39.3756
 20
14.8949
 30
0.0
 10
40.0618
 20
14.8949
 30
0.0
  0
SPLINE
  5
2fc
100
AcDbEntity
  8
CFF-00-00
100
AcDbSpline
210
0.0
220
0.0
230
1.0
  6
CONTINUOUS
 70
     0
 71
     3
 72
     8
 73
4
 40
0.0
 40
0.0
 40
0.0
 40
0.0
 40
1.0
 40
1.0
 40
1.0
 40
1.0
 10
40.0618
 20
14.8949
 30
0.0
 10
40.5804
 20
14.8949
 30
0.0
 10
41.0281
 20
14.9723
 30
0.0
 10
41.3152
 20
15.1118
 30
0.0
  0
SPLINE
  5
2fd
100
AcDbEntity
  8
CFF-00-00
100
AcDbSpline
210
0.0
220
0.0
230
1.0
  6
CONTINUOUS
 70
     0
 71
     3
 72
     8
 73
4
 40
0.0
 40
0.0
 40
0.0
 40
0.0
 40
1.0
 40
1.0
 40
1.0
 40
1.0
 10
41.3152
 20
15.1118
 30
0.0
 10
41.6235
 20
15.2593
 30
0.0
 10
41.7841
 20
15.4413
 30
0.0
 10
41.7841
 20
15.6304
 30
0.0
  0
SPLINE
  5
2fe
100
AcDbEntity
  8
CFF-00-00
100
AcDbSpline
210
0.0
220
0.0
230
1.0
  6
CONTINUOUS
 70
     0
 71
     3
 72
     8
 73
4
 40
0.0
 40
0.0
 40
0.0
 40
0.0
 40
1.0
 40
1.0
 40
1.0
 40
1.0
 10
41.7841
 20
15.6304
 30
0.0
 10
41.7841
 20
15.8262
 30
0.0
 10
41.6161
 20
15.9942
 30
0.0
 10
41.4066
 20
15.9942
 30
0.0
  0
SPLINE
  5
2ff
100
AcDbEntity
  8
CFF-00-00
100
AcDbSpline
210
0.0
220
0.0
230
1.0
  6
CONTINUOUS
 70
     0
 71
     3
 72
     8
 73
4
 40
0.0
 40
0.0
 40
0.0
 40
0.0
 40
1.0
 40
1.0
 40
1.0
 40
1.0
 10
41.4066
 20
15.9942
 30
0.0
 10
41.3152
 20
15.9942
 30
0.0
 10
41.245
 20
15.9664
 30
0.0
 10
41.1748
 20
15.9102
 30
0.0
  0
SPLINE
  5
300
100
AcDbEntity
  8
CFF-00-00
100
AcDbSpline
210
0.0
220
0.0
230
1.0
  6
CONTINUOUS
 70
     0
 71
     3
 72
     8
 73
4
 40
0.0
 40
0.0
 40
0.0
 40
0.0
 40
1.0
 40
1.0
 40
1.0
 40
1.0
 10
41.1748
 20
15.9102
 30
0.0
 10
40.8951
 20
15.6794
 30
0.0
 10
40.671
 20
15.6165
 30
0.0
 10
40.1108
 20
15.6165
 30
0.0
  0
SPLINE
  5
301
100
AcDbEntity
  8
CFF-00-00
100
AcDbSpline
210
0.0
220
0.0
230
1.0
  6
CONTINUOUS
 70
     0
 71
     3
 72
     8
 73
4
 40
0.0
 40
0.0
 40
0.0
 40
0.0
 40
1.0
 40
1.0
 40
1.0
 40
1.0
 10
40.1108
 20
15.6165
 30
0.0
 10
39.3058
 20
15.6165
 30
0.0
 10
38.9068
 20
15.8824
 30
0.0
 10
38.9068
 20
16.4076
 30
0.0
  0
SPLINE
  5
302
100
AcDbEntity
  8
CFF-00-00
100
AcDbSpline
210
0.0
220
0.0
230
1.0
  6
CONTINUOUS
 70
     0
 71
     3
 72
     8
 73
4
 40
0.0
 40
0.0
 40
0.0
 40
0.0
 40
1.0
 40
1.0
 40
1.0
 40
1.0
 10
38.9068
 20
16.4076
 30
0.0
 10
38.9068
 20
16.9745
 30
0.0
 10
39.327
 20
17.339
 30
0.0
 10
39.9778
 20
17.339
 30
0.0
  0
SPLINE
  5
303
100
AcDbEntity
  8
CFF-00-00
100
AcDbSpline
210
0.0
220
0.0
230
1.0
  6
CONTINUOUS
 70
     0
 71
     3
 72
     8
 73
4
 40
0.0
 40
0.0
 40
0.0
 40
0.0
 40
1.0
 40
1.0
 40
1.0
 40
1.0
 10
39.9778
 20
17.339
 30
0.0
 10
40.2788
 20
17.339
 30
0.0
 10
40.5239
 20
17.2828
 30
0.0
 10
40.6993
 20
17.171
 30
0.0
  0
SPLINE
  5
304
100
AcDbEntity
  8
CFF-00-00
100
AcDbSpline
210
0.0
220
0.0
230
1.0
  6
CONTINUOUS
 70
     0
 71
     3
 72
     8
 73
4
 40
0.0
 40
0.0
 40
0.0
 40
0.0
 40
1.0
 40
1.0
 40
1.0
 40
1.0
 10
40.6993
 20
17.171
 30
0.0
 10
40.7832
 20
17.122
 30
0.0
 10
40.8252
 20
17.0658
 30
0.0
 10
40.8464
 20
16.9533
 30
0.0
  0
SPLINE
  5
305
100
AcDbEntity
  8
CFF-00-00
100
AcDbSpline
210
0.0
220
0.0
230
1.0
  6
CONTINUOUS
 70
     0
 71
     3
 72
     8
 73
4
 40
0.0
 40
0.0
 40
0.0
 40
0.0
 40
1.0
 40
1.0
 40
1.0
 40
1.0
 10
40.8464
 20
16.9533
 30
0.0
 10
40.8813
 20
16.7999
 30
0.0
 10
40.9025
 20
16.7575
 30
0.0
 10
40.9579
 20
16.7086
 30
0.0
  0
SPLINE
  5
306
100
AcDbEntity
  8
CFF-00-00
100
AcDbSpline
210
0.0
220
0.0
230
1.0
  6
CONTINUOUS
 70
     0
 71
     3
 72
     8
 73
4
 40
0.0
 40
0.0
 40
0.0
 40
0.0
 40
1.0
 40
1.0
 40
1.0
 40
1.0
 10
40.9579
 20
16.7086
 30
0.0
 10
41.0214
 20
16.6524
 30
0.0
 10
41.1332
 20
16.6107
 30
0.0
 10
41.2313
 20
16.6107
 30
0.0
  0
SPLINE
  5
307
100
AcDbEntity
  8
CFF-00-00
100
AcDbSpline
210
0.0
220
0.0
230
1.0
  6
CONTINUOUS
 70
     0
 71
     3
 72
     8
 73
4
 40
0.0
 40
0.0
 40
0.0
 40
0.0
 40
1.0
 40
1.0
 40
1.0
 40
1.0
 10
41.2313
 20
16.6107
 30
0.0
 10
41.3501
 20
16.6107
 30
0.0
 10
41.462
 20
16.6663
 30
0.0
 10
41.5396
 20
16.7575
 30
0.0
  0
SPLINE
  5
308
100
AcDbEntity
  8
CFF-00-00
100
AcDbSpline
210
0.0
220
0.0
230
1.0
  6
CONTINUOUS
 70
     0
 71
     3
 72
     8
 73
4
 40
0.0
 40
0.0
 40
0.0
 40
0.0
 40
1.0
 40
1.0
 40
1.0
 40
1.0
 10
41.5396
 20
16.7575
 30
0.0
 10
41.5957
 20
16.8277
 30
0.0
 10
41.6094
 20
16.8978
 30
0.0
 10
41.6094
 20
17.0797
 30
0.0
  0
LINE
  5
309
100
AcDbEntity
  8
CFF-00-00
100
AcDbLine
  6
CONTINUOUS
 10
41.6094
 20
17.0797
 30
0.0
 11
41.6094
 21
17.591
 31
0.0
  0
LINE
  5
30a
100
AcDbEntity
  8
CFF-00-00
100
AcDbLine
  6
CONTINUOUS
 10
43.3938
 20
19.2222
 30
0.0
 11
42.5531
 21
19.2222
 31
0.0
  0
SPLINE
  5
30b
100
AcDbEntity
  8
CFF-00-00
100
AcDbSpline
210
0.0
220
0.0
230
1.0
  6
CONTINUOUS
 70
     0
 71
     3
 72
     8
 73
4
 40
0.0
 40
0.0
 40
0.0
 40
0.0
 40
1.0
 40
1.0
 40
1.0
 40
1.0
 10
42.5531
 20
19.2222
 30
0.0
 10
42.4134
 20
19.2222
 30
0.0
 10
42.364
 20
19.2222
 30
0.0
 10
42.2945
 20
19.2016
 30
0.0
  0
SPLINE
  5
30c
100
AcDbEntity
  8
CFF-00-00
100
AcDbSpline
210
0.0
220
0.0
230
1.0
  6
CONTINUOUS
 70
     0
 71
     3
 72
     8
 73
4
 40
0.0
 40
0.0
 40
0.0
 40
0.0
 40
1.0
 40
1.0
 40
1.0
 40
1.0
 10
42.2945
 20
19.2016
 30
0.0
 10
42.1608
 20
19.152
 30
0.0
 10
42.0631
 20
19.0125
 30
0.0
 10
42.0631
 20
18.865
 30
0.0
  0
SPLINE
  5
30d
100
AcDbEntity
  8
CFF-00-00
100
AcDbSpline
210
0.0
220
0.0
230
1.0
  6
CONTINUOUS
 70
     0
 71
     3
 72
     8
 73
4
 40
0.0
 40
0.0
 40
0.0
 40
0.0
 40
1.0
 40
1.0
 40
1.0
 40
1.0
 10
42.0631
 20
18.865
 30
0.0
 10
42.0631
 20
18.7459
 30
0.0
 10
42.1192
 20
18.6414
 30
0.0
 10
42.2169
 20
18.5713
 30
0.0
  0
SPLINE
  5
30e
100
AcDbEntity
  8
CFF-00-00
100
AcDbSpline
210
0.0
220
0.0
230
1.0
  6
CONTINUOUS
 70
     0
 71
     3
 72
     8
 73
4
 40
0.0
 40
0.0
 40
0.0
 40
0.0
 40
1.0
 40
1.0
 40
1.0
 40
1.0
 10
42.2169
 20
18.5713
 30
0.0
 10
42.2871
 20
18.515
 30
0.0
 10
42.364
 20
18.5011
 30
0.0
 10
42.5531
 20
18.5011
 30
0.0
  0
LINE
  5
30f
100
AcDbEntity
  8
CFF-00-00
100
AcDbLine
  6
CONTINUOUS
 10
42.5531
 20
18.5011
 30
0.0
 11
42.6371
 21
18.5011
 31
0.0
  0
LINE
  5
310
100
AcDbEntity
  8
CFF-00-00
100
AcDbLine
  6
CONTINUOUS
 10
42.6371
 20
18.5011
 30
0.0
 11
42.6371
 21
15.721
 31
0.0
  0
LINE
  5
311
100
AcDbEntity
  8
CFF-00-00
100
AcDbLine
  6
CONTINUOUS
 10
42.6371
 20
15.721
 30
0.0
 11
42.6233
 21
15.721
 31
0.0
  0
SPLINE
  5
312
100
AcDbEntity
  8
CFF-00-00
100
AcDbSpline
210
0.0
220
0.0
230
1.0
  6
CONTINUOUS
 70
     0
 71
     3
 72
     8
 73
4
 40
0.0
 40
0.0
 40
0.0
 40
0.0
 40
1.0
 40
1.0
 40
1.0
 40
1.0
 10
42.6233
 20
15.721
 30
0.0
 10
42.4487
 20
15.721
 30
0.0
 10
42.3785
 20
15.7144
 30
0.0
 10
42.315
 20
15.6721
 30
0.0
  0
SPLINE
  5
313
100
AcDbEntity
  8
CFF-00-00
100
AcDbSpline
210
0.0
220
0.0
230
1.0
  6
CONTINUOUS
 70
     0
 71
     3
 72
     8
 73
4
 40
0.0
 40
0.0
 40
0.0
 40
0.0
 40
1.0
 40
1.0
 40
1.0
 40
1.0
 10
42.315
 20
15.6721
 30
0.0
 10
42.2032
 20
15.602
 30
0.0
 10
42.133
 20
15.4829
 30
0.0
 10
42.133
 20
15.3639
 30
0.0
  0
SPLINE
  5
314
100
AcDbEntity
  8
CFF-00-00
100
AcDbSpline
210
0.0
220
0.0
230
1.0
  6
CONTINUOUS
 70
     0
 71
     3
 72
     8
 73
4
 40
0.0
 40
0.0
 40
0.0
 40
0.0
 40
1.0
 40
1.0
 40
1.0
 40
1.0
 10
42.133
 20
15.3639
 30
0.0
 10
42.133
 20
15.2455
 30
0.0
 10
42.1894
 20
15.1403
 30
0.0
 10
42.2871
 20
15.0702
 30
0.0
  0
SPLINE
  5
315
100
AcDbEntity
  8
CFF-00-00
100
AcDbSpline
210
0.0
220
0.0
230
1.0
  6
CONTINUOUS
 70
     0
 71
     3
 72
     8
 73
4
 40
0.0
 40
0.0
 40
0.0
 40
0.0
 40
1.0
 40
1.0
 40
1.0
 40
1.0
 10
42.2871
 20
15.0702
 30
0.0
 10
42.3573
 20
15.0212
 30
0.0
 10
42.455
 20
15
 30
0.0
 10
42.6233
 20
15
 30
0.0
  0
LINE
  5
316
100
AcDbEntity
  8
CFF-00-00
100
AcDbLine
  6
CONTINUOUS
 10
42.6233
 20
15
 30
0.0
 11
43.4075
 21
15
 31
0.0
  0
SPLINE
  5
317
100
AcDbEntity
  8
CFF-00-00
100
AcDbSpline
210
0.0
220
0.0
230
1.0
  6
CONTINUOUS
 70
     0
 71
     3
 72
     8
 73
4
 40
0.0
 40
0.0
 40
0.0
 40
0.0
 40
1.0
 40
1.0
 40
1.0
 40
1.0
 10
43.4075
 20
15
 30
0.0
 10
43.5617
 20
15
 30
0.0
 10
43.6598
 20
15.0139
 30
0.0
 10
43.7226
 20
15.049
 30
0.0
  0
SPLINE
  5
318
100
AcDbEntity
  8
CFF-00-00
100
AcDbSpline
210
0.0
220
0.0
230
1.0
  6
CONTINUOUS
 70
     0
 71
     3
 72
     8
 73
4
 40
0.0
 40
0.0
 40
0.0
 40
0.0
 40
1.0
 40
1.0
 40
1.0
 40
1.0
 10
43.7226
 20
15.049
 30
0.0
 10
43.8351
 20
15.1191
 30
0.0
 10
43.9046
 20
15.2382
 30
0.0
 10
43.9046
 20
15.3639
 30
0.0
  0
SPLINE
  5
319
100
AcDbEntity
  8
CFF-00-00
100
AcDbSpline
210
0.0
220
0.0
230
1.0
  6
CONTINUOUS
 70
     0
 71
     3
 72
     8
 73
4
 40
0.0
 40
0.0
 40
0.0
 40
0.0
 40
1.0
 40
1.0
 40
1.0
 40
1.0
 10
43.9046
 20
15.3639
 30
0.0
 10
43.9046
 20
15.4763
 30
0.0
 10
43.8489
 20
15.5815
 30
0.0
 10
43.7437
 20
15.6582
 30
0.0
  0
SPLINE
  5
31a
100
AcDbEntity
  8
CFF-00-00
100
AcDbSpline
210
0.0
220
0.0
230
1.0
  6
CONTINUOUS
 70
     0
 71
     3
 72
     8
 73
4
 40
0.0
 40
0.0
 40
0.0
 40
0.0
 40
1.0
 40
1.0
 40
1.0
 40
1.0
 10
43.7437
 20
15.6582
 30
0.0
 10
43.6735
 20
15.7144
 30
0.0
 10
43.6033
 20
15.721
 30
0.0
 10
43.4075
 20
15.721
 30
0.0
  0
LINE
  5
31b
100
AcDbEntity
  8
CFF-00-00
100
AcDbLine
  6
CONTINUOUS
 10
43.4075
 20
15.721
 30
0.0
 11
43.3938
 21
15.721
 31
0.0
  0
LINE
  5
31c
100
AcDbEntity
  8
CFF-00-00
100
AcDbLine
  6
CONTINUOUS
 10
43.3938
 20
15.721
 30
0.0
 11
43.3938
 21
16.9044
 31
0.0
  0
SPLINE
  5
31d
100
AcDbEntity
  8
CFF-00-00
100
AcDbSpline
210
0.0
220
0.0
230
1.0
  6
CONTINUOUS
 70
     0
 71
     3
 72
     8
 73
4
 40
0.0
 40
0.0
 40
0.0
 40
0.0
 40
1.0
 40
1.0
 40
1.0
 40
1.0
 10
43.3938
 20
16.9044
 30
0.0
 10
43.7854
 20
17.2689
 30
0.0
 10
43.9258
 20
17.339
 30
0.0
 10
44.2479
 20
17.339
 30
0.0
  0
SPLINE
  5
31e
100
AcDbEntity
  8
CFF-00-00
100
AcDbSpline
210
0.0
220
0.0
230
1.0
  6
CONTINUOUS
 70
     0
 71
     3
 72
     8
 73
4
 40
0.0
 40
0.0
 40
0.0
 40
0.0
 40
1.0
 40
1.0
 40
1.0
 40
1.0
 10
44.2479
 20
17.339
 30
0.0
 10
44.4581
 20
17.339
 30
0.0
 10
44.5911
 20
17.3039
 30
0.0
 10
44.6962
 20
17.2199
 30
0.0
  0
SPLINE
  5
31f
100
AcDbEntity
  8
CFF-00-00
100
AcDbSpline
210
0.0
220
0.0
230
1.0
  6
CONTINUOUS
 70
     0
 71
     3
 72
     8
 73
4
 40
0.0
 40
0.0
 40
0.0
 40
0.0
 40
1.0
 40
1.0
 40
1.0
 40
1.0
 10
44.6962
 20
17.2199
 30
0.0
 10
44.8081
 20
17.1286
 30
0.0
 10
44.8359
 20
17.0585
 30
0.0
 10
44.8359
 20
16.8349
 30
0.0
  0
LINE
  5
320
100
AcDbEntity
  8
CFF-00-00
100
AcDbLine
  6
CONTINUOUS
 10
44.8359
 20
16.8349
 30
0.0
 11
44.8359
 21
15.721
 31
0.0
  0
LINE
  5
321
100
AcDbEntity
  8
CFF-00-00
100
AcDbLine
  6
CONTINUOUS
 10
44.8359
 20
15.721
 30
0.0
 11
44.8218
 21
15.721
 31
0.0
  0
SPLINE
  5
322
100
AcDbEntity
  8
CFF-00-00
100
AcDbSpline
210
0.0
220
0.0
230
1.0
  6
CONTINUOUS
 70
     0
 71
     3
 72
     8
 73
4
 40
0.0
 40
0.0
 40
0.0
 40
0.0
 40
1.0
 40
1.0
 40
1.0
 40
1.0
 10
44.8218
 20
15.721
 30
0.0
 10
44.6401
 20
15.721
 30
0.0
 10
44.577
 20
15.7144
 30
0.0
 10
44.5072
 20
15.6721
 30
0.0
  0
SPLINE
  5
323
100
AcDbEntity
  8
CFF-00-00
100
AcDbSpline
210
0.0
220
0.0
230
1.0
  6
CONTINUOUS
 70
     0
 71
     3
 72
     8
 73
4
 40
0.0
 40
0.0
 40
0.0
 40
0.0
 40
1.0
 40
1.0
 40
1.0
 40
1.0
 10
44.5072
 20
15.6721
 30
0.0
 10
44.3946
 20
15.602
 30
0.0
 10
44.3251
 20
15.4902
 30
0.0
 10
44.3251
 20
15.3639
 30
0.0
  0
SPLINE
  5
324
100
AcDbEntity
  8
CFF-00-00
100
AcDbSpline
210
0.0
220
0.0
230
1.0
  6
CONTINUOUS
 70
     0
 71
     3
 72
     8
 73
4
 40
0.0
 40
0.0
 40
0.0
 40
0.0
 40
1.0
 40
1.0
 40
1.0
 40
1.0
 10
44.3251
 20
15.3639
 30
0.0
 10
44.3251
 20
15.2455
 30
0.0
 10
44.3809
 20
15.1403
 30
0.0
 10
44.486
 20
15.0702
 30
0.0
  0
SPLINE
  5
325
100
AcDbEntity
  8
CFF-00-00
100
AcDbSpline
210
0.0
220
0.0
230
1.0
  6
CONTINUOUS
 70
     0
 71
     3
 72
     8
 73
4
 40
0.0
 40
0.0
 40
0.0
 40
0.0
 40
1.0
 40
1.0
 40
1.0
 40
1.0
 10
44.486
 20
15.0702
 30
0.0
 10
44.5558
 20
15.0212
 30
0.0
 10
44.6465
 20
15
 30
0.0
 10
44.8218
 20
15
 30
0.0
  0
LINE
  5
326
100
AcDbEntity
  8
CFF-00-00
100
AcDbLine
  6
CONTINUOUS
 10
44.8218
 20
15
 30
0.0
 11
45.6064
 21
15
 31
0.0
  0
SPLINE
  5
327
100
AcDbEntity
  8
CFF-00-00
100
AcDbSpline
210
0.0
220
0.0
230
1.0
  6
CONTINUOUS
 70
     0
 71
     3
 72
     8
 73
4
 40
0.0
 40
0.0
 40
0.0
 40
0.0
 40
1.0
 40
1.0
 40
1.0
 40
1.0
 10
45.6064
 20
15
 30
0.0
 10
45.9352
 20
15
 30
0.0
 10
46.0964
 20
15.1191
 30
0.0
 10
46.0964
 20
15.3639
 30
0.0
  0
SPLINE
  5
328
100
AcDbEntity
  8
CFF-00-00
100
AcDbSpline
210
0.0
220
0.0
230
1.0
  6
CONTINUOUS
 70
     0
 71
     3
 72
     8
 73
4
 40
0.0
 40
0.0
 40
0.0
 40
0.0
 40
1.0
 40
1.0
 40
1.0
 40
1.0
 10
46.0964
 20
15.3639
 30
0.0
 10
46.0964
 20
15.4763
 30
0.0
 10
46.0403
 20
15.5881
 30
0.0
 10
45.9422
 20
15.6582
 30
0.0
  0
SPLINE
  5
329
100
AcDbEntity
  8
CFF-00-00
100
AcDbSpline
210
0.0
220
0.0
230
1.0
  6
CONTINUOUS
 70
     0
 71
     3
 72
     8
 73
4
 40
0.0
 40
0.0
 40
0.0
 40
0.0
 40
1.0
 40
1.0
 40
1.0
 40
1.0
 10
45.9422
 20
15.6582
 30
0.0
 10
45.865
 20
15.7071
 30
0.0
 10
45.8022
 20
15.721
 30
0.0
 10
45.6064
 20
15.721
 30
0.0
  0
LINE
  5
32a
100
AcDbEntity
  8
CFF-00-00
100
AcDbLine
  6
CONTINUOUS
 10
45.6064
 20
15.721
 30
0.0
 11
45.5926
 21
15.721
 31
0.0
  0
LINE
  5
32b
100
AcDbEntity
  8
CFF-00-00
100
AcDbLine
  6
CONTINUOUS
 10
45.5926
 20
15.721
 30
0.0
 11
45.5926
 21
16.9256
 31
0.0
  0
SPLINE
  5
32c
100
AcDbEntity
  8
CFF-00-00
100
AcDbSpline
210
0.0
220
0.0
230
1.0
  6
CONTINUOUS
 70
     0
 71
     3
 72
     8
 73
4
 40
0.0
 40
0.0
 40
0.0
 40
0.0
 40
1.0
 40
1.0
 40
1.0
 40
1.0
 10
45.5926
 20
16.9256
 30
0.0
 10
45.5926
 20
17.6049
 30
0.0
 10
45.0811
 20
18.06
 30
0.0
 10
44.3251
 20
18.06
 30
0.0
  0
SPLINE
  5
32d
100
AcDbEntity
  8
CFF-00-00
100
AcDbSpline
210
0.0
220
0.0
230
1.0
  6
CONTINUOUS
 70
     0
 71
     3
 72
     8
 73
4
 40
0.0
 40
0.0
 40
0.0
 40
0.0
 40
1.0
 40
1.0
 40
1.0
 40
1.0
 10
44.3251
 20
18.06
 30
0.0
 10
43.9745
 20
18.06
 30
0.0
 10
43.6457
 20
17.927
 30
0.0
 10
43.3938
 20
17.6889
 30
0.0
  0
LINE
  5
32e
100
AcDbEntity
  8
CFF-00-00
100
AcDbLine
  6
CONTINUOUS
 10
43.3938
 20
17.6889
 30
0.0
 11
43.3938
 21
19.2222
 31
0.0
  0
LINE
  5
32f
100
AcDbEntity
  8
CFF-00-00
100
AcDbLine
  6
CONTINUOUS
 10
50.0796
 20
16.1483
 30
0.0
 11
50.0796
 21
16.4354
 31
0.0
  0
SPLINE
  5
330
100
AcDbEntity
  8
CFF-00-00
100
AcDbSpline
210
0.0
220
0.0
230
1.0
  6
CONTINUOUS
 70
     0
 71
     3
 72
     8
 73
4
 40
0.0
 40
0.0
 40
0.0
 40
0.0
 40
1.0
 40
1.0
 40
1.0
 40
1.0
 10
50.0796
 20
16.4354
 30
0.0
 10
50.0796
 20
17.374
 30
0.0
 10
49.3025
 20
18.06
 30
0.0
 10
48.2381
 20
18.06
 30
0.0
  0
SPLINE
  5
331
100
AcDbEntity
  8
CFF-00-00
100
AcDbSpline
210
0.0
220
0.0
230
1.0
  6
CONTINUOUS
 70
     0
 71
     3
 72
     8
 73
4
 40
0.0
 40
0.0
 40
0.0
 40
0.0
 40
1.0
 40
1.0
 40
1.0
 40
1.0
 10
48.2381
 20
18.06
 30
0.0
 10
47.1943
 20
18.06
 30
0.0
 10
46.403
 20
17.3668
 30
0.0
 10
46.403
 20
16.4632
 30
0.0
  0
SPLINE
  5
332
100
AcDbEntity
  8
CFF-00-00
100
AcDbSpline
210
0.0
220
0.0
230
1.0
  6
CONTINUOUS
 70
     0
 71
     3
 72
     8
 73
4
 40
0.0
 40
0.0
 40
0.0
 40
0.0
 40
1.0
 40
1.0
 40
1.0
 40
1.0
 10
46.403
 20
16.4632
 30
0.0
 10
46.403
 20
15.5464
 30
0.0
 10
47.1731
 20
14.8949
 30
0.0
 10
48.2798
 20
14.8949
 30
0.0
  0
SPLINE
  5
333
100
AcDbEntity
  8
CFF-00-00
100
AcDbSpline
210
0.0
220
0.0
230
1.0
  6
CONTINUOUS
 70
     0
 71
     3
 72
     8
 73
4
 40
0.0
 40
0.0
 40
0.0
 40
0.0
 40
1.0
 40
1.0
 40
1.0
 40
1.0
 10
48.2798
 20
14.8949
 30
0.0
 10
48.7839
 20
14.8949
 30
0.0
 10
49.5053
 20
15.0139
 30
0.0
 10
49.8203
 20
15.1542
 30
0.0
  0
SPLINE
  5
334
100
AcDbEntity
  8
CFF-00-00
100
AcDbSpline
210
0.0
220
0.0
230
1.0
  6
CONTINUOUS
 70
     0
 71
     3
 72
     8
 73
4
 40
0.0
 40
0.0
 40
0.0
 40
0.0
 40
1.0
 40
1.0
 40
1.0
 40
1.0
 10
49.8203
 20
15.1542
 30
0.0
 10
49.9957
 20
15.2243
 30
0.0
 10
50.0796
 20
15.3295
 30
0.0
 10
50.0796
 20
15.4763
 30
0.0
  0
SPLINE
  5
335
100
AcDbEntity
  8
CFF-00-00
100
AcDbSpline
210
0.0
220
0.0
230
1.0
  6
CONTINUOUS
 70
     0
 71
     3
 72
     8
 73
4
 40
0.0
 40
0.0
 40
0.0
 40
0.0
 40
1.0
 40
1.0
 40
1.0
 40
1.0
 10
50.0796
 20
15.4763
 30
0.0
 10
50.0796
 20
15.6794
 30
0.0
 10
49.9255
 20
15.8401
 30
0.0
 10
49.7223
 20
15.8401
 30
0.0
  0
SPLINE
  5
336
100
AcDbEntity
  8
CFF-00-00
100
AcDbSpline
210
0.0
220
0.0
230
1.0
  6
CONTINUOUS
 70
     0
 71
     3
 72
     8
 73
4
 40
0.0
 40
0.0
 40
0.0
 40
0.0
 40
1.0
 40
1.0
 40
1.0
 40
1.0
 10
49.7223
 20
15.8401
 30
0.0
 10
49.645
 20
15.8401
 30
0.0
 10
49.5681
 20
15.8262
 30
0.0
 10
49.4771
 20
15.805
 30
0.0
  0
SPLINE
  5
337
100
AcDbEntity
  8
CFF-00-00
100
AcDbSpline
210
0.0
220
0.0
230
1.0
  6
CONTINUOUS
 70
     0
 71
     3
 72
     8
 73
4
 40
0.0
 40
0.0
 40
0.0
 40
0.0
 40
1.0
 40
1.0
 40
1.0
 40
1.0
 10
49.4771
 20
15.805
 30
0.0
 10
48.8467
 20
15.6443
 30
0.0
 10
48.6646
 20
15.6165
 30
0.0
 10
48.3425
 20
15.6165
 30
0.0
  0
SPLINE
  5
338
100
AcDbEntity
  8
CFF-00-00
100
AcDbSpline
210
0.0
220
0.0
230
1.0
  6
CONTINUOUS
 70
     0
 71
     3
 72
     8
 73
4
 40
0.0
 40
0.0
 40
0.0
 40
0.0
 40
1.0
 40
1.0
 40
1.0
 40
1.0
 10
48.3425
 20
15.6165
 30
0.0
 10
47.7619
 20
15.6165
 30
0.0
 10
47.4112
 20
15.7845
 30
0.0
 10
47.2366
 20
16.1483
 30
0.0
  0
LINE
  5
339
100
AcDbEntity
  8
CFF-00-00
100
AcDbLine
  6
CONTINUOUS
 10
47.2366
 20
16.1483
 30
0.0
 11
50.0796
 21
16.1483
 31
0.0
  0
SPLINE
  5
33a
100
AcDbEntity
  8
CFF-00-00
100
AcDbSpline
210
0.0
220
0.0
230
1.0
  6
CONTINUOUS
 70
     0
 71
     3
 72
     8
 73
4
 40
0.0
 40
0.0
 40
0.0
 40
0.0
 40
1.0
 40
1.0
 40
1.0
 40
1.0
 10
47.2504
 20
16.7926
 30
0.0
 10
47.3622
 20
17.1147
 30
0.0
 10
47.7682
 20
17.339
 30
0.0
 10
48.2445
 20
17.339
 30
0.0
  0
SPLINE
  5
33b
100
AcDbEntity
  8
CFF-00-00
100
AcDbSpline
210
0.0
220
0.0
230
1.0
  6
CONTINUOUS
 70
     0
 71
     3
 72
     8
 73
4
 40
0.0
 40
0.0
 40
0.0
 40
0.0
 40
1.0
 40
1.0
 40
1.0
 40
1.0
 10
48.2445
 20
17.339
 30
0.0
 10
48.7207
 20
17.339
 30
0.0
 10
49.1197
 20
17.1147
 30
0.0
 10
49.239
 20
16.7926
 30
0.0
  0
LINE
  5
33c
100
AcDbEntity
  8
CFF-00-00
100
AcDbLine
  6
CONTINUOUS
 10
49.239
 20
16.7926
 30
0.0
 11
47.2504
 21
16.7926
 31
0.0
  0
LINE
  5
33d
100
AcDbEntity
  8
CFF-00-00
100
AcDbLine
  6
CONTINUOUS
 10
51.7938
 20
17.976
 30
0.0
 11
51.1069
 21
17.976
 31
0.0
  0
SPLINE
  5
33e
100
AcDbEntity
  8
CFF-00-00
100
AcDbSpline
210
0.0
220
0.0
230
1.0
  6
CONTINUOUS
 70
     0
 71
     3
 72
     8
 73
4
 40
0.0
 40
0.0
 40
0.0
 40
0.0
 40
1.0
 40
1.0
 40
1.0
 40
1.0
 10
51.1069
 20
17.976
 30
0.0
 10
50.9602
 20
17.976
 30
0.0
 10
50.9111
 20
17.9687
 30
0.0
 10
50.8483
 20
17.9482
 30
0.0
  0
SPLINE
  5
33f
100
AcDbEntity
  8
CFF-00-00
100
AcDbSpline
210
0.0
220
0.0
230
1.0
  6
CONTINUOUS
 70
     0
 71
     3
 72
     8
 73
4
 40
0.0
 40
0.0
 40
0.0
 40
0.0
 40
1.0
 40
1.0
 40
1.0
 40
1.0
 10
50.8483
 20
17.9482
 30
0.0
 10
50.715
 20
17.9058
 30
0.0
 10
50.6102
 20
17.759
 30
0.0
 10
50.6102
 20
17.6121
 30
0.0
  0
SPLINE
  5
340
100
AcDbEntity
  8
CFF-00-00
100
AcDbSpline
210
0.0
220
0.0
230
1.0
  6
CONTINUOUS
 70
     0
 71
     3
 72
     8
 73
4
 40
0.0
 40
0.0
 40
0.0
 40
0.0
 40
1.0
 40
1.0
 40
1.0
 40
1.0
 10
50.6102
 20
17.6121
 30
0.0
 10
50.6102
 20
17.4997
 30
0.0
 10
50.6659
 20
17.3879
 30
0.0
 10
50.7637
 20
17.3178
 30
0.0
  0
SPLINE
  5
341
100
AcDbEntity
  8
CFF-00-00
100
AcDbSpline
210
0.0
220
0.0
230
1.0
  6
CONTINUOUS
 70
     0
 71
     3
 72
     8
 73
4
 40
0.0
 40
0.0
 40
0.0
 40
0.0
 40
1.0
 40
1.0
 40
1.0
 40
1.0
 10
50.7637
 20
17.3178
 30
0.0
 10
50.8339
 20
17.2755
 30
0.0
 10
50.8829
 20
17.2616
 30
0.0
 10
51.0371
 20
17.255
 30
0.0
  0
LINE
  5
342
100
AcDbEntity
  8
CFF-00-00
100
AcDbLine
  6
CONTINUOUS
 10
51.0371
 20
17.255
 30
0.0
 11
51.0371
 21
15.721
 31
0.0
  0
LINE
  5
343
100
AcDbEntity
  8
CFF-00-00
100
AcDbLine
  6
CONTINUOUS
 10
51.0371
 20
15.721
 30
0.0
 11
51.023
 21
15.721
 31
0.0
  0
SPLINE
  5
344
100
AcDbEntity
  8
CFF-00-00
100
AcDbSpline
210
0.0
220
0.0
230
1.0
  6
CONTINUOUS
 70
     0
 71
     3
 72
     8
 73
4
 40
0.0
 40
0.0
 40
0.0
 40
0.0
 40
1.0
 40
1.0
 40
1.0
 40
1.0
 10
51.023
 20
15.721
 30
0.0
 10
50.8483
 20
15.721
 30
0.0
 10
50.7785
 20
15.7144
 30
0.0
 10
50.715
 20
15.6721
 30
0.0
  0
SPLINE
  5
345
100
AcDbEntity
  8
CFF-00-00
100
AcDbSpline
210
0.0
220
0.0
230
1.0
  6
CONTINUOUS
 70
     0
 71
     3
 72
     8
 73
4
 40
0.0
 40
0.0
 40
0.0
 40
0.0
 40
1.0
 40
1.0
 40
1.0
 40
1.0
 10
50.715
 20
15.6721
 30
0.0
 10
50.6032
 20
15.6093
 30
0.0
 10
50.5329
 20
15.4829
 30
0.0
 10
50.5329
 20
15.3639
 30
0.0
  0
SPLINE
  5
346
100
AcDbEntity
  8
CFF-00-00
100
AcDbSpline
210
0.0
220
0.0
230
1.0
  6
CONTINUOUS
 70
     0
 71
     3
 72
     8
 73
4
 40
0.0
 40
0.0
 40
0.0
 40
0.0
 40
1.0
 40
1.0
 40
1.0
 40
1.0
 10
50.5329
 20
15.3639
 30
0.0
 10
50.5329
 20
15.2521
 30
0.0
 10
50.589
 20
15.1403
 30
0.0
 10
50.6871
 20
15.0702
 30
0.0
  0
SPLINE
  5
347
100
AcDbEntity
  8
CFF-00-00
100
AcDbSpline
210
0.0
220
0.0
230
1.0
  6
CONTINUOUS
 70
     0
 71
     3
 72
     8
 73
4
 40
0.0
 40
0.0
 40
0.0
 40
0.0
 40
1.0
 40
1.0
 40
1.0
 40
1.0
 10
50.6871
 20
15.0702
 30
0.0
 10
50.7573
 20
15.0212
 30
0.0
 10
50.8483
 20
15
 30
0.0
 10
51.023
 20
15
 30
0.0
  0
LINE
  5
348
100
AcDbEntity
  8
CFF-00-00
100
AcDbLine
  6
CONTINUOUS
 10
51.023
 20
15
 30
0.0
 11
51.8075
 21
15
 31
0.0
  0
SPLINE
  5
349
100
AcDbEntity
  8
CFF-00-00
100
AcDbSpline
210
0.0
220
0.0
230
1.0
  6
CONTINUOUS
 70
     0
 71
     3
 72
     8
 73
4
 40
0.0
 40
0.0
 40
0.0
 40
0.0
 40
1.0
 40
1.0
 40
1.0
 40
1.0
 10
51.8075
 20
15
 30
0.0
 10
52.1296
 20
15
 30
0.0
 10
52.2975
 20
15.1264
 30
0.0
 10
52.2975
 20
15.3639
 30
0.0
  0
SPLINE
  5
34a
100
AcDbEntity
  8
CFF-00-00
100
AcDbSpline
210
0.0
220
0.0
230
1.0
  6
CONTINUOUS
 70
     0
 71
     3
 72
     8
 73
4
 40
0.0
 40
0.0
 40
0.0
 40
0.0
 40
1.0
 40
1.0
 40
1.0
 40
1.0
 10
52.2975
 20
15.3639
 30
0.0
 10
52.2975
 20
15.4763
 30
0.0
 10
52.2414
 20
15.5815
 30
0.0
 10
52.1437
 20
15.6582
 30
0.0
  0
SPLINE
  5
34b
100
AcDbEntity
  8
CFF-00-00
100
AcDbSpline
210
0.0
220
0.0
230
1.0
  6
CONTINUOUS
 70
     0
 71
     3
 72
     8
 73
4
 40
0.0
 40
0.0
 40
0.0
 40
0.0
 40
1.0
 40
1.0
 40
1.0
 40
1.0
 10
52.1437
 20
15.6582
 30
0.0
 10
52.0661
 20
15.7071
 30
0.0
 10
52.0033
 20
15.721
 30
0.0
 10
51.8075
 20
15.721
 30
0.0
  0
LINE
  5
34c
100
AcDbEntity
  8
CFF-00-00
100
AcDbLine
  6
CONTINUOUS
 10
51.8075
 20
15.721
 30
0.0
 11
51.7938
 21
15.721
 31
0.0
  0
LINE
  5
34d
100
AcDbEntity
  8
CFF-00-00
100
AcDbLine
  6
CONTINUOUS
 10
51.7938
 20
15.721
 30
0.0
 11
51.7938
 21
16.8978
 31
0.0
  0
SPLINE
  5
34e
100
AcDbEntity
  8
CFF-00-00
100
AcDbSpline
210
0.0
220
0.0
230
1.0
  6
CONTINUOUS
 70
     0
 71
     3
 72
     8
 73
4
 40
0.0
 40
0.0
 40
0.0
 40
0.0
 40
1.0
 40
1.0
 40
1.0
 40
1.0
 10
51.7938
 20
16.8978
 30
0.0
 10
52.1085
 20
17.2265
 30
0.0
 10
52.3254
 20
17.339
 30
0.0
 10
52.6411
 20
17.339
 30
0.0
  0
SPLINE
  5
34f
100
AcDbEntity
  8
CFF-00-00
100
AcDbSpline
210
0.0
220
0.0
230
1.0
  6
CONTINUOUS
 70
     0
 71
     3
 72
     8
 73
4
 40
0.0
 40
0.0
 40
0.0
 40
0.0
 40
1.0
 40
1.0
 40
1.0
 40
1.0
 10
52.6411
 20
17.339
 30
0.0
 10
53.061
 20
17.339
 30
0.0
 10
53.243
 20
17.1987
 30
0.0
 10
53.243
 20
16.8839
 30
0.0
  0
LINE
  5
350
100
AcDbEntity
  8
CFF-00-00
100
AcDbLine
  6
CONTINUOUS
 10
53.243
 20
16.8839
 30
0.0
 11
53.243
 21
15.721
 31
0.0
  0
SPLINE
  5
351
100
AcDbEntity
  8
CFF-00-00
100
AcDbSpline
210
0.0
220
0.0
230
1.0
  6
CONTINUOUS
 70
     0
 71
     3
 72
     8
 73
4
 40
0.0
 40
0.0
 40
0.0
 40
0.0
 40
1.0
 40
1.0
 40
1.0
 40
1.0
 10
53.243
 20
15.721
 30
0.0
 10
52.977
 20
15.721
 30
0.0
 10
52.8158
 20
15.5881
 30
0.0
 10
52.8158
 20
15.3639
 30
0.0
  0
SPLINE
  5
352
100
AcDbEntity
  8
CFF-00-00
100
AcDbSpline
210
0.0
220
0.0
230
1.0
  6
CONTINUOUS
 70
     0
 71
     3
 72
     8
 73
4
 40
0.0
 40
0.0
 40
0.0
 40
0.0
 40
1.0
 40
1.0
 40
1.0
 40
1.0
 10
52.8158
 20
15.3639
 30
0.0
 10
52.8158
 20
15.1191
 30
0.0
 10
52.9837
 20
15
 30
0.0
 10
53.3132
 20
15
 30
0.0
  0
LINE
  5
353
100
AcDbEntity
  8
CFF-00-00
100
AcDbLine
  6
CONTINUOUS
 10
53.3132
 20
15
 30
0.0
 11
53.9362
 21
15
 31
0.0
  0
SPLINE
  5
354
100
AcDbEntity
  8
CFF-00-00
100
AcDbSpline
210
0.0
220
0.0
230
1.0
  6
CONTINUOUS
 70
     0
 71
     3
 72
     8
 73
4
 40
0.0
 40
0.0
 40
0.0
 40
0.0
 40
1.0
 40
1.0
 40
1.0
 40
1.0
 10
53.9362
 20
15
 30
0.0
 10
54.2583
 20
15
 30
0.0
 10
54.4262
 20
15.1191
 30
0.0
 10
54.4262
 20
15.3639
 30
0.0
  0
SPLINE
  5
355
100
AcDbEntity
  8
CFF-00-00
100
AcDbSpline
210
0.0
220
0.0
230
1.0
  6
CONTINUOUS
 70
     0
 71
     3
 72
     8
 73
4
 40
0.0
 40
0.0
 40
0.0
 40
0.0
 40
1.0
 40
1.0
 40
1.0
 40
1.0
 10
54.4262
 20
15.3639
 30
0.0
 10
54.4262
 20
15.4763
 30
0.0
 10
54.3701
 20
15.5881
 30
0.0
 10
54.272
 20
15.6582
 30
0.0
  0
SPLINE
  5
356
100
AcDbEntity
  8
CFF-00-00
100
AcDbSpline
210
0.0
220
0.0
230
1.0
  6
CONTINUOUS
 70
     0
 71
     3
 72
     8
 73
4
 40
0.0
 40
0.0
 40
0.0
 40
0.0
 40
1.0
 40
1.0
 40
1.0
 40
1.0
 10
54.272
 20
15.6582
 30
0.0
 10
54.2022
 20
15.7006
 30
0.0
 10
54.1532
 20
15.7144
 30
0.0
 10
53.999
 20
15.721
 30
0.0
  0
LINE
  5
357
100
AcDbEntity
  8
CFF-00-00
100
AcDbLine
  6
CONTINUOUS
 10
53.999
 20
15.721
 30
0.0
 11
53.999
 21
16.9117
 31
0.0
  0
SPLINE
  5
358
100
AcDbEntity
  8
CFF-00-00
100
AcDbSpline
210
0.0
220
0.0
230
1.0
  6
CONTINUOUS
 70
     0
 71
     3
 72
     8
 73
4
 40
0.0
 40
0.0
 40
0.0
 40
0.0
 40
1.0
 40
1.0
 40
1.0
 40
1.0
 10
53.999
 20
16.9117
 30
0.0
 10
53.999
 20
17.3105
 30
0.0
 10
53.8586
 20
17.6049
 30
0.0
 10
53.5718
 20
17.8079
 30
0.0
  0
SPLINE
  5
359
100
AcDbEntity
  8
CFF-00-00
100
AcDbSpline
210
0.0
220
0.0
230
1.0
  6
CONTINUOUS
 70
     0
 71
     3
 72
     8
 73
4
 40
0.0
 40
0.0
 40
0.0
 40
0.0
 40
1.0
 40
1.0
 40
1.0
 40
1.0
 10
53.5718
 20
17.8079
 30
0.0
 10
53.3407
 20
17.976
 30
0.0
 10
53.0465
 20
18.06
 30
0.0
 10
52.7177
 20
18.06
 30
0.0
  0
SPLINE
  5
35a
100
AcDbEntity
  8
CFF-00-00
100
AcDbSpline
210
0.0
220
0.0
230
1.0
  6
CONTINUOUS
 70
     0
 71
     3
 72
     8
 73
4
 40
0.0
 40
0.0
 40
0.0
 40
0.0
 40
1.0
 40
1.0
 40
1.0
 40
1.0
 10
52.7177
 20
18.06
 30
0.0
 10
52.3466
 20
18.06
 30
0.0
 10
52.1159
 20
17.9687
 30
0.0
 10
51.7938
 20
17.6889
 30
0.0
  0
LINE
  5
35b
100
AcDbEntity
  8
CFF-00-00
100
AcDbLine
  6
CONTINUOUS
 10
51.7938
 20
17.6889
 30
0.0
 11
51.7938
 21
17.976
 31
0.0
  0
LINE
  5
35c
100
AcDbEntity
  8
CFF-00-00
100
AcDbLine
  6
CONTINUOUS
 10
57.0717
 20
18.228
 30
0.0
 11
57.779
 21
18.228
 31
0.0
  0
LINE
  5
35d
100
AcDbEntity
  8
CFF-00-00
100
AcDbLine
  6
CONTINUOUS
 10
57.779
 20
18.228
 30
0.0
 11
57.779
 21
17.6399
 31
0.0
  0
SPLINE
  5
35e
100
AcDbEntity
  8
CFF-00-00
100
AcDbSpline
210
0.0
220
0.0
230
1.0
  6
CONTINUOUS
 70
     0
 71
     3
 72
     8
 73
4
 40
0.0
 40
0.0
 40
0.0
 40
0.0
 40
1.0
 40
1.0
 40
1.0
 40
1.0
 10
57.779
 20
17.6399
 30
0.0
 10
57.779
 20
17.4719
 30
0.0
 10
57.7928
 20
17.4018
 30
0.0
 10
57.8351
 20
17.339
 30
0.0
  0
SPLINE
  5
35f
100
AcDbEntity
  8
CFF-00-00
100
AcDbSpline
210
0.0
220
0.0
230
1.0
  6
CONTINUOUS
 70
     0
 71
     3
 72
     8
 73
4
 40
0.0
 40
0.0
 40
0.0
 40
0.0
 40
1.0
 40
1.0
 40
1.0
 40
1.0
 10
57.8351
 20
17.339
 30
0.0
 10
57.9053
 20
17.2265
 30
0.0
 10
58.0242
 20
17.1637
 30
0.0
 10
58.1572
 20
17.1637
 30
0.0
  0
SPLINE
  5
360
100
AcDbEntity
  8
CFF-00-00
100
AcDbSpline
210
0.0
220
0.0
230
1.0
  6
CONTINUOUS
 70
     0
 71
     3
 72
     8
 73
4
 40
0.0
 40
0.0
 40
0.0
 40
0.0
 40
1.0
 40
1.0
 40
1.0
 40
1.0
 10
58.1572
 20
17.1637
 30
0.0
 10
58.2764
 20
17.1637
 30
0.0
 10
58.3882
 20
17.2199
 30
0.0
 10
58.4648
 20
17.3105
 30
0.0
  0
SPLINE
  5
361
100
AcDbEntity
  8
CFF-00-00
100
AcDbSpline
210
0.0
220
0.0
230
1.0
  6
CONTINUOUS
 70
     0
 71
     3
 72
     8
 73
4
 40
0.0
 40
0.0
 40
0.0
 40
0.0
 40
1.0
 40
1.0
 40
1.0
 40
1.0
 10
58.4648
 20
17.3105
 30
0.0
 10
58.5209
 20
17.3879
 30
0.0
 10
58.535
 20
17.4435
 30
0.0
 10
58.535
 20
17.6399
 30
0.0
  0
LINE
  5
362
100
AcDbEntity
  8
CFF-00-00
100
AcDbLine
  6
CONTINUOUS
 10
58.535
 20
17.6399
 30
0.0
 11
58.535
 21
18.949
 31
0.0
  0
LINE
  5
363
100
AcDbEntity
  8
CFF-00-00
100
AcDbLine
  6
CONTINUOUS
 10
58.535
 20
18.949
 30
0.0
 11
54.8658
 21
18.949
 31
0.0
  0
LINE
  5
364
100
AcDbEntity
  8
CFF-00-00
100
AcDbLine
  6
CONTINUOUS
 10
54.8658
 20
18.949
 30
0.0
 11
54.8658
 21
17.6399
 31
0.0
  0
SPLINE
  5
365
100
AcDbEntity
  8
CFF-00-00
100
AcDbSpline
210
0.0
220
0.0
230
1.0
  6
CONTINUOUS
 70
     0
 71
     3
 72
     8
 73
4
 40
0.0
 40
0.0
 40
0.0
 40
0.0
 40
1.0
 40
1.0
 40
1.0
 40
1.0
 10
54.8658
 20
17.6399
 30
0.0
 10
54.8658
 20
17.4719
 30
0.0
 10
54.8799
 20
17.4018
 30
0.0
 10
54.9222
 20
17.339
 30
0.0
  0
SPLINE
  5
366
100
AcDbEntity
  8
CFF-00-00
100
AcDbSpline
210
0.0
220
0.0
230
1.0
  6
CONTINUOUS
 70
     0
 71
     3
 72
     8
 73
4
 40
0.0
 40
0.0
 40
0.0
 40
0.0
 40
1.0
 40
1.0
 40
1.0
 40
1.0
 10
54.9222
 20
17.339
 30
0.0
 10
54.9921
 20
17.2265
 30
0.0
 10
55.118
 20
17.1637
 30
0.0
 10
55.2443
 20
17.1637
 30
0.0
  0
SPLINE
  5
367
100
AcDbEntity
  8
CFF-00-00
100
AcDbSpline
210
0.0
220
0.0
230
1.0
  6
CONTINUOUS
 70
     0
 71
     3
 72
     8
 73
4
 40
0.0
 40
0.0
 40
0.0
 40
0.0
 40
1.0
 40
1.0
 40
1.0
 40
1.0
 10
55.2443
 20
17.1637
 30
0.0
 10
55.3632
 20
17.1637
 30
0.0
 10
55.475
 20
17.2199
 30
0.0
 10
55.5523
 20
17.3105
 30
0.0
  0
SPLINE
  5
368
100
AcDbEntity
  8
CFF-00-00
100
AcDbSpline
210
0.0
220
0.0
230
1.0
  6
CONTINUOUS
 70
     0
 71
     3
 72
     8
 73
4
 40
0.0
 40
0.0
 40
0.0
 40
0.0
 40
1.0
 40
1.0
 40
1.0
 40
1.0
 10
55.5523
 20
17.3105
 30
0.0
 10
55.608
 20
17.3879
 30
0.0
 10
55.6225
 20
17.4435
 30
0.0
 10
55.6225
 20
17.6399
 30
0.0
  0
LINE
  5
369
100
AcDbEntity
  8
CFF-00-00
100
AcDbLine
  6
CONTINUOUS
 10
55.6225
 20
17.6399
 30
0.0
 11
55.6225
 21
18.228
 31
0.0
  0
LINE
  5
36a
100
AcDbEntity
  8
CFF-00-00
100
AcDbLine
  6
CONTINUOUS
 10
55.6225
 20
18.228
 30
0.0
 11
56.3157
 21
18.228
 31
0.0
  0
LINE
  5
36b
100
AcDbEntity
  8
CFF-00-00
100
AcDbLine
  6
CONTINUOUS
 10
56.3157
 20
18.228
 30
0.0
 11
56.3157
 21
15.721
 31
0.0
  0
LINE
  5
36c
100
AcDbEntity
  8
CFF-00-00
100
AcDbLine
  6
CONTINUOUS
 10
56.3157
 20
15.721
 30
0.0
 11
55.8885
 21
15.721
 31
0.0
  0
SPLINE
  5
36d
100
AcDbEntity
  8
CFF-00-00
100
AcDbSpline
210
0.0
220
0.0
230
1.0
  6
CONTINUOUS
 70
     0
 71
     3
 72
     8
 73
4
 40
0.0
 40
0.0
 40
0.0
 40
0.0
 40
1.0
 40
1.0
 40
1.0
 40
1.0
 10
55.8885
 20
15.721
 30
0.0
 10
55.7064
 20
15.721
 30
0.0
 10
55.6503
 20
15.7144
 30
0.0
 10
55.5801
 20
15.6721
 30
0.0
  0
SPLINE
  5
36e
100
AcDbEntity
  8
CFF-00-00
100
AcDbSpline
210
0.0
220
0.0
230
1.0
  6
CONTINUOUS
 70
     0
 71
     3
 72
     8
 73
4
 40
0.0
 40
0.0
 40
0.0
 40
0.0
 40
1.0
 40
1.0
 40
1.0
 40
1.0
 10
55.5801
 20
15.6721
 30
0.0
 10
55.4683
 20
15.602
 30
0.0
 10
55.3985
 20
15.4829
 30
0.0
 10
55.3985
 20
15.3639
 30
0.0
  0
SPLINE
  5
36f
100
AcDbEntity
  8
CFF-00-00
100
AcDbSpline
210
0.0
220
0.0
230
1.0
  6
CONTINUOUS
 70
     0
 71
     3
 72
     8
 73
4
 40
0.0
 40
0.0
 40
0.0
 40
0.0
 40
1.0
 40
1.0
 40
1.0
 40
1.0
 10
55.3985
 20
15.3639
 30
0.0
 10
55.3985
 20
15.2521
 30
0.0
 10
55.4613
 20
15.133
 30
0.0
 10
55.5523
 20
15.0702
 30
0.0
  0
SPLINE
  5
370
100
AcDbEntity
  8
CFF-00-00
100
AcDbSpline
210
0.0
220
0.0
230
1.0
  6
CONTINUOUS
 70
     0
 71
     3
 72
     8
 73
4
 40
0.0
 40
0.0
 40
0.0
 40
0.0
 40
1.0
 40
1.0
 40
1.0
 40
1.0
 10
55.5523
 20
15.0702
 30
0.0
 10
55.6225
 20
15.0212
 30
0.0
 10
55.7269
 20
15
 30
0.0
 10
55.8885
 20
15
 30
0.0
  0
LINE
  5
371
100
AcDbEntity
  8
CFF-00-00
100
AcDbLine
  6
CONTINUOUS
 10
55.8885
 20
15
 30
0.0
 11
57.5056
 21
15
 31
0.0
  0
SPLINE
  5
372
100
AcDbEntity
  8
CFF-00-00
100
AcDbSpline
210
0.0
220
0.0
230
1.0
  6
CONTINUOUS
 70
     0
 71
     3
 72
     8
 73
4
 40
0.0
 40
0.0
 40
0.0
 40
0.0
 40
1.0
 40
1.0
 40
1.0
 40
1.0
 10
57.5056
 20
15
 30
0.0
 10
57.8277
 20
15
 30
0.0
 10
57.996
 20
15.1191
 30
0.0
 10
57.996
 20
15.3639
 30
0.0
  0
SPLINE
  5
373
100
AcDbEntity
  8
CFF-00-00
100
AcDbSpline
210
0.0
220
0.0
230
1.0
  6
CONTINUOUS
 70
     0
 71
     3
 72
     8
 73
4
 40
0.0
 40
0.0
 40
0.0
 40
0.0
 40
1.0
 40
1.0
 40
1.0
 40
1.0
 10
57.996
 20
15.3639
 30
0.0
 10
57.996
 20
15.4763
 30
0.0
 10
57.9395
 20
15.5815
 30
0.0
 10
57.8418
 20
15.6509
 30
0.0
  0
SPLINE
  5
374
100
AcDbEntity
  8
CFF-00-00
100
AcDbSpline
210
0.0
220
0.0
230
1.0
  6
CONTINUOUS
 70
     0
 71
     3
 72
     8
 73
4
 40
0.0
 40
0.0
 40
0.0
 40
0.0
 40
1.0
 40
1.0
 40
1.0
 40
1.0
 10
57.8418
 20
15.6509
 30
0.0
 10
57.7649
 20
15.7071
 30
0.0
 10
57.695
 20
15.721
 30
0.0
 10
57.5056
 20
15.721
 30
0.0
  0
LINE
  5
375
100
AcDbEntity
  8
CFF-00-00
100
AcDbLine
  6
CONTINUOUS
 10
57.5056
 20
15.721
 30
0.0
 11
57.0717
 21
15.721
 31
0.0
  0
LINE
  5
376
100
AcDbEntity
  8
CFF-00-00
100
AcDbLine
  6
CONTINUOUS
 10
57.0717
 20
15.721
 30
0.0
 11
57.0717
 21
18.228
 31
0.0
  0
LINE
  5
377
100
AcDbEntity
  8
CFF-00-00
100
AcDbLine
  6
CONTINUOUS
 10
61.4888
 20
15
 30
0.0
 11
62.3358
 21
15
 31
0.0
  0
SPLINE
  5
378
100
AcDbEntity
  8
CFF-00-00
100
AcDbSpline
210
0.0
220
0.0
230
1.0
  6
CONTINUOUS
 70
     0
 71
     3
 72
     8
 73
4
 40
0.0
 40
0.0
 40
0.0
 40
0.0
 40
1.0
 40
1.0
 40
1.0
 40
1.0
 10
62.3358
 20
15
 30
0.0
 10
62.6646
 20
15
 30
0.0
 10
62.8262
 20
15.1191
 30
0.0
 10
62.8262
 20
15.3639
 30
0.0
  0
SPLINE
  5
379
100
AcDbEntity
  8
CFF-00-00
100
AcDbSpline
210
0.0
220
0.0
230
1.0
  6
CONTINUOUS
 70
     0
 71
     3
 72
     8
 73
4
 40
0.0
 40
0.0
 40
0.0
 40
0.0
 40
1.0
 40
1.0
 40
1.0
 40
1.0
 10
62.8262
 20
15.3639
 30
0.0
 10
62.8262
 20
15.4763
 30
0.0
 10
62.7697
 20
15.5881
 30
0.0
 10
62.672
 20
15.6582
 30
0.0
  0
SPLINE
  5
37a
100
AcDbEntity
  8
CFF-00-00
100
AcDbSpline
210
0.0
220
0.0
230
1.0
  6
CONTINUOUS
 70
     0
 71
     3
 72
     8
 73
4
 40
0.0
 40
0.0
 40
0.0
 40
0.0
 40
1.0
 40
1.0
 40
1.0
 40
1.0
 10
62.672
 20
15.6582
 30
0.0
 10
62.5951
 20
15.7071
 30
0.0
 10
62.5316
 20
15.721
 30
0.0
 10
62.3358
 20
15.721
 30
0.0
  0
LINE
  5
37b
100
AcDbEntity
  8
CFF-00-00
100
AcDbLine
  6
CONTINUOUS
 10
62.3358
 20
15.721
 30
0.0
 11
62.2519
 21
15.721
 31
0.0
  0
LINE
  5
37c
100
AcDbEntity
  8
CFF-00-00
100
AcDbLine
  6
CONTINUOUS
 10
62.2519
 20
15.721
 30
0.0
 11
62.2519
 21
17.0446
 31
0.0
  0
SPLINE
  5
37d
100
AcDbEntity
  8
CFF-00-00
100
AcDbSpline
210
0.0
220
0.0
230
1.0
  6
CONTINUOUS
 70
     0
 71
     3
 72
     8
 73
4
 40
0.0
 40
0.0
 40
0.0
 40
0.0
 40
1.0
 40
1.0
 40
1.0
 40
1.0
 10
62.2519
 20
17.0446
 30
0.0
 10
62.2519
 20
17.6816
 30
0.0
 10
61.7269
 20
18.06
 30
0.0
 10
60.8443
 20
18.06
 30
0.0
  0
SPLINE
  5
37e
100
AcDbEntity
  8
CFF-00-00
100
AcDbSpline
210
0.0
220
0.0
230
1.0
  6
CONTINUOUS
 70
     0
 71
     3
 72
     8
 73
4
 40
0.0
 40
0.0
 40
0.0
 40
0.0
 40
1.0
 40
1.0
 40
1.0
 40
1.0
 10
60.8443
 20
18.06
 30
0.0
 10
60.4873
 20
18.06
 30
0.0
 10
59.9757
 20
17.976
 30
0.0
 10
59.6332
 20
17.8642
 30
0.0
  0
SPLINE
  5
37f
100
AcDbEntity
  8
CFF-00-00
100
AcDbSpline
210
0.0
220
0.0
230
1.0
  6
CONTINUOUS
 70
     0
 71
     3
 72
     8
 73
4
 40
0.0
 40
0.0
 40
0.0
 40
0.0
 40
1.0
 40
1.0
 40
1.0
 40
1.0
 10
59.6332
 20
17.8642
 30
0.0
 10
59.479
 20
17.8079
 30
0.0
 10
59.4018
 20
17.7028
 30
0.0
 10
59.4018
 20
17.5486
 30
0.0
  0
SPLINE
  5
380
100
AcDbEntity
  8
CFF-00-00
100
AcDbSpline
210
0.0
220
0.0
230
1.0
  6
CONTINUOUS
 70
     0
 71
     3
 72
     8
 73
4
 40
0.0
 40
0.0
 40
0.0
 40
0.0
 40
1.0
 40
1.0
 40
1.0
 40
1.0
 10
59.4018
 20
17.5486
 30
0.0
 10
59.4018
 20
17.3456
 30
0.0
 10
59.563
 20
17.1849
 30
0.0
 10
59.7662
 20
17.1849
 30
0.0
  0
SPLINE
  5
381
100
AcDbEntity
  8
CFF-00-00
100
AcDbSpline
210
0.0
220
0.0
230
1.0
  6
CONTINUOUS
 70
     0
 71
     3
 72
     8
 73
4
 40
0.0
 40
0.0
 40
0.0
 40
0.0
 40
1.0
 40
1.0
 40
1.0
 40
1.0
 10
59.7662
 20
17.1849
 30
0.0
 10
59.8364
 20
17.1849
 30
0.0
 10
59.9341
 20
17.1987
 30
0.0
 10
60.0601
 20
17.2265
 30
0.0
  0
SPLINE
  5
382
100
AcDbEntity
  8
CFF-00-00
100
AcDbSpline
210
0.0
220
0.0
230
1.0
  6
CONTINUOUS
 70
     0
 71
     3
 72
     8
 73
4
 40
0.0
 40
0.0
 40
0.0
 40
0.0
 40
1.0
 40
1.0
 40
1.0
 40
1.0
 10
60.0601
 20
17.2265
 30
0.0
 10
60.3966
 20
17.3039
 30
0.0
 10
60.6347
 20
17.339
 30
0.0
 10
60.8722
 20
17.339
 30
0.0
  0
SPLINE
  5
383
100
AcDbEntity
  8
CFF-00-00
100
AcDbSpline
210
0.0
220
0.0
230
1.0
  6
CONTINUOUS
 70
     0
 71
     3
 72
     8
 73
4
 40
0.0
 40
0.0
 40
0.0
 40
0.0
 40
1.0
 40
1.0
 40
1.0
 40
1.0
 10
60.8722
 20
17.339
 30
0.0
 10
61.2994
 20
17.339
 30
0.0
 10
61.4888
 20
17.2477
 30
0.0
 10
61.4888
 20
17.0446
 30
0.0
  0
LINE
  5
384
100
AcDbEntity
  8
CFF-00-00
100
AcDbLine
  6
CONTINUOUS
 10
61.4888
 20
17.0446
 30
0.0
 11
61.4888
 21
16.9189
 31
0.0
  0
SPLINE
  5
385
100
AcDbEntity
  8
CFF-00-00
100
AcDbSpline
210
0.0
220
0.0
230
1.0
  6
CONTINUOUS
 70
     0
 71
     3
 72
     8
 73
4
 40
0.0
 40
0.0
 40
0.0
 40
0.0
 40
1.0
 40
1.0
 40
1.0
 40
1.0
 10
61.4888
 20
16.9189
 30
0.0
 10
61.2433
 20
16.9606
 30
0.0
 10
61.0126
 20
16.9818
 30
0.0
 10
60.7815
 20
16.9818
 30
0.0
  0
SPLINE
  5
386
100
AcDbEntity
  8
CFF-00-00
100
AcDbSpline
210
0.0
220
0.0
230
1.0
  6
CONTINUOUS
 70
     0
 71
     3
 72
     8
 73
4
 40
0.0
 40
0.0
 40
0.0
 40
0.0
 40
1.0
 40
1.0
 40
1.0
 40
1.0
 10
60.7815
 20
16.9818
 30
0.0
 10
60.1585
 20
16.9818
 30
0.0
 10
59.6748
 20
16.8065
 30
0.0
 10
59.346
 20
16.4632
 30
0.0
  0
SPLINE
  5
387
100
AcDbEntity
  8
CFF-00-00
100
AcDbSpline
210
0.0
220
0.0
230
1.0
  6
CONTINUOUS
 70
     0
 71
     3
 72
     8
 73
4
 40
0.0
 40
0.0
 40
0.0
 40
0.0
 40
1.0
 40
1.0
 40
1.0
 40
1.0
 10
59.346
 20
16.4632
 30
0.0
 10
59.1711
 20
16.2813
 30
0.0
 10
59.0656
 20
16.0366
 30
0.0
 10
59.0656
 20
15.8196
 30
0.0
  0
SPLINE
  5
388
100
AcDbEntity
  8
CFF-00-00
100
AcDbSpline
210
0.0
220
0.0
230
1.0
  6
CONTINUOUS
 70
     0
 71
     3
 72
     8
 73
4
 40
0.0
 40
0.0
 40
0.0
 40
0.0
 40
1.0
 40
1.0
 40
1.0
 40
1.0
 10
59.0656
 20
15.8196
 30
0.0
 10
59.0656
 20
15.3083
 30
0.0
 10
59.6473
 20
14.8949
 30
0.0
 10
60.368
 20
14.8949
 30
0.0
  0
SPLINE
  5
389
100
AcDbEntity
  8
CFF-00-00
100
AcDbSpline
210
0.0
220
0.0
230
1.0
  6
CONTINUOUS
 70
     0
 71
     3
 72
     8
 73
4
 40
0.0
 40
0.0
 40
0.0
 40
0.0
 40
1.0
 40
1.0
 40
1.0
 40
1.0
 10
60.368
 20
14.8949
 30
0.0
 10
60.7533
 20
14.8949
 30
0.0
 10
61.1593
 20
14.9789
 30
0.0
 10
61.4888
 20
15.133
 30
0.0
  0
LINE
  5
38a
100
AcDbEntity
  8
CFF-00-00
100
AcDbLine
  6
CONTINUOUS
 10
61.4888
 20
15.133
 30
0.0
 11
61.4888
 21
15
 31
0.0
  0
SPLINE
  5
38b
100
AcDbEntity
  8
CFF-00-00
100
AcDbSpline
210
0.0
220
0.0
230
1.0
  6
CONTINUOUS
 70
     0
 71
     3
 72
     8
 73
4
 40
0.0
 40
0.0
 40
0.0
 40
0.0
 40
1.0
 40
1.0
 40
1.0
 40
1.0
 10
61.4959
 20
15.9453
 30
0.0
 10
61.1177
 20
15.7283
 30
0.0
 10
60.7392
 20
15.6165
 30
0.0
 10
60.3617
 20
15.6165
 30
0.0
  0
SPLINE
  5
38c
100
AcDbEntity
  8
CFF-00-00
100
AcDbSpline
210
0.0
220
0.0
230
1.0
  6
CONTINUOUS
 70
     0
 71
     3
 72
     8
 73
4
 40
0.0
 40
0.0
 40
0.0
 40
0.0
 40
1.0
 40
1.0
 40
1.0
 40
1.0
 10
60.3617
 20
15.6165
 30
0.0
 10
60.0883
 20
15.6165
 30
0.0
 10
59.8643
 20
15.721
 30
0.0
 10
59.8643
 20
15.8474
 30
0.0
  0
SPLINE
  5
38d
100
AcDbEntity
  8
CFF-00-00
100
AcDbSpline
210
0.0
220
0.0
230
1.0
  6
CONTINUOUS
 70
     0
 71
     3
 72
     8
 73
4
 40
0.0
 40
0.0
 40
0.0
 40
0.0
 40
1.0
 40
1.0
 40
1.0
 40
1.0
 10
59.8643
 20
15.8474
 30
0.0
 10
59.8643
 20
15.9453
 30
0.0
 10
59.9482
 20
16.0504
 30
0.0
 10
60.0883
 20
16.1417
 30
0.0
  0
SPLINE
  5
38e
100
AcDbEntity
  8
CFF-00-00
100
AcDbSpline
210
0.0
220
0.0
230
1.0
  6
CONTINUOUS
 70
     0
 71
     3
 72
     8
 73
4
 40
0.0
 40
0.0
 40
0.0
 40
0.0
 40
1.0
 40
1.0
 40
1.0
 40
1.0
 10
60.0883
 20
16.1417
 30
0.0
 10
60.2774
 20
16.2601
 30
0.0
 10
60.4732
 20
16.3097
 30
0.0
 10
60.7533
 20
16.3097
 30
0.0
  0
SPLINE
  5
38f
100
AcDbEntity
  8
CFF-00-00
100
AcDbSpline
210
0.0
220
0.0
230
1.0
  6
CONTINUOUS
 70
     0
 71
     3
 72
     8
 73
4
 40
0.0
 40
0.0
 40
0.0
 40
0.0
 40
1.0
 40
1.0
 40
1.0
 40
1.0
 10
60.7533
 20
16.3097
 30
0.0
 10
60.9847
 20
16.3097
 30
0.0
 10
61.1942
 20
16.2886
 30
0.0
 10
61.4959
 20
16.2396
 30
0.0
  0
LINE
  5
390
100
AcDbEntity
  8
CFF-00-00
100
AcDbLine
  6
CONTINUOUS
 10
61.4959
 20
16.2396
 30
0.0
 11
61.4959
 21
15.9453
 31
0.0
  0
SPLINE
  5
391
100
AcDbEntity
  8
CFF-00-00
100
AcDbSpline
210
0.0
220
0.0
230
1.0
  6
CONTINUOUS
 70
     0
 71
     3
 72
     8
 73
4
 40
0.0
 40
0.0
 40
0.0
 40
0.0
 40
1.0
 40
1.0
 40
1.0
 40
1.0
 10
66.5709
 20
17.591
 30
0.0
 10
66.5709
 20
17.7239
 30
0.0
 10
66.5639
 20
17.7729
 30
0.0
 10
66.5427
 20
17.8357
 30
0.0
  0
SPLINE
  5
392
100
AcDbEntity
  8
CFF-00-00
100
AcDbSpline
210
0.0
220
0.0
230
1.0
  6
CONTINUOUS
 70
     0
 71
     3
 72
     8
 73
4
 40
0.0
 40
0.0
 40
0.0
 40
0.0
 40
1.0
 40
1.0
 40
1.0
 40
1.0
 10
66.5427
 20
17.8357
 30
0.0
 10
66.5081
 20
17.9687
 30
0.0
 10
66.3681
 20
18.06
 30
0.0
 10
66.2139
 20
18.06
 30
0.0
  0
SPLINE
  5
393
100
AcDbEntity
  8
CFF-00-00
100
AcDbSpline
210
0.0
220
0.0
230
1.0
  6
CONTINUOUS
 70
     0
 71
     3
 72
     8
 73
4
 40
0.0
 40
0.0
 40
0.0
 40
0.0
 40
1.0
 40
1.0
 40
1.0
 40
1.0
 10
66.2139
 20
18.06
 30
0.0
 10
66.1021
 20
18.06
 30
0.0
 10
66.0386
 20
18.0183
 30
0.0
 10
65.9758
 20
17.8992
 30
0.0
  0
SPLINE
  5
394
100
AcDbEntity
  8
CFF-00-00
100
AcDbSpline
210
0.0
220
0.0
230
1.0
  6
CONTINUOUS
 70
     0
 71
     3
 72
     8
 73
4
 40
0.0
 40
0.0
 40
0.0
 40
0.0
 40
1.0
 40
1.0
 40
1.0
 40
1.0
 10
65.9758
 20
17.8992
 30
0.0
 10
65.7165
 20
18.0037
 30
0.0
 10
65.4226
 20
18.06
 30
0.0
 10
65.0868
 20
18.06
 30
0.0
  0
SPLINE
  5
395
100
AcDbEntity
  8
CFF-00-00
100
AcDbSpline
210
0.0
220
0.0
230
1.0
  6
CONTINUOUS
 70
     0
 71
     3
 72
     8
 73
4
 40
0.0
 40
0.0
 40
0.0
 40
0.0
 40
1.0
 40
1.0
 40
1.0
 40
1.0
 10
65.0868
 20
18.06
 30
0.0
 10
64.232
 20
18.06
 30
0.0
 10
63.6164
 20
17.6677
 30
0.0
 10
63.6164
 20
17.1147
 30
0.0
  0
SPLINE
  5
396
100
AcDbEntity
  8
CFF-00-00
100
AcDbSpline
210
0.0
220
0.0
230
1.0
  6
CONTINUOUS
 70
     0
 71
     3
 72
     8
 73
4
 40
0.0
 40
0.0
 40
0.0
 40
0.0
 40
1.0
 40
1.0
 40
1.0
 40
1.0
 10
63.6164
 20
17.1147
 30
0.0
 10
63.6164
 20
16.5757
 30
0.0
 10
64.0362
 20
16.2952
 30
0.0
 10
65.0303
 20
16.1907
 30
0.0
  0
SPLINE
  5
397
100
AcDbEntity
  8
CFF-00-00
100
AcDbSpline
210
0.0
220
0.0
230
1.0
  6
CONTINUOUS
 70
     0
 71
     3
 72
     8
 73
4
 40
0.0
 40
0.0
 40
0.0
 40
0.0
 40
1.0
 40
1.0
 40
1.0
 40
1.0
 10
65.0303
 20
16.1907
 30
0.0
 10
65.4089
 20
16.1556
 30
0.0
 10
65.5556
 20
16.1272
 30
0.0
 10
65.6675
 20
16.0855
 30
0.0
  0
SPLINE
  5
398
100
AcDbEntity
  8
CFF-00-00
100
AcDbSpline
210
0.0
220
0.0
230
1.0
  6
CONTINUOUS
 70
     0
 71
     3
 72
     8
 73
4
 40
0.0
 40
0.0
 40
0.0
 40
0.0
 40
1.0
 40
1.0
 40
1.0
 40
1.0
 10
65.6675
 20
16.0855
 30
0.0
 10
65.8075
 20
16.0293
 30
0.0
 10
65.8918
 20
15.9525
 30
0.0
 10
65.8918
 20
15.8752
 30
0.0
  0
SPLINE
  5
399
100
AcDbEntity
  8
CFF-00-00
100
AcDbSpline
210
0.0
220
0.0
230
1.0
  6
CONTINUOUS
 70
     0
 71
     3
 72
     8
 73
4
 40
0.0
 40
0.0
 40
0.0
 40
0.0
 40
1.0
 40
1.0
 40
1.0
 40
1.0
 10
65.8918
 20
15.8752
 30
0.0
 10
65.8918
 20
15.7356
 30
0.0
 10
65.5207
 20
15.6165
 30
0.0
 10
65.1073
 20
15.6165
 30
0.0
  0
SPLINE
  5
39a
100
AcDbEntity
  8
CFF-00-00
100
AcDbSpline
210
0.0
220
0.0
230
1.0
  6
CONTINUOUS
 70
     0
 71
     3
 72
     8
 73
4
 40
0.0
 40
0.0
 40
0.0
 40
0.0
 40
1.0
 40
1.0
 40
1.0
 40
1.0
 10
65.1073
 20
15.6165
 30
0.0
 10
64.7361
 20
15.6165
 30
0.0
 10
64.4423
 20
15.7006
 30
0.0
 10
64.2461
 20
15.8613
 30
0.0
  0
SPLINE
  5
39b
100
AcDbEntity
  8
CFF-00-00
100
AcDbSpline
210
0.0
220
0.0
230
1.0
  6
CONTINUOUS
 70
     0
 71
     3
 72
     8
 73
4
 40
0.0
 40
0.0
 40
0.0
 40
0.0
 40
1.0
 40
1.0
 40
1.0
 40
1.0
 10
64.2461
 20
15.8613
 30
0.0
 10
64.183
 20
16.0716
 30
0.0
 10
64.0641
 20
16.1695
 30
0.0
 10
63.8683
 20
16.1695
 30
0.0
  0
SPLINE
  5
39c
100
AcDbEntity
  8
CFF-00-00
100
AcDbSpline
210
0.0
220
0.0
230
1.0
  6
CONTINUOUS
 70
     0
 71
     3
 72
     8
 73
4
 40
0.0
 40
0.0
 40
0.0
 40
0.0
 40
1.0
 40
1.0
 40
1.0
 40
1.0
 10
63.8683
 20
16.1695
 30
0.0
 10
63.7353
 20
16.1695
 30
0.0
 10
63.6302
 20
16.1206
 30
0.0
 10
63.5529
 20
16.0227
 30
0.0
  0
SPLINE
  5
39d
100
AcDbEntity
  8
CFF-00-00
100
AcDbSpline
210
0.0
220
0.0
230
1.0
  6
CONTINUOUS
 70
     0
 71
     3
 72
     8
 73
4
 40
0.0
 40
0.0
 40
0.0
 40
0.0
 40
1.0
 40
1.0
 40
1.0
 40
1.0
 10
63.5529
 20
16.0227
 30
0.0
 10
63.4972
 20
15.9453
 30
0.0
 10
63.4827
 20
15.8824
 30
0.0
 10
63.4827
 20
15.7006
 30
0.0
  0
LINE
  5
39e
100
AcDbEntity
  8
CFF-00-00
100
AcDbLine
  6
CONTINUOUS
 10
63.4827
 20
15.7006
 30
0.0
 11
63.4827
 21
15.4763
 31
0.0
  0
SPLINE
  5
39f
100
AcDbEntity
  8
CFF-00-00
100
AcDbSpline
210
0.0
220
0.0
230
1.0
  6
CONTINUOUS
 70
     0
 71
     3
 72
     8
 73
4
 40
0.0
 40
0.0
 40
0.0
 40
0.0
 40
1.0
 40
1.0
 40
1.0
 40
1.0
 10
63.4827
 20
15.4763
 30
0.0
 10
63.4827
 20
15.1542
 30
0.0
 10
63.609
 20
15.0073
 30
0.0
 10
63.8683
 20
15.0073
 30
0.0
  0
SPLINE
  5
3a0
100
AcDbEntity
  8
CFF-00-00
100
AcDbSpline
210
0.0
220
0.0
230
1.0
  6
CONTINUOUS
 70
     0
 71
     3
 72
     8
 73
4
 40
0.0
 40
0.0
 40
0.0
 40
0.0
 40
1.0
 40
1.0
 40
1.0
 40
1.0
 10
63.8683
 20
15.0073
 30
0.0
 10
63.959
 20
15.0073
 30
0.0
 10
64.0225
 20
15.0278
 30
0.0
 10
64.099
 20
15.0841
 30
0.0
  0
SPLINE
  5
3a1
100
AcDbEntity
  8
CFF-00-00
100
AcDbSpline
210
0.0
220
0.0
230
1.0
  6
CONTINUOUS
 70
     0
 71
     3
 72
     8
 73
4
 40
0.0
 40
0.0
 40
0.0
 40
0.0
 40
1.0
 40
1.0
 40
1.0
 40
1.0
 10
64.099
 20
15.0841
 30
0.0
 10
64.3724
 20
14.9577
 30
0.0
 10
64.7294
 20
14.8949
 30
0.0
 10
65.1355
 20
14.8949
 30
0.0
  0
SPLINE
  5
3a2
100
AcDbEntity
  8
CFF-00-00
100
AcDbSpline
210
0.0
220
0.0
230
1.0
  6
CONTINUOUS
 70
     0
 71
     3
 72
     8
 73
4
 40
0.0
 40
0.0
 40
0.0
 40
0.0
 40
1.0
 40
1.0
 40
1.0
 40
1.0
 10
65.1355
 20
14.8949
 30
0.0
 10
66.0523
 20
14.8949
 30
0.0
 10
66.7177
 20
15.301
 30
0.0
 10
66.7177
 20
15.8613
 30
0.0
  0
SPLINE
  5
3a3
100
AcDbEntity
  8
CFF-00-00
100
AcDbSpline
210
0.0
220
0.0
230
1.0
  6
CONTINUOUS
 70
     0
 71
     3
 72
     8
 73
4
 40
0.0
 40
0.0
 40
0.0
 40
0.0
 40
1.0
 40
1.0
 40
1.0
 40
1.0
 10
66.7177
 20
15.8613
 30
0.0
 10
66.7177
 20
16.1834
 30
0.0
 10
66.5286
 20
16.4778
 30
0.0
 10
66.2139
 20
16.6457
 30
0.0
  0
SPLINE
  5
3a4
100
AcDbEntity
  8
CFF-00-00
100
AcDbSpline
210
0.0
220
0.0
230
1.0
  6
CONTINUOUS
 70
     0
 71
     3
 72
     8
 73
4
 40
0.0
 40
0.0
 40
0.0
 40
0.0
 40
1.0
 40
1.0
 40
1.0
 40
1.0
 10
66.2139
 20
16.6457
 30
0.0
 10
66.0033
 20
16.7575
 30
0.0
 10
65.7098
 20
16.8349
 30
0.0
 10
65.1912
 20
16.8978
 30
0.0
  0
SPLINE
  5
3a5
100
AcDbEntity
  8
CFF-00-00
100
AcDbSpline
210
0.0
220
0.0
230
1.0
  6
CONTINUOUS
 70
     0
 71
     3
 72
     8
 73
4
 40
0.0
 40
0.0
 40
0.0
 40
0.0
 40
1.0
 40
1.0
 40
1.0
 40
1.0
 10
65.1912
 20
16.8978
 30
0.0
 10
64.7435
 20
16.9606
 30
0.0
 10
64.7012
 20
16.9679
 30
0.0
 10
64.6105
 20
16.9957
 30
0.0
  0
SPLINE
  5
3a6
100
AcDbEntity
  8
CFF-00-00
100
AcDbSpline
210
0.0
220
0.0
230
1.0
  6
CONTINUOUS
 70
     0
 71
     3
 72
     8
 73
4
 40
0.0
 40
0.0
 40
0.0
 40
0.0
 40
1.0
 40
1.0
 40
1.0
 40
1.0
 10
64.6105
 20
16.9957
 30
0.0
 10
64.5054
 20
17.038
 30
0.0
 10
64.4423
 20
17.087
 30
0.0
 10
64.4423
 20
17.1359
 30
0.0
  0
SPLINE
  5
3a7
100
AcDbEntity
  8
CFF-00-00
100
AcDbSpline
210
0.0
220
0.0
230
1.0
  6
CONTINUOUS
 70
     0
 71
     3
 72
     8
 73
4
 40
0.0
 40
0.0
 40
0.0
 40
0.0
 40
1.0
 40
1.0
 40
1.0
 40
1.0
 10
64.4423
 20
17.1359
 30
0.0
 10
64.4423
 20
17.2338
 30
0.0
 10
64.7785
 20
17.339
 30
0.0
 10
65.1073
 20
17.339
 30
0.0
  0
SPLINE
  5
3a8
100
AcDbEntity
  8
CFF-00-00
100
AcDbSpline
210
0.0
220
0.0
230
1.0
  6
CONTINUOUS
 70
     0
 71
     3
 72
     8
 73
4
 40
0.0
 40
0.0
 40
0.0
 40
0.0
 40
1.0
 40
1.0
 40
1.0
 40
1.0
 10
65.1073
 20
17.339
 30
0.0
 10
65.3944
 20
17.339
 30
0.0
 10
65.6258
 20
17.2755
 30
0.0
 10
65.8075
 20
17.1498
 30
0.0
  0
SPLINE
  5
3a9
100
AcDbEntity
  8
CFF-00-00
100
AcDbSpline
210
0.0
220
0.0
230
1.0
  6
CONTINUOUS
 70
     0
 71
     3
 72
     8
 73
4
 40
0.0
 40
0.0
 40
0.0
 40
0.0
 40
1.0
 40
1.0
 40
1.0
 40
1.0
 10
65.8075
 20
17.1498
 30
0.0
 10
65.9342
 20
16.9328
 30
0.0
 10
66.0181
 20
16.8766
 30
0.0
 10
66.1928
 20
16.8766
 30
0.0
  0
SPLINE
  5
3aa
100
AcDbEntity
  8
CFF-00-00
100
AcDbSpline
210
0.0
220
0.0
230
1.0
  6
CONTINUOUS
 70
     0
 71
     3
 72
     8
 73
4
 40
0.0
 40
0.0
 40
0.0
 40
0.0
 40
1.0
 40
1.0
 40
1.0
 40
1.0
 10
66.1928
 20
16.8766
 30
0.0
 10
66.3116
 20
16.8766
 30
0.0
 10
66.4242
 20
16.9328
 30
0.0
 10
66.5007
 20
17.0235
 30
0.0
  0
SPLINE
  5
3ab
100
AcDbEntity
  8
CFF-00-00
100
AcDbSpline
210
0.0
220
0.0
230
1.0
  6
CONTINUOUS
 70
     0
 71
     3
 72
     8
 73
4
 40
0.0
 40
0.0
 40
0.0
 40
0.0
 40
1.0
 40
1.0
 40
1.0
 40
1.0
 10
66.5007
 20
17.0235
 30
0.0
 10
66.5572
 20
17.0936
 30
0.0
 10
66.5709
 20
17.1637
 30
0.0
 10
66.5709
 20
17.3456
 30
0.0
  0
LINE
  5
3ac
100
AcDbEntity
  8
CFF-00-00
100
AcDbLine
  6
CONTINUOUS
 10
66.5709
 20
17.3456
 30
0.0
 11
66.5709
 21
17.591
 31
0.0
  0
SPLINE
  5
3ad
100
AcDbEntity
  8
CFF-00-00
100
AcDbSpline
210
0.0
220
0.0
230
1.0
  6
CONTINUOUS
 70
     0
 71
     3
 72
     8
 73
4
 40
0.0
 40
0.0
 40
0.0
 40
0.0
 40
1.0
 40
1.0
 40
1.0
 40
1.0
 10
71.0089
 20
17.591
 30
0.0
 10
71.0089
 20
17.9131
 30
0.0
 10
70.8967
 20
18.06
 30
0.0
 10
70.6445
 20
18.06
 30
0.0
  0
SPLINE
  5
3ae
100
AcDbEntity
  8
CFF-00-00
100
AcDbSpline
210
0.0
220
0.0
230
1.0
  6
CONTINUOUS
 70
     0
 71
     3
 72
     8
 73
4
 40
0.0
 40
0.0
 40
0.0
 40
0.0
 40
1.0
 40
1.0
 40
1.0
 40
1.0
 10
70.6445
 20
18.06
 30
0.0
 10
70.4903
 20
18.06
 30
0.0
 10
70.4137
 20
18.0037
 30
0.0
 10
70.3647
 20
17.8708
 30
0.0
  0
SPLINE
  5
3af
100
AcDbEntity
  8
CFF-00-00
100
AcDbSpline
210
0.0
220
0.0
230
1.0
  6
CONTINUOUS
 70
     0
 71
     3
 72
     8
 73
4
 40
0.0
 40
0.0
 40
0.0
 40
0.0
 40
1.0
 40
1.0
 40
1.0
 40
1.0
 10
70.3647
 20
17.8708
 30
0.0
 10
70.0987
 20
17.9971
 30
0.0
 10
69.7555
 20
18.06
 30
0.0
 10
69.3706
 20
18.06
 30
0.0
  0
SPLINE
  5
3b0
100
AcDbEntity
  8
CFF-00-00
100
AcDbSpline
210
0.0
220
0.0
230
1.0
  6
CONTINUOUS
 70
     0
 71
     3
 72
     8
 73
4
 40
0.0
 40
0.0
 40
0.0
 40
0.0
 40
1.0
 40
1.0
 40
1.0
 40
1.0
 10
69.3706
 20
18.06
 30
0.0
 10
68.2992
 20
18.06
 30
0.0
 10
67.5495
 20
17.3807
 30
0.0
 10
67.5495
 20
16.4076
 30
0.0
  0
SPLINE
  5
3b1
100
AcDbEntity
  8
CFF-00-00
100
AcDbSpline
210
0.0
220
0.0
230
1.0
  6
CONTINUOUS
 70
     0
 71
     3
 72
     8
 73
4
 40
0.0
 40
0.0
 40
0.0
 40
0.0
 40
1.0
 40
1.0
 40
1.0
 40
1.0
 10
67.5495
 20
16.4076
 30
0.0
 10
67.5495
 20
15.9942
 30
0.0
 10
67.697
 20
15.6371
 30
0.0
 10
67.9842
 20
15.3639
 30
0.0
  0
SPLINE
  5
3b2
100
AcDbEntity
  8
CFF-00-00
100
AcDbSpline
210
0.0
220
0.0
230
1.0
  6
CONTINUOUS
 70
     0
 71
     3
 72
     8
 73
4
 40
0.0
 40
0.0
 40
0.0
 40
0.0
 40
1.0
 40
1.0
 40
1.0
 40
1.0
 10
67.9842
 20
15.3639
 30
0.0
 10
68.3341
 20
15.0351
 30
0.0
 10
68.7754
 20
14.8949
 30
0.0
 10
69.4612
 20
14.8949
 30
0.0
  0
SPLINE
  5
3b3
100
AcDbEntity
  8
CFF-00-00
100
AcDbSpline
210
0.0
220
0.0
230
1.0
  6
CONTINUOUS
 70
     0
 71
     3
 72
     8
 73
4
 40
0.0
 40
0.0
 40
0.0
 40
0.0
 40
1.0
 40
1.0
 40
1.0
 40
1.0
 10
69.4612
 20
14.8949
 30
0.0
 10
69.9798
 20
14.8949
 30
0.0
 10
70.4275
 20
14.9723
 30
0.0
 10
70.7147
 20
15.1118
 30
0.0
  0
SPLINE
  5
3b4
100
AcDbEntity
  8
CFF-00-00
100
AcDbSpline
210
0.0
220
0.0
230
1.0
  6
CONTINUOUS
 70
     0
 71
     3
 72
     8
 73
4
 40
0.0
 40
0.0
 40
0.0
 40
0.0
 40
1.0
 40
1.0
 40
1.0
 40
1.0
 10
70.7147
 20
15.1118
 30
0.0
 10
71.023
 20
15.2593
 30
0.0
 10
71.1835
 20
15.4413
 30
0.0
 10
71.1835
 20
15.6304
 30
0.0
  0
SPLINE
  5
3b5
100
AcDbEntity
  8
CFF-00-00
100
AcDbSpline
210
0.0
220
0.0
230
1.0
  6
CONTINUOUS
 70
     0
 71
     3
 72
     8
 73
4
 40
0.0
 40
0.0
 40
0.0
 40
0.0
 40
1.0
 40
1.0
 40
1.0
 40
1.0
 10
71.1835
 20
15.6304
 30
0.0
 10
71.1835
 20
15.8262
 30
0.0
 10
71.0156
 20
15.9942
 30
0.0
 10
70.806
 20
15.9942
 30
0.0
  0
SPLINE
  5
3b6
100
AcDbEntity
  8
CFF-00-00
100
AcDbSpline
210
0.0
220
0.0
230
1.0
  6
CONTINUOUS
 70
     0
 71
     3
 72
     8
 73
4
 40
0.0
 40
0.0
 40
0.0
 40
0.0
 40
1.0
 40
1.0
 40
1.0
 40
1.0
 10
70.806
 20
15.9942
 30
0.0
 10
70.7147
 20
15.9942
 30
0.0
 10
70.6445
 20
15.9664
 30
0.0
 10
70.5746
 20
15.9102
 30
0.0
  0
SPLINE
  5
3b7
100
AcDbEntity
  8
CFF-00-00
100
AcDbSpline
210
0.0
220
0.0
230
1.0
  6
CONTINUOUS
 70
     0
 71
     3
 72
     8
 73
4
 40
0.0
 40
0.0
 40
0.0
 40
0.0
 40
1.0
 40
1.0
 40
1.0
 40
1.0
 10
70.5746
 20
15.9102
 30
0.0
 10
70.2945
 20
15.6794
 30
0.0
 10
70.0705
 20
15.6165
 30
0.0
 10
69.5103
 20
15.6165
 30
0.0
  0
SPLINE
  5
3b8
100
AcDbEntity
  8
CFF-00-00
100
AcDbSpline
210
0.0
220
0.0
230
1.0
  6
CONTINUOUS
 70
     0
 71
     3
 72
     8
 73
4
 40
0.0
 40
0.0
 40
0.0
 40
0.0
 40
1.0
 40
1.0
 40
1.0
 40
1.0
 10
69.5103
 20
15.6165
 30
0.0
 10
68.7052
 20
15.6165
 30
0.0
 10
68.3062
 20
15.8824
 30
0.0
 10
68.3062
 20
16.4076
 30
0.0
  0
SPLINE
  5
3b9
100
AcDbEntity
  8
CFF-00-00
100
AcDbSpline
210
0.0
220
0.0
230
1.0
  6
CONTINUOUS
 70
     0
 71
     3
 72
     8
 73
4
 40
0.0
 40
0.0
 40
0.0
 40
0.0
 40
1.0
 40
1.0
 40
1.0
 40
1.0
 10
68.3062
 20
16.4076
 30
0.0
 10
68.3062
 20
16.9745
 30
0.0
 10
68.7264
 20
17.339
 30
0.0
 10
69.3773
 20
17.339
 30
0.0
  0
SPLINE
  5
3ba
100
AcDbEntity
  8
CFF-00-00
100
AcDbSpline
210
0.0
220
0.0
230
1.0
  6
CONTINUOUS
 70
     0
 71
     3
 72
     8
 73
4
 40
0.0
 40
0.0
 40
0.0
 40
0.0
 40
1.0
 40
1.0
 40
1.0
 40
1.0
 10
69.3773
 20
17.339
 30
0.0
 10
69.6782
 20
17.339
 30
0.0
 10
69.9237
 20
17.2828
 30
0.0
 10
70.0987
 20
17.171
 30
0.0
  0
SPLINE
  5
3bb
100
AcDbEntity
  8
CFF-00-00
100
AcDbSpline
210
0.0
220
0.0
230
1.0
  6
CONTINUOUS
 70
     0
 71
     3
 72
     8
 73
4
 40
0.0
 40
0.0
 40
0.0
 40
0.0
 40
1.0
 40
1.0
 40
1.0
 40
1.0
 10
70.0987
 20
17.171
 30
0.0
 10
70.183
 20
17.122
 30
0.0
 10
70.2246
 20
17.0658
 30
0.0
 10
70.2458
 20
16.9533
 30
0.0
  0
SPLINE
  5
3bc
100
AcDbEntity
  8
CFF-00-00
100
AcDbSpline
210
0.0
220
0.0
230
1.0
  6
CONTINUOUS
 70
     0
 71
     3
 72
     8
 73
4
 40
0.0
 40
0.0
 40
0.0
 40
0.0
 40
1.0
 40
1.0
 40
1.0
 40
1.0
 10
70.2458
 20
16.9533
 30
0.0
 10
70.2807
 20
16.7999
 30
0.0
 10
70.3019
 20
16.7575
 30
0.0
 10
70.3576
 20
16.7086
 30
0.0
  0
SPLINE
  5
3bd
100
AcDbEntity
  8
CFF-00-00
100
AcDbSpline
210
0.0
220
0.0
230
1.0
  6
CONTINUOUS
 70
     0
 71
     3
 72
     8
 73
4
 40
0.0
 40
0.0
 40
0.0
 40
0.0
 40
1.0
 40
1.0
 40
1.0
 40
1.0
 10
70.3576
 20
16.7086
 30
0.0
 10
70.4211
 20
16.6524
 30
0.0
 10
70.5326
 20
16.6107
 30
0.0
 10
70.6307
 20
16.6107
 30
0.0
  0
SPLINE
  5
3be
100
AcDbEntity
  8
CFF-00-00
100
AcDbSpline
210
0.0
220
0.0
230
1.0
  6
CONTINUOUS
 70
     0
 71
     3
 72
     8
 73
4
 40
0.0
 40
0.0
 40
0.0
 40
0.0
 40
1.0
 40
1.0
 40
1.0
 40
1.0
 10
70.6307
 20
16.6107
 30
0.0
 10
70.7496
 20
16.6107
 30
0.0
 10
70.8614
 20
16.6663
 30
0.0
 10
70.939
 20
16.7575
 30
0.0
  0
SPLINE
  5
3bf
100
AcDbEntity
  8
CFF-00-00
100
AcDbSpline
210
0.0
220
0.0
230
1.0
  6
CONTINUOUS
 70
     0
 71
     3
 72
     8
 73
4
 40
0.0
 40
0.0
 40
0.0
 40
0.0
 40
1.0
 40
1.0
 40
1.0
 40
1.0
 10
70.939
 20
16.7575
 30
0.0
 10
70.9951
 20
16.8277
 30
0.0
 10
71.0089
 20
16.8978
 30
0.0
 10
71.0089
 20
17.0797
 30
0.0
  0
LINE
  5
3c0
100
AcDbEntity
  8
CFF-00-00
100
AcDbLine
  6
CONTINUOUS
 10
71.0089
 20
17.0797
 30
0.0
 11
71.0089
 21
17.591
 31
0.0
  0
LINE
  5
3c1
100
AcDbEntity
  8
CFF-00-00
100
AcDbLine
  6
CONTINUOUS
 10
72.7932
 20
19.2222
 30
0.0
 11
71.9526
 21
19.2222
 31
0.0
  0
SPLINE
  5
3c2
100
AcDbEntity
  8
CFF-00-00
100
AcDbSpline
210
0.0
220
0.0
230
1.0
  6
CONTINUOUS
 70
     0
 71
     3
 72
     8
 73
4
 40
0.0
 40
0.0
 40
0.0
 40
0.0
 40
1.0
 40
1.0
 40
1.0
 40
1.0
 10
71.9526
 20
19.2222
 30
0.0
 10
71.8132
 20
19.2222
 30
0.0
 10
71.7635
 20
19.2222
 30
0.0
 10
71.694
 20
19.2016
 30
0.0
  0
SPLINE
  5
3c3
100
AcDbEntity
  8
CFF-00-00
100
AcDbSpline
210
0.0
220
0.0
230
1.0
  6
CONTINUOUS
 70
     0
 71
     3
 72
     8
 73
4
 40
0.0
 40
0.0
 40
0.0
 40
0.0
 40
1.0
 40
1.0
 40
1.0
 40
1.0
 10
71.694
 20
19.2016
 30
0.0
 10
71.5603
 20
19.152
 30
0.0
 10
71.4625
 20
19.0125
 30
0.0
 10
71.4625
 20
18.865
 30
0.0
  0
SPLINE
  5
3c4
100
AcDbEntity
  8
CFF-00-00
100
AcDbSpline
210
0.0
220
0.0
230
1.0
  6
CONTINUOUS
 70
     0
 71
     3
 72
     8
 73
4
 40
0.0
 40
0.0
 40
0.0
 40
0.0
 40
1.0
 40
1.0
 40
1.0
 40
1.0
 10
71.4625
 20
18.865
 30
0.0
 10
71.4625
 20
18.7459
 30
0.0
 10
71.5186
 20
18.6414
 30
0.0
 10
71.6167
 20
18.5713
 30
0.0
  0
SPLINE
  5
3c5
100
AcDbEntity
  8
CFF-00-00
100
AcDbSpline
210
0.0
220
0.0
230
1.0
  6
CONTINUOUS
 70
     0
 71
     3
 72
     8
 73
4
 40
0.0
 40
0.0
 40
0.0
 40
0.0
 40
1.0
 40
1.0
 40
1.0
 40
1.0
 10
71.6167
 20
18.5713
 30
0.0
 10
71.6866
 20
18.515
 30
0.0
 10
71.7635
 20
18.5011
 30
0.0
 10
71.9526
 20
18.5011
 30
0.0
  0
LINE
  5
3c6
100
AcDbEntity
  8
CFF-00-00
100
AcDbLine
  6
CONTINUOUS
 10
71.9526
 20
18.5011
 30
0.0
 11
72.0365
 21
18.5011
 31
0.0
  0
LINE
  5
3c7
100
AcDbEntity
  8
CFF-00-00
100
AcDbLine
  6
CONTINUOUS
 10
72.0365
 20
18.5011
 30
0.0
 11
72.0365
 21
15.721
 31
0.0
  0
LINE
  5
3c8
100
AcDbEntity
  8
CFF-00-00
100
AcDbLine
  6
CONTINUOUS
 10
72.0365
 20
15.721
 30
0.0
 11
72.0228
 21
15.721
 31
0.0
  0
SPLINE
  5
3c9
100
AcDbEntity
  8
CFF-00-00
100
AcDbSpline
210
0.0
220
0.0
230
1.0
  6
CONTINUOUS
 70
     0
 71
     3
 72
     8
 73
4
 40
0.0
 40
0.0
 40
0.0
 40
0.0
 40
1.0
 40
1.0
 40
1.0
 40
1.0
 10
72.0228
 20
15.721
 30
0.0
 10
71.8481
 20
15.721
 30
0.0
 10
71.7779
 20
15.7144
 30
0.0
 10
71.7144
 20
15.6721
 30
0.0
  0
SPLINE
  5
3ca
100
AcDbEntity
  8
CFF-00-00
100
AcDbSpline
210
0.0
220
0.0
230
1.0
  6
CONTINUOUS
 70
     0
 71
     3
 72
     8
 73
4
 40
0.0
 40
0.0
 40
0.0
 40
0.0
 40
1.0
 40
1.0
 40
1.0
 40
1.0
 10
71.7144
 20
15.6721
 30
0.0
 10
71.6026
 20
15.602
 30
0.0
 10
71.5328
 20
15.4829
 30
0.0
 10
71.5328
 20
15.3639
 30
0.0
  0
SPLINE
  5
3cb
100
AcDbEntity
  8
CFF-00-00
100
AcDbSpline
210
0.0
220
0.0
230
1.0
  6
CONTINUOUS
 70
     0
 71
     3
 72
     8
 73
4
 40
0.0
 40
0.0
 40
0.0
 40
0.0
 40
1.0
 40
1.0
 40
1.0
 40
1.0
 10
71.5328
 20
15.3639
 30
0.0
 10
71.5328
 20
15.2455
 30
0.0
 10
71.5888
 20
15.1403
 30
0.0
 10
71.6866
 20
15.0702
 30
0.0
  0
SPLINE
  5
3cc
100
AcDbEntity
  8
CFF-00-00
100
AcDbSpline
210
0.0
220
0.0
230
1.0
  6
CONTINUOUS
 70
     0
 71
     3
 72
     8
 73
4
 40
0.0
 40
0.0
 40
0.0
 40
0.0
 40
1.0
 40
1.0
 40
1.0
 40
1.0
 10
71.6866
 20
15.0702
 30
0.0
 10
71.7568
 20
15.0212
 30
0.0
 10
71.8548
 20
15
 30
0.0
 10
72.0228
 20
15
 30
0.0
  0
LINE
  5
3cd
100
AcDbEntity
  8
CFF-00-00
100
AcDbLine
  6
CONTINUOUS
 10
72.0228
 20
15
 30
0.0
 11
72.8073
 21
15
 31
0.0
  0
SPLINE
  5
3ce
100
AcDbEntity
  8
CFF-00-00
100
AcDbSpline
210
0.0
220
0.0
230
1.0
  6
CONTINUOUS
 70
     0
 71
     3
 72
     8
 73
4
 40
0.0
 40
0.0
 40
0.0
 40
0.0
 40
1.0
 40
1.0
 40
1.0
 40
1.0
 10
72.8073
 20
15
 30
0.0
 10
72.9615
 20
15
 30
0.0
 10
73.0592
 20
15.0139
 30
0.0
 10
73.122
 20
15.049
 30
0.0
  0
SPLINE
  5
3cf
100
AcDbEntity
  8
CFF-00-00
100
AcDbSpline
210
0.0
220
0.0
230
1.0
  6
CONTINUOUS
 70
     0
 71
     3
 72
     8
 73
4
 40
0.0
 40
0.0
 40
0.0
 40
0.0
 40
1.0
 40
1.0
 40
1.0
 40
1.0
 10
73.122
 20
15.049
 30
0.0
 10
73.2345
 20
15.1191
 30
0.0
 10
73.304
 20
15.2382
 30
0.0
 10
73.304
 20
15.3639
 30
0.0
  0
SPLINE
  5
3d0
100
AcDbEntity
  8
CFF-00-00
100
AcDbSpline
210
0.0
220
0.0
230
1.0
  6
CONTINUOUS
 70
     0
 71
     3
 72
     8
 73
4
 40
0.0
 40
0.0
 40
0.0
 40
0.0
 40
1.0
 40
1.0
 40
1.0
 40
1.0
 10
73.304
 20
15.3639
 30
0.0
 10
73.304
 20
15.4763
 30
0.0
 10
73.2483
 20
15.5815
 30
0.0
 10
73.1432
 20
15.6582
 30
0.0
  0
SPLINE
  5
3d1
100
AcDbEntity
  8
CFF-00-00
100
AcDbSpline
210
0.0
220
0.0
230
1.0
  6
CONTINUOUS
 70
     0
 71
     3
 72
     8
 73
4
 40
0.0
 40
0.0
 40
0.0
 40
0.0
 40
1.0
 40
1.0
 40
1.0
 40
1.0
 10
73.1432
 20
15.6582
 30
0.0
 10
73.073
 20
15.7144
 30
0.0
 10
73.0031
 20
15.721
 30
0.0
 10
72.8073
 20
15.721
 30
0.0
  0
LINE
  5
3d2
100
AcDbEntity
  8
CFF-00-00
100
AcDbLine
  6
CONTINUOUS
 10
72.8073
 20
15.721
 30
0.0
 11
72.7932
 21
15.721
 31
0.0
  0
LINE
  5
3d3
100
AcDbEntity
  8
CFF-00-00
100
AcDbLine
  6
CONTINUOUS
 10
72.7932
 20
15.721
 30
0.0
 11
72.7932
 21
16.9044
 31
0.0
  0
SPLINE
  5
3d4
100
AcDbEntity
  8
CFF-00-00
100
AcDbSpline
210
0.0
220
0.0
230
1.0
  6
CONTINUOUS
 70
     0
 71
     3
 72
     8
 73
4
 40
0.0
 40
0.0
 40
0.0
 40
0.0
 40
1.0
 40
1.0
 40
1.0
 40
1.0
 10
72.7932
 20
16.9044
 30
0.0
 10
73.1848
 20
17.2689
 30
0.0
 10
73.3252
 20
17.339
 30
0.0
 10
73.6473
 20
17.339
 30
0.0
  0
SPLINE
  5
3d5
100
AcDbEntity
  8
CFF-00-00
100
AcDbSpline
210
0.0
220
0.0
230
1.0
  6
CONTINUOUS
 70
     0
 71
     3
 72
     8
 73
4
 40
0.0
 40
0.0
 40
0.0
 40
0.0
 40
1.0
 40
1.0
 40
1.0
 40
1.0
 10
73.6473
 20
17.339
 30
0.0
 10
73.8576
 20
17.339
 30
0.0
 10
73.9906
 20
17.3039
 30
0.0
 10
74.0957
 20
17.2199
 30
0.0
  0
SPLINE
  5
3d6
100
AcDbEntity
  8
CFF-00-00
100
AcDbSpline
210
0.0
220
0.0
230
1.0
  6
CONTINUOUS
 70
     0
 71
     3
 72
     8
 73
4
 40
0.0
 40
0.0
 40
0.0
 40
0.0
 40
1.0
 40
1.0
 40
1.0
 40
1.0
 10
74.0957
 20
17.2199
 30
0.0
 10
74.2075
 20
17.1286
 30
0.0
 10
74.2354
 20
17.0585
 30
0.0
 10
74.2354
 20
16.8349
 30
0.0
  0
LINE
  5
3d7
100
AcDbEntity
  8
CFF-00-00
100
AcDbLine
  6
CONTINUOUS
 10
74.2354
 20
16.8349
 30
0.0
 11
74.2354
 21
15.721
 31
0.0
  0
LINE
  5
3d8
100
AcDbEntity
  8
CFF-00-00
100
AcDbLine
  6
CONTINUOUS
 10
74.2354
 20
15.721
 30
0.0
 11
74.2213
 21
15.721
 31
0.0
  0
SPLINE
  5
3d9
100
AcDbEntity
  8
CFF-00-00
100
AcDbSpline
210
0.0
220
0.0
230
1.0
  6
CONTINUOUS
 70
     0
 71
     3
 72
     8
 73
4
 40
0.0
 40
0.0
 40
0.0
 40
0.0
 40
1.0
 40
1.0
 40
1.0
 40
1.0
 10
74.2213
 20
15.721
 30
0.0
 10
74.0396
 20
15.721
 30
0.0
 10
73.9768
 20
15.7144
 30
0.0
 10
73.9066
 20
15.6721
 30
0.0
  0
SPLINE
  5
3da
100
AcDbEntity
  8
CFF-00-00
100
AcDbSpline
210
0.0
220
0.0
230
1.0
  6
CONTINUOUS
 70
     0
 71
     3
 72
     8
 73
4
 40
0.0
 40
0.0
 40
0.0
 40
0.0
 40
1.0
 40
1.0
 40
1.0
 40
1.0
 10
73.9066
 20
15.6721
 30
0.0
 10
73.7941
 20
15.602
 30
0.0
 10
73.7246
 20
15.4902
 30
0.0
 10
73.7246
 20
15.3639
 30
0.0
  0
SPLINE
  5
3db
100
AcDbEntity
  8
CFF-00-00
100
AcDbSpline
210
0.0
220
0.0
230
1.0
  6
CONTINUOUS
 70
     0
 71
     3
 72
     8
 73
4
 40
0.0
 40
0.0
 40
0.0
 40
0.0
 40
1.0
 40
1.0
 40
1.0
 40
1.0
 10
73.7246
 20
15.3639
 30
0.0
 10
73.7246
 20
15.2455
 30
0.0
 10
73.7803
 20
15.1403
 30
0.0
 10
73.8854
 20
15.0702
 30
0.0
  0
SPLINE
  5
3dc
100
AcDbEntity
  8
CFF-00-00
100
AcDbSpline
210
0.0
220
0.0
230
1.0
  6
CONTINUOUS
 70
     0
 71
     3
 72
     8
 73
4
 40
0.0
 40
0.0
 40
0.0
 40
0.0
 40
1.0
 40
1.0
 40
1.0
 40
1.0
 10
73.8854
 20
15.0702
 30
0.0
 10
73.9556
 20
15.0212
 30
0.0
 10
74.0463
 20
15
 30
0.0
 10
74.2213
 20
15
 30
0.0
  0
LINE
  5
3dd
100
AcDbEntity
  8
CFF-00-00
100
AcDbLine
  6
CONTINUOUS
 10
74.2213
 20
15
 30
0.0
 11
75.0058
 21
15
 31
0.0
  0
SPLINE
  5
3de
100
AcDbEntity
  8
CFF-00-00
100
AcDbSpline
210
0.0
220
0.0
230
1.0
  6
CONTINUOUS
 70
     0
 71
     3
 72
     8
 73
4
 40
0.0
 40
0.0
 40
0.0
 40
0.0
 40
1.0
 40
1.0
 40
1.0
 40
1.0
 10
75.0058
 20
15
 30
0.0
 10
75.3346
 20
15
 30
0.0
 10
75.4962
 20
15.1191
 30
0.0
 10
75.4962
 20
15.3639
 30
0.0
  0
SPLINE
  5
3df
100
AcDbEntity
  8
CFF-00-00
100
AcDbSpline
210
0.0
220
0.0
230
1.0
  6
CONTINUOUS
 70
     0
 71
     3
 72
     8
 73
4
 40
0.0
 40
0.0
 40
0.0
 40
0.0
 40
1.0
 40
1.0
 40
1.0
 40
1.0
 10
75.4962
 20
15.3639
 30
0.0
 10
75.4962
 20
15.4763
 30
0.0
 10
75.4398
 20
15.5881
 30
0.0
 10
75.342
 20
15.6582
 30
0.0
  0
SPLINE
  5
3e0
100
AcDbEntity
  8
CFF-00-00
100
AcDbSpline
210
0.0
220
0.0
230
1.0
  6
CONTINUOUS
 70
     0
 71
     3
 72
     8
 73
4
 40
0.0
 40
0.0
 40
0.0
 40
0.0
 40
1.0
 40
1.0
 40
1.0
 40
1.0
 10
75.342
 20
15.6582
 30
0.0
 10
75.2644
 20
15.7071
 30
0.0
 10
75.2016
 20
15.721
 30
0.0
 10
75.0058
 20
15.721
 30
0.0
  0
LINE
  5
3e1
100
AcDbEntity
  8
CFF-00-00
100
AcDbLine
  6
CONTINUOUS
 10
75.0058
 20
15.721
 30
0.0
 11
74.9921
 21
15.721
 31
0.0
  0
LINE
  5
3e2
100
AcDbEntity
  8
CFF-00-00
100
AcDbLine
  6
CONTINUOUS
 10
74.9921
 20
15.721
 30
0.0
 11
74.9921
 21
16.9256
 31
0.0
  0
SPLINE
  5
3e3
100
AcDbEntity
  8
CFF-00-00
100
AcDbSpline
210
0.0
220
0.0
230
1.0
  6
CONTINUOUS
 70
     0
 71
     3
 72
     8
 73
4
 40
0.0
 40
0.0
 40
0.0
 40
0.0
 40
1.0
 40
1.0
 40
1.0
 40
1.0
 10
74.9921
 20
16.9256
 30
0.0
 10
74.9921
 20
17.6049
 30
0.0
 10
74.4806
 20
18.06
 30
0.0
 10
73.7246
 20
18.06
 30
0.0
  0
SPLINE
  5
3e4
100
AcDbEntity
  8
CFF-00-00
100
AcDbSpline
210
0.0
220
0.0
230
1.0
  6
CONTINUOUS
 70
     0
 71
     3
 72
     8
 73
4
 40
0.0
 40
0.0
 40
0.0
 40
0.0
 40
1.0
 40
1.0
 40
1.0
 40
1.0
 10
73.7246
 20
18.06
 30
0.0
 10
73.3743
 20
18.06
 30
0.0
 10
73.0455
 20
17.927
 30
0.0
 10
72.7932
 20
17.6889
 30
0.0
  0
LINE
  5
3e5
100
AcDbEntity
  8
CFF-00-00
100
AcDbLine
  6
CONTINUOUS
 10
72.7932
 20
17.6889
 30
0.0
 11
72.7932
 21
19.2222
 31
0.0
  0
LINE
  5
3e6
100
AcDbEntity
  8
CFF-00-00
100
AcDbLine
  6
CONTINUOUS
 10
79.4791
 20
16.1483
 30
0.0
 11
79.4791
 21
16.4354
 31
0.0
  0
SPLINE
  5
3e7
100
AcDbEntity
  8
CFF-00-00
100
AcDbSpline
210
0.0
220
0.0
230
1.0
  6
CONTINUOUS
 70
     0
 71
     3
 72
     8
 73
4
 40
0.0
 40
0.0
 40
0.0
 40
0.0
 40
1.0
 40
1.0
 40
1.0
 40
1.0
 10
79.4791
 20
16.4354
 30
0.0
 10
79.4791
 20
17.374
 30
0.0
 10
78.7019
 20
18.06
 30
0.0
 10
77.6376
 20
18.06
 30
0.0
  0
SPLINE
  5
3e8
100
AcDbEntity
  8
CFF-00-00
100
AcDbSpline
210
0.0
220
0.0
230
1.0
  6
CONTINUOUS
 70
     0
 71
     3
 72
     8
 73
4
 40
0.0
 40
0.0
 40
0.0
 40
0.0
 40
1.0
 40
1.0
 40
1.0
 40
1.0
 10
77.6376
 20
18.06
 30
0.0
 10
76.5937
 20
18.06
 30
0.0
 10
75.8028
 20
17.3668
 30
0.0
 10
75.8028
 20
16.4632
 30
0.0
  0
SPLINE
  5
3e9
100
AcDbEntity
  8
CFF-00-00
100
AcDbSpline
210
0.0
220
0.0
230
1.0
  6
CONTINUOUS
 70
     0
 71
     3
 72
     8
 73
4
 40
0.0
 40
0.0
 40
0.0
 40
0.0
 40
1.0
 40
1.0
 40
1.0
 40
1.0
 10
75.8028
 20
16.4632
 30
0.0
 10
75.8028
 20
15.5464
 30
0.0
 10
76.5725
 20
14.8949
 30
0.0
 10
77.6792
 20
14.8949
 30
0.0
  0
SPLINE
  5
3ea
100
AcDbEntity
  8
CFF-00-00
100
AcDbSpline
210
0.0
220
0.0
230
1.0
  6
CONTINUOUS
 70
     0
 71
     3
 72
     8
 73
4
 40
0.0
 40
0.0
 40
0.0
 40
0.0
 40
1.0
 40
1.0
 40
1.0
 40
1.0
 10
77.6792
 20
14.8949
 30
0.0
 10
78.1833
 20
14.8949
 30
0.0
 10
78.9048
 20
15.0139
 30
0.0
 10
79.2198
 20
15.1542
 30
0.0
  0
SPLINE
  5
3eb
100
AcDbEntity
  8
CFF-00-00
100
AcDbSpline
210
0.0
220
0.0
230
1.0
  6
CONTINUOUS
 70
     0
 71
     3
 72
     8
 73
4
 40
0.0
 40
0.0
 40
0.0
 40
0.0
 40
1.0
 40
1.0
 40
1.0
 40
1.0
 10
79.2198
 20
15.1542
 30
0.0
 10
79.3951
 20
15.2243
 30
0.0
 10
79.4791
 20
15.3295
 30
0.0
 10
79.4791
 20
15.4763
 30
0.0
  0
SPLINE
  5
3ec
100
AcDbEntity
  8
CFF-00-00
100
AcDbSpline
210
0.0
220
0.0
230
1.0
  6
CONTINUOUS
 70
     0
 71
     3
 72
     8
 73
4
 40
0.0
 40
0.0
 40
0.0
 40
0.0
 40
1.0
 40
1.0
 40
1.0
 40
1.0
 10
79.4791
 20
15.4763
 30
0.0
 10
79.4791
 20
15.6794
 30
0.0
 10
79.3249
 20
15.8401
 30
0.0
 10
79.1217
 20
15.8401
 30
0.0
  0
SPLINE
  5
3ed
100
AcDbEntity
  8
CFF-00-00
100
AcDbSpline
210
0.0
220
0.0
230
1.0
  6
CONTINUOUS
 70
     0
 71
     3
 72
     8
 73
4
 40
0.0
 40
0.0
 40
0.0
 40
0.0
 40
1.0
 40
1.0
 40
1.0
 40
1.0
 10
79.1217
 20
15.8401
 30
0.0
 10
79.0444
 20
15.8401
 30
0.0
 10
78.9675
 20
15.8262
 30
0.0
 10
78.8765
 20
15.805
 30
0.0
  0
SPLINE
  5
3ee
100
AcDbEntity
  8
CFF-00-00
100
AcDbSpline
210
0.0
220
0.0
230
1.0
  6
CONTINUOUS
 70
     0
 71
     3
 72
     8
 73
4
 40
0.0
 40
0.0
 40
0.0
 40
0.0
 40
1.0
 40
1.0
 40
1.0
 40
1.0
 10
78.8765
 20
15.805
 30
0.0
 10
78.2461
 20
15.6443
 30
0.0
 10
78.0641
 20
15.6165
 30
0.0
 10
77.742
 20
15.6165
 30
0.0
  0
SPLINE
  5
3ef
100
AcDbEntity
  8
CFF-00-00
100
AcDbSpline
210
0.0
220
0.0
230
1.0
  6
CONTINUOUS
 70
     0
 71
     3
 72
     8
 73
4
 40
0.0
 40
0.0
 40
0.0
 40
0.0
 40
1.0
 40
1.0
 40
1.0
 40
1.0
 10
77.742
 20
15.6165
 30
0.0
 10
77.1613
 20
15.6165
 30
0.0
 10
76.8107
 20
15.7845
 30
0.0
 10
76.636
 20
16.1483
 30
0.0
  0
LINE
  5
3f0
100
AcDbEntity
  8
CFF-00-00
100
AcDbLine
  6
CONTINUOUS
 10
76.636
 20
16.1483
 30
0.0
 11
79.4791
 21
16.1483
 31
0.0
  0
SPLINE
  5
3f1
100
AcDbEntity
  8
CFF-00-00
100
AcDbSpline
210
0.0
220
0.0
230
1.0
  6
CONTINUOUS
 70
     0
 71
     3
 72
     8
 73
4
 40
0.0
 40
0.0
 40
0.0
 40
0.0
 40
1.0
 40
1.0
 40
1.0
 40
1.0
 10
76.6498
 20
16.7926
 30
0.0
 10
76.7616
 20
17.1147
 30
0.0
 10
77.168
 20
17.339
 30
0.0
 10
77.6443
 20
17.339
 30
0.0
  0
SPLINE
  5
3f2
100
AcDbEntity
  8
CFF-00-00
100
AcDbSpline
210
0.0
220
0.0
230
1.0
  6
CONTINUOUS
 70
     0
 71
     3
 72
     8
 73
4
 40
0.0
 40
0.0
 40
0.0
 40
0.0
 40
1.0
 40
1.0
 40
1.0
 40
1.0
 10
77.6443
 20
17.339
 30
0.0
 10
78.1205
 20
17.339
 30
0.0
 10
78.5192
 20
17.1147
 30
0.0
 10
78.6384
 20
16.7926
 30
0.0
  0
LINE
  5
3f3
100
AcDbEntity
  8
CFF-00-00
100
AcDbLine
  6
CONTINUOUS
 10
78.6384
 20
16.7926
 30
0.0
 11
76.6498
 21
16.7926
 31
0.0
  0
LINE
  5
3f4
100
AcDbEntity
  8
CFF-00-00
100
AcDbLine
  6
CONTINUOUS
 10
81.1932
 20
17.976
 30
0.0
 11
80.5067
 21
17.976
 31
0.0
  0
SPLINE
  5
3f5
100
AcDbEntity
  8
CFF-00-00
100
AcDbSpline
210
0.0
220
0.0
230
1.0
  6
CONTINUOUS
 70
     0
 71
     3
 72
     8
 73
4
 40
0.0
 40
0.0
 40
0.0
 40
0.0
 40
1.0
 40
1.0
 40
1.0
 40
1.0
 10
80.5067
 20
17.976
 30
0.0
 10
80.3596
 20
17.976
 30
0.0
 10
80.3109
 20
17.9687
 30
0.0
 10
80.2481
 20
17.9482
 30
0.0
  0
SPLINE
  5
3f6
100
AcDbEntity
  8
CFF-00-00
100
AcDbSpline
210
0.0
220
0.0
230
1.0
  6
CONTINUOUS
 70
     0
 71
     3
 72
     8
 73
4
 40
0.0
 40
0.0
 40
0.0
 40
0.0
 40
1.0
 40
1.0
 40
1.0
 40
1.0
 10
80.2481
 20
17.9482
 30
0.0
 10
80.1144
 20
17.9058
 30
0.0
 10
80.01
 20
17.759
 30
0.0
 10
80.01
 20
17.6121
 30
0.0
  0
SPLINE
  5
3f7
100
AcDbEntity
  8
CFF-00-00
100
AcDbSpline
210
0.0
220
0.0
230
1.0
  6
CONTINUOUS
 70
     0
 71
     3
 72
     8
 73
4
 40
0.0
 40
0.0
 40
0.0
 40
0.0
 40
1.0
 40
1.0
 40
1.0
 40
1.0
 10
80.01
 20
17.6121
 30
0.0
 10
80.01
 20
17.4997
 30
0.0
 10
80.0654
 20
17.3879
 30
0.0
 10
80.1635
 20
17.3178
 30
0.0
  0
SPLINE
  5
3f8
100
AcDbEntity
  8
CFF-00-00
100
AcDbSpline
210
0.0
220
0.0
230
1.0
  6
CONTINUOUS
 70
     0
 71
     3
 72
     8
 73
4
 40
0.0
 40
0.0
 40
0.0
 40
0.0
 40
1.0
 40
1.0
 40
1.0
 40
1.0
 10
80.1635
 20
17.3178
 30
0.0
 10
80.2333
 20
17.2755
 30
0.0
 10
80.2823
 20
17.2616
 30
0.0
 10
80.4365
 20
17.255
 30
0.0
  0
LINE
  5
3f9
100
AcDbEntity
  8
CFF-00-00
100
AcDbLine
  6
CONTINUOUS
 10
80.4365
 20
17.255
 30
0.0
 11
80.4365
 21
15.721
 31
0.0
  0
LINE
  5
3fa
100
AcDbEntity
  8
CFF-00-00
100
AcDbLine
  6
CONTINUOUS
 10
80.4365
 20
15.721
 30
0.0
 11
80.4228
 21
15.721
 31
0.0
  0
SPLINE
  5
3fb
100
AcDbEntity
  8
CFF-00-00
100
AcDbSpline
210
0.0
220
0.0
230
1.0
  6
CONTINUOUS
 70
     0
 71
     3
 72
     8
 73
4
 40
0.0
 40
0.0
 40
0.0
 40
0.0
 40
1.0
 40
1.0
 40
1.0
 40
1.0
 10
80.4228
 20
15.721
 30
0.0
 10
80.2481
 20
15.721
 30
0.0
 10
80.1779
 20
15.7144
 30
0.0
 10
80.1144
 20
15.6721
 30
0.0
  0
SPLINE
  5
3fc
100
AcDbEntity
  8
CFF-00-00
100
AcDbSpline
210
0.0
220
0.0
230
1.0
  6
CONTINUOUS
 70
     0
 71
     3
 72
     8
 73
4
 40
0.0
 40
0.0
 40
0.0
 40
0.0
 40
1.0
 40
1.0
 40
1.0
 40
1.0
 10
80.1144
 20
15.6721
 30
0.0
 10
80.0026
 20
15.6093
 30
0.0
 10
79.9324
 20
15.4829
 30
0.0
 10
79.9324
 20
15.3639
 30
0.0
  0
SPLINE
  5
3fd
100
AcDbEntity
  8
CFF-00-00
100
AcDbSpline
210
0.0
220
0.0
230
1.0
  6
CONTINUOUS
 70
     0
 71
     3
 72
     8
 73
4
 40
0.0
 40
0.0
 40
0.0
 40
0.0
 40
1.0
 40
1.0
 40
1.0
 40
1.0
 10
79.9324
 20
15.3639
 30
0.0
 10
79.9324
 20
15.2521
 30
0.0
 10
79.9888
 20
15.1403
 30
0.0
 10
80.0866
 20
15.0702
 30
0.0
  0
SPLINE
  5
3fe
100
AcDbEntity
  8
CFF-00-00
100
AcDbSpline
210
0.0
220
0.0
230
1.0
  6
CONTINUOUS
 70
     0
 71
     3
 72
     8
 73
4
 40
0.0
 40
0.0
 40
0.0
 40
0.0
 40
1.0
 40
1.0
 40
1.0
 40
1.0
 10
80.0866
 20
15.0702
 30
0.0
 10
80.1568
 20
15.0212
 30
0.0
 10
80.2481
 20
15
 30
0.0
 10
80.4228
 20
15
 30
0.0
  0
LINE
  5
3ff
100
AcDbEntity
  8
CFF-00-00
100
AcDbLine
  6
CONTINUOUS
 10
80.4228
 20
15
 30
0.0
 11
81.207
 21
15
 31
0.0
  0
SPLINE
  5
400
100
AcDbEntity
  8
CFF-00-00
100
AcDbSpline
210
0.0
220
0.0
230
1.0
  6
CONTINUOUS
 70
     0
 71
     3
 72
     8
 73
4
 40
0.0
 40
0.0
 40
0.0
 40
0.0
 40
1.0
 40
1.0
 40
1.0
 40
1.0
 10
81.207
 20
15
 30
0.0
 10
81.5291
 20
15
 30
0.0
 10
81.6973
 20
15.1264
 30
0.0
 10
81.6973
 20
15.3639
 30
0.0
  0
SPLINE
  5
401
100
AcDbEntity
  8
CFF-00-00
100
AcDbSpline
210
0.0
220
0.0
230
1.0
  6
CONTINUOUS
 70
     0
 71
     3
 72
     8
 73
4
 40
0.0
 40
0.0
 40
0.0
 40
0.0
 40
1.0
 40
1.0
 40
1.0
 40
1.0
 10
81.6973
 20
15.3639
 30
0.0
 10
81.6973
 20
15.4763
 30
0.0
 10
81.6409
 20
15.5815
 30
0.0
 10
81.5432
 20
15.6582
 30
0.0
  0
SPLINE
  5
402
100
AcDbEntity
  8
CFF-00-00
100
AcDbSpline
210
0.0
220
0.0
230
1.0
  6
CONTINUOUS
 70
     0
 71
     3
 72
     8
 73
4
 40
0.0
 40
0.0
 40
0.0
 40
0.0
 40
1.0
 40
1.0
 40
1.0
 40
1.0
 10
81.5432
 20
15.6582
 30
0.0
 10
81.4656
 20
15.7071
 30
0.0
 10
81.4028
 20
15.721
 30
0.0
 10
81.207
 20
15.721
 30
0.0
  0
LINE
  5
403
100
AcDbEntity
  8
CFF-00-00
100
AcDbLine
  6
CONTINUOUS
 10
81.207
 20
15.721
 30
0.0
 11
81.1932
 21
15.721
 31
0.0
  0
LINE
  5
404
100
AcDbEntity
  8
CFF-00-00
100
AcDbLine
  6
CONTINUOUS
 10
81.1932
 20
15.721
 30
0.0
 11
81.1932
 21
16.8978
 31
0.0
  0
SPLINE
  5
405
100
AcDbEntity
  8
CFF-00-00
100
AcDbSpline
210
0.0
220
0.0
230
1.0
  6
CONTINUOUS
 70
     0
 71
     3
 72
     8
 73
4
 40
0.0
 40
0.0
 40
0.0
 40
0.0
 40
1.0
 40
1.0
 40
1.0
 40
1.0
 10
81.1932
 20
16.8978
 30
0.0
 10
81.5079
 20
17.2265
 30
0.0
 10
81.7249
 20
17.339
 30
0.0
 10
82.0406
 20
17.339
 30
0.0
  0
SPLINE
  5
406
100
AcDbEntity
  8
CFF-00-00
100
AcDbSpline
210
0.0
220
0.0
230
1.0
  6
CONTINUOUS
 70
     0
 71
     3
 72
     8
 73
4
 40
0.0
 40
0.0
 40
0.0
 40
0.0
 40
1.0
 40
1.0
 40
1.0
 40
1.0
 10
82.0406
 20
17.339
 30
0.0
 10
82.4604
 20
17.339
 30
0.0
 10
82.6424
 20
17.1987
 30
0.0
 10
82.6424
 20
16.8839
 30
0.0
  0
LINE
  5
407
100
AcDbEntity
  8
CFF-00-00
100
AcDbLine
  6
CONTINUOUS
 10
82.6424
 20
16.8839
 30
0.0
 11
82.6424
 21
15.721
 31
0.0
  0
SPLINE
  5
408
100
AcDbEntity
  8
CFF-00-00
100
AcDbSpline
210
0.0
220
0.0
230
1.0
  6
CONTINUOUS
 70
     0
 71
     3
 72
     8
 73
4
 40
0.0
 40
0.0
 40
0.0
 40
0.0
 40
1.0
 40
1.0
 40
1.0
 40
1.0
 10
82.6424
 20
15.721
 30
0.0
 10
82.3764
 20
15.721
 30
0.0
 10
82.2152
 20
15.5881
 30
0.0
 10
82.2152
 20
15.3639
 30
0.0
  0
SPLINE
  5
409
100
AcDbEntity
  8
CFF-00-00
100
AcDbSpline
210
0.0
220
0.0
230
1.0
  6
CONTINUOUS
 70
     0
 71
     3
 72
     8
 73
4
 40
0.0
 40
0.0
 40
0.0
 40
0.0
 40
1.0
 40
1.0
 40
1.0
 40
1.0
 10
82.2152
 20
15.3639
 30
0.0
 10
82.2152
 20
15.1191
 30
0.0
 10
82.3831
 20
15
 30
0.0
 10
82.7126
 20
15
 30
0.0
  0
LINE
  5
40a
100
AcDbEntity
  8
CFF-00-00
100
AcDbLine
  6
CONTINUOUS
 10
82.7126
 20
15
 30
0.0
 11
83.3356
 21
15
 31
0.0
  0
SPLINE
  5
40b
100
AcDbEntity
  8
CFF-00-00
100
AcDbSpline
210
0.0
220
0.0
230
1.0
  6
CONTINUOUS
 70
     0
 71
     3
 72
     8
 73
4
 40
0.0
 40
0.0
 40
0.0
 40
0.0
 40
1.0
 40
1.0
 40
1.0
 40
1.0
 10
83.3356
 20
15
 30
0.0
 10
83.6577
 20
15
 30
0.0
 10
83.8256
 20
15.1191
 30
0.0
 10
83.8256
 20
15.3639
 30
0.0
  0
SPLINE
  5
40c
100
AcDbEntity
  8
CFF-00-00
100
AcDbSpline
210
0.0
220
0.0
230
1.0
  6
CONTINUOUS
 70
     0
 71
     3
 72
     8
 73
4
 40
0.0
 40
0.0
 40
0.0
 40
0.0
 40
1.0
 40
1.0
 40
1.0
 40
1.0
 10
83.8256
 20
15.3639
 30
0.0
 10
83.8256
 20
15.4763
 30
0.0
 10
83.7696
 20
15.5881
 30
0.0
 10
83.6718
 20
15.6582
 30
0.0
  0
SPLINE
  5
40d
100
AcDbEntity
  8
CFF-00-00
100
AcDbSpline
210
0.0
220
0.0
230
1.0
  6
CONTINUOUS
 70
     0
 71
     3
 72
     8
 73
4
 40
0.0
 40
0.0
 40
0.0
 40
0.0
 40
1.0
 40
1.0
 40
1.0
 40
1.0
 10
83.6718
 20
15.6582
 30
0.0
 10
83.6016
 20
15.7006
 30
0.0
 10
83.5526
 20
15.7144
 30
0.0
 10
83.3984
 20
15.721
 30
0.0
  0
LINE
  5
40e
100
AcDbEntity
  8
CFF-00-00
100
AcDbLine
  6
CONTINUOUS
 10
83.3984
 20
15.721
 30
0.0
 11
83.3984
 21
16.9117
 31
0.0
  0
SPLINE
  5
40f
100
AcDbEntity
  8
CFF-00-00
100
AcDbSpline
210
0.0
220
0.0
230
1.0
  6
CONTINUOUS
 70
     0
 71
     3
 72
     8
 73
4
 40
0.0
 40
0.0
 40
0.0
 40
0.0
 40
1.0
 40
1.0
 40
1.0
 40
1.0
 10
83.3984
 20
16.9117
 30
0.0
 10
83.3984
 20
17.3105
 30
0.0
 10
83.2584
 20
17.6049
 30
0.0
 10
82.9712
 20
17.8079
 30
0.0
  0
SPLINE
  5
410
100
AcDbEntity
  8
CFF-00-00
100
AcDbSpline
210
0.0
220
0.0
230
1.0
  6
CONTINUOUS
 70
     0
 71
     3
 72
     8
 73
4
 40
0.0
 40
0.0
 40
0.0
 40
0.0
 40
1.0
 40
1.0
 40
1.0
 40
1.0
 10
82.9712
 20
17.8079
 30
0.0
 10
82.7405
 20
17.976
 30
0.0
 10
82.4459
 20
18.06
 30
0.0
 10
82.1171
 20
18.06
 30
0.0
  0
SPLINE
  5
411
100
AcDbEntity
  8
CFF-00-00
100
AcDbSpline
210
0.0
220
0.0
230
1.0
  6
CONTINUOUS
 70
     0
 71
     3
 72
     8
 73
4
 40
0.0
 40
0.0
 40
0.0
 40
0.0
 40
1.0
 40
1.0
 40
1.0
 40
1.0
 10
82.1171
 20
18.06
 30
0.0
 10
81.746
 20
18.06
 30
0.0
 10
81.5153
 20
17.9687
 30
0.0
 10
81.1932
 20
17.6889
 30
0.0
  0
LINE
  5
412
100
AcDbEntity
  8
CFF-00-00
100
AcDbLine
  6
CONTINUOUS
 10
81.1932
 20
17.6889
 30
0.0
 11
81.1932
 21
17.976
 31
0.0
  0
LINE
  5
413
100
AcDbEntity
  8
C00-00-00-BLACK
100
AcDbLine
  6
CONTINUOUS
 10
125
 20
0.999959
 30
0.0
 11
188
 21
0.999959
 31
0.0
  0
LINE
  5
414
100
AcDbEntity
  8
C00-00-00-BLACK
100
AcDbLine
  6
CONTINUOUS
 10
188
 20
0.999959
 30
0.0
 11
188
 21
0.999959
 31
0.0
  0
SPLINE
  5
415
100
AcDbEntity
  8
C00-00-00-BLACK
100
AcDbSpline
210
0.0
220
0.0
230
1.0
  6
CONTINUOUS
 70
     0
 71
     3
 72
     8
 73
4
 40
0.0
 40
0.0
 40
0.0
 40
0.0
 40
1.0
 40
1.0
 40
1.0
 40
1.0
 10
188
 20
0.999959
 30
0.0
 10
199.046
 20
0.999959
 30
0.0
 10
208
 20
9.9543
 30
0.0
 10
208
 20
21
 30
0.0
  0
LINE
  5
416
100
AcDbEntity
  8
C00-00-00-BLACK
100
AcDbLine
  6
CONTINUOUS
 10
208
 20
21
 30
0.0
 11
208
 21
77.0001
 31
0.0
  0
LINE
  5
417
100
AcDbEntity
  8
C00-00-00-BLACK
100
AcDbLine
  6
CONTINUOUS
 10
208
 20
77.0001
 30
0.0
 11
208
 21
77.0001
 31
0.0
  0
SPLINE
  5
418
100
AcDbEntity
  8
C00-00-00-BLACK
100
AcDbSpline
210
0.0
220
0.0
230
1.0
  6
CONTINUOUS
 70
     0
 71
     3
 72
     8
 73
4
 40
0.0
 40
0.0
 40
0.0
 40
0.0
 40
1.0
 40
1.0
 40
1.0
 40
1.0
 10
208
 20
77.0001
 30
0.0
 10
208
 20
88.0456
 30
0.0
 10
199.046
 20
97.0001
 30
0.0
 10
188
 20
97.0001
 30
0.0
  0
LINE
  5
419
100
AcDbEntity
  8
C00-00-00-BLACK
100
AcDbLine
  6
CONTINUOUS
 10
188
 20
97.0001
 30
0.0
 11
125
 21
97.0001
 31
0.0
  0
LINE
  5
41a
100
AcDbEntity
  8
C00-00-00-BLACK
100
AcDbLine
  6
CONTINUOUS
 10
125
 20
97.0001
 30
0.0
 11
125
 21
97.0001
 31
0.0
  0
SPLINE
  5
41b
100
AcDbEntity
  8
C00-00-00-BLACK
100
AcDbSpline
210
0.0
220
0.0
230
1.0
  6
CONTINUOUS
 70
     0
 71
     3
 72
     8
 73
4
 40
0.0
 40
0.0
 40
0.0
 40
0.0
 40
1.0
 40
1.0
 40
1.0
 40
1.0
 10
125
 20
97.0001
 30
0.0
 10
113.954
 20
97.0001
 30
0.0
 10
105
 20
88.0456
 30
0.0
 10
105
 20
77.0001
 30
0.0
  0
LINE
  5
41c
100
AcDbEntity
  8
C00-00-00-BLACK
100
AcDbLine
  6
CONTINUOUS
 10
105
 20
77.0001
 30
0.0
 11
105
 21
21
 31
0.0
  0
LINE
  5
41d
100
AcDbEntity
  8
C00-00-00-BLACK
100
AcDbLine
  6
CONTINUOUS
 10
105
 20
21
 30
0.0
 11
105
 21
21
 31
0.0
  0
SPLINE
  5
41e
100
AcDbEntity
  8
C00-00-00-BLACK
100
AcDbSpline
210
0.0
220
0.0
230
1.0
  6
CONTINUOUS
 70
     0
 71
     3
 72
     8
 73
4
 40
0.0
 40
0.0
 40
0.0
 40
0.0
 40
1.0
 40
1.0
 40
1.0
 40
1.0
 10
105
 20
21
 30
0.0
 10
105
 20
9.9543
 30
0.0
 10
113.954
 20
0.999959
 30
0.0
 10
125
 20
0.999959
 30
0.0
  0
LINE
  5
41f
100
AcDbEntity
  8
C00-00-00-BLACK
100
AcDbLine
  6
CONTINUOUS
 10
125
 20
0.999959
 30
0.0
 11
125
 21
0.999959
 31
0.0
  0
LINE
  5
420
100
AcDbEntity
  8
C00-00-00-BLACK
100
AcDbLine
  6
CONTINUOUS
 10
126.5
 20
8.50007
 30
0.0
 11
136.5
 21
8.50007
 31
0.0
  0
LINE
  5
421
100
AcDbEntity
  8
C00-00-00-BLACK
100
AcDbLine
  6
CONTINUOUS
 10
136.5
 20
8.50007
 30
0.0
 11
136.5
 21
8.50007
 31
0.0
  0
SPLINE
  5
422
100
AcDbEntity
  8
C00-00-00-BLACK
100
AcDbSpline
210
0.0
220
0.0
230
1.0
  6
CONTINUOUS
 70
     0
 71
     3
 72
     8
 73
4
 40
0.0
 40
0.0
 40
0.0
 40
0.0
 40
1.0
 40
1.0
 40
1.0
 40
1.0
 10
136.5
 20
8.50007
 30
0.0
 10
137.881
 20
8.50007
 30
0.0
 10
139
 20
9.61944
 30
0.0
 10
139
 20
11.0001
 30
0.0
  0
LINE
  5
423
100
AcDbEntity
  8
C00-00-00-BLACK
100
AcDbLine
  6
CONTINUOUS
 10
139
 20
11.0001
 30
0.0
 11
139
 21
11.0001
 31
0.0
  0
LINE
  5
424
100
AcDbEntity
  8
C00-00-00-BLACK
100
AcDbLine
  6
CONTINUOUS
 10
139
 20
11.0001
 30
0.0
 11
139
 21
11.0001
 31
0.0
  0
SPLINE
  5
425
100
AcDbEntity
  8
C00-00-00-BLACK
100
AcDbSpline
210
0.0
220
0.0
230
1.0
  6
CONTINUOUS
 70
     0
 71
     3
 72
     8
 73
4
 40
0.0
 40
0.0
 40
0.0
 40
0.0
 40
1.0
 40
1.0
 40
1.0
 40
1.0
 10
139
 20
11.0001
 30
0.0
 10
139
 20
12.3807
 30
0.0
 10
137.881
 20
13.5
 30
0.0
 10
136.5
 20
13.5
 30
0.0
  0
LINE
  5
426
100
AcDbEntity
  8
C00-00-00-BLACK
100
AcDbLine
  6
CONTINUOUS
 10
136.5
 20
13.5
 30
0.0
 11
126.5
 21
13.5
 31
0.0
  0
LINE
  5
427
100
AcDbEntity
  8
C00-00-00-BLACK
100
AcDbLine
  6
CONTINUOUS
 10
126.5
 20
13.5
 30
0.0
 11
126.5
 21
13.5
 31
0.0
  0
SPLINE
  5
428
100
AcDbEntity
  8
C00-00-00-BLACK
100
AcDbSpline
210
0.0
220
0.0
230
1.0
  6
CONTINUOUS
 70
     0
 71
     3
 72
     8
 73
4
 40
0.0
 40
0.0
 40
0.0
 40
0.0
 40
1.0
 40
1.0
 40
1.0
 40
1.0
 10
126.5
 20
13.5
 30
0.0
 10
125.119
 20
13.5
 30
0.0
 10
124
 20
12.3807
 30
0.0
 10
124
 20
11.0001
 30
0.0
  0
LINE
  5
429
100
AcDbEntity
  8
C00-00-00-BLACK
100
AcDbLine
  6
CONTINUOUS
 10
124
 20
11.0001
 30
0.0
 11
124
 21
11.0001
 31
0.0
  0
LINE
  5
42a
100
AcDbEntity
  8
C00-00-00-BLACK
100
AcDbLine
  6
CONTINUOUS
 10
124
 20
11.0001
 30
0.0
 11
124
 21
11.0001
 31
0.0
  0
SPLINE
  5
42b
100
AcDbEntity
  8
C00-00-00-BLACK
100
AcDbSpline
210
0.0
220
0.0
230
1.0
  6
CONTINUOUS
 70
     0
 71
     3
 72
     8
 73
4
 40
0.0
 40
0.0
 40
0.0
 40
0.0
 40
1.0
 40
1.0
 40
1.0
 40
1.0
 10
124
 20
11.0001
 30
0.0
 10
124
 20
9.61944
 30
0.0
 10
125.119
 20
8.50007
 30
0.0
 10
126.5
 20
8.50007
 30
0.0
  0
LINE
  5
42c
100
AcDbEntity
  8
C00-00-00-BLACK
100
AcDbLine
  6
CONTINUOUS
 10
126.5
 20
8.50007
 30
0.0
 11
126.5
 21
8.50007
 31
0.0
  0
LINE
  5
42d
100
AcDbEntity
  8
C00-00-00-BLACK
100
AcDbLine
  6
CONTINUOUS
 10
176.5
 20
8.50007
 30
0.0
 11
186.5
 21
8.50007
 31
0.0
  0
LINE
  5
42e
100
AcDbEntity
  8
C00-00-00-BLACK
100
AcDbLine
  6
CONTINUOUS
 10
186.5
 20
8.50007
 30
0.0
 11
186.5
 21
8.50007
 31
0.0
  0
SPLINE
  5
42f
100
AcDbEntity
  8
C00-00-00-BLACK
100
AcDbSpline
210
0.0
220
0.0
230
1.0
  6
CONTINUOUS
 70
     0
 71
     3
 72
     8
 73
4
 40
0.0
 40
0.0
 40
0.0
 40
0.0
 40
1.0
 40
1.0
 40
1.0
 40
1.0
 10
186.5
 20
8.50007
 30
0.0
 10
187.881
 20
8.50007
 30
0.0
 10
189
 20
9.61944
 30
0.0
 10
189
 20
11.0001
 30
0.0
  0
LINE
  5
430
100
AcDbEntity
  8
C00-00-00-BLACK
100
AcDbLine
  6
CONTINUOUS
 10
189
 20
11.0001
 30
0.0
 11
189
 21
11.0001
 31
0.0
  0
LINE
  5
431
100
AcDbEntity
  8
C00-00-00-BLACK
100
AcDbLine
  6
CONTINUOUS
 10
189
 20
11.0001
 30
0.0
 11
189
 21
11.0001
 31
0.0
  0
SPLINE
  5
432
100
AcDbEntity
  8
C00-00-00-BLACK
100
AcDbSpline
210
0.0
220
0.0
230
1.0
  6
CONTINUOUS
 70
     0
 71
     3
 72
     8
 73
4
 40
0.0
 40
0.0
 40
0.0
 40
0.0
 40
1.0
 40
1.0
 40
1.0
 40
1.0
 10
189
 20
11.0001
 30
0.0
 10
189
 20
12.3807
 30
0.0
 10
187.881
 20
13.5
 30
0.0
 10
186.5
 20
13.5
 30
0.0
  0
LINE
  5
433
100
AcDbEntity
  8
C00-00-00-BLACK
100
AcDbLine
  6
CONTINUOUS
 10
186.5
 20
13.5
 30
0.0
 11
176.5
 21
13.5
 31
0.0
  0
LINE
  5
434
100
AcDbEntity
  8
C00-00-00-BLACK
100
AcDbLine
  6
CONTINUOUS
 10
176.5
 20
13.5
 30
0.0
 11
176.5
 21
13.5
 31
0.0
  0
SPLINE
  5
435
100
AcDbEntity
  8
C00-00-00-BLACK
100
AcDbSpline
210
0.0
220
0.0
230
1.0
  6
CONTINUOUS
 70
     0
 71
     3
 72
     8
 73
4
 40
0.0
 40
0.0
 40
0.0
 40
0.0
 40
1.0
 40
1.0
 40
1.0
 40
1.0
 10
176.5
 20
13.5
 30
0.0
 10
175.12
 20
13.5
 30
0.0
 10
174
 20
12.3807
 30
0.0
 10
174
 20
11.0001
 30
0.0
  0
LINE
  5
436
100
AcDbEntity
  8
C00-00-00-BLACK
100
AcDbLine
  6
CONTINUOUS
 10
174
 20
11.0001
 30
0.0
 11
174
 21
11.0001
 31
0.0
  0
LINE
  5
437
100
AcDbEntity
  8
C00-00-00-BLACK
100
AcDbLine
  6
CONTINUOUS
 10
174
 20
11.0001
 30
0.0
 11
174
 21
11.0001
 31
0.0
  0
SPLINE
  5
438
100
AcDbEntity
  8
C00-00-00-BLACK
100
AcDbSpline
210
0.0
220
0.0
230
1.0
  6
CONTINUOUS
 70
     0
 71
     3
 72
     8
 73
4
 40
0.0
 40
0.0
 40
0.0
 40
0.0
 40
1.0
 40
1.0
 40
1.0
 40
1.0
 10
174
 20
11.0001
 30
0.0
 10
174
 20
9.61944
 30
0.0
 10
175.12
 20
8.50007
 30
0.0
 10
176.5
 20
8.50007
 30
0.0
  0
LINE
  5
439
100
AcDbEntity
  8
C00-00-00-BLACK
100
AcDbLine
  6
CONTINUOUS
 10
176.5
 20
8.50007
 30
0.0
 11
176.5
 21
8.50007
 31
0.0
  0
LINE
  5
43a
100
AcDbEntity
  8
C00-00-00-BLACK
100
AcDbLine
  6
CONTINUOUS
 10
126.5
 20
84.5002
 30
0.0
 11
136.5
 21
84.5002
 31
0.0
  0
LINE
  5
43b
100
AcDbEntity
  8
C00-00-00-BLACK
100
AcDbLine
  6
CONTINUOUS
 10
136.5
 20
84.5002
 30
0.0
 11
136.5
 21
84.5002
 31
0.0
  0
SPLINE
  5
43c
100
AcDbEntity
  8
C00-00-00-BLACK
100
AcDbSpline
210
0.0
220
0.0
230
1.0
  6
CONTINUOUS
 70
     0
 71
     3
 72
     8
 73
4
 40
0.0
 40
0.0
 40
0.0
 40
0.0
 40
1.0
 40
1.0
 40
1.0
 40
1.0
 10
136.5
 20
84.5002
 30
0.0
 10
137.881
 20
84.5002
 30
0.0
 10
139
 20
85.6192
 30
0.0
 10
139
 20
86.9999
 30
0.0
  0
LINE
  5
43d
100
AcDbEntity
  8
C00-00-00-BLACK
100
AcDbLine
  6
CONTINUOUS
 10
139
 20
86.9999
 30
0.0
 11
139
 21
86.9999
 31
0.0
  0
LINE
  5
43e
100
AcDbEntity
  8
C00-00-00-BLACK
100
AcDbLine
  6
CONTINUOUS
 10
139
 20
86.9999
 30
0.0
 11
139
 21
86.9999
 31
0.0
  0
SPLINE
  5
43f
100
AcDbEntity
  8
C00-00-00-BLACK
100
AcDbSpline
210
0.0
220
0.0
230
1.0
  6
CONTINUOUS
 70
     0
 71
     3
 72
     8
 73
4
 40
0.0
 40
0.0
 40
0.0
 40
0.0
 40
1.0
 40
1.0
 40
1.0
 40
1.0
 10
139
 20
86.9999
 30
0.0
 10
139
 20
88.3807
 30
0.0
 10
137.881
 20
89.5001
 30
0.0
 10
136.5
 20
89.5001
 30
0.0
  0
LINE
  5
440
100
AcDbEntity
  8
C00-00-00-BLACK
100
AcDbLine
  6
CONTINUOUS
 10
136.5
 20
89.5001
 30
0.0
 11
126.5
 21
89.5001
 31
0.0
  0
LINE
  5
441
100
AcDbEntity
  8
C00-00-00-BLACK
100
AcDbLine
  6
CONTINUOUS
 10
126.5
 20
89.5001
 30
0.0
 11
126.5
 21
89.5001
 31
0.0
  0
SPLINE
  5
442
100
AcDbEntity
  8
C00-00-00-BLACK
100
AcDbSpline
210
0.0
220
0.0
230
1.0
  6
CONTINUOUS
 70
     0
 71
     3
 72
     8
 73
4
 40
0.0
 40
0.0
 40
0.0
 40
0.0
 40
1.0
 40
1.0
 40
1.0
 40
1.0
 10
126.5
 20
89.5001
 30
0.0
 10
125.119
 20
89.5001
 30
0.0
 10
124
 20
88.3807
 30
0.0
 10
124
 20
86.9999
 30
0.0
  0
LINE
  5
443
100
AcDbEntity
  8
C00-00-00-BLACK
100
AcDbLine
  6
CONTINUOUS
 10
124
 20
86.9999
 30
0.0
 11
124
 21
86.9999
 31
0.0
  0
LINE
  5
444
100
AcDbEntity
  8
C00-00-00-BLACK
100
AcDbLine
  6
CONTINUOUS
 10
124
 20
86.9999
 30
0.0
 11
124
 21
86.9999
 31
0.0
  0
SPLINE
  5
445
100
AcDbEntity
  8
C00-00-00-BLACK
100
AcDbSpline
210
0.0
220
0.0
230
1.0
  6
CONTINUOUS
 70
     0
 71
     3
 72
     8
 73
4
 40
0.0
 40
0.0
 40
0.0
 40
0.0
 40
1.0
 40
1.0
 40
1.0
 40
1.0
 10
124
 20
86.9999
 30
0.0
 10
124
 20
85.6192
 30
0.0
 10
125.119
 20
84.5002
 30
0.0
 10
126.5
 20
84.5002
 30
0.0
  0
LINE
  5
446
100
AcDbEntity
  8
C00-00-00-BLACK
100
AcDbLine
  6
CONTINUOUS
 10
126.5
 20
84.5002
 30
0.0
 11
126.5
 21
84.5002
 31
0.0
  0
LINE
  5
447
100
AcDbEntity
  8
C00-00-00-BLACK
100
AcDbLine
  6
CONTINUOUS
 10
176.5
 20
84.5002
 30
0.0
 11
186.5
 21
84.5002
 31
0.0
  0
LINE
  5
448
100
AcDbEntity
  8
C00-00-00-BLACK
100
AcDbLine
  6
CONTINUOUS
 10
186.5
 20
84.5002
 30
0.0
 11
186.5
 21
84.5002
 31
0.0
  0
SPLINE
  5
449
100
AcDbEntity
  8
C00-00-00-BLACK
100
AcDbSpline
210
0.0
220
0.0
230
1.0
  6
CONTINUOUS
 70
     0
 71
     3
 72
     8
 73
4
 40
0.0
 40
0.0
 40
0.0
 40
0.0
 40
1.0
 40
1.0
 40
1.0
 40
1.0
 10
186.5
 20
84.5002
 30
0.0
 10
187.881
 20
84.5002
 30
0.0
 10
189
 20
85.6192
 30
0.0
 10
189
 20
86.9999
 30
0.0
  0
LINE
  5
44a
100
AcDbEntity
  8
C00-00-00-BLACK
100
AcDbLine
  6
CONTINUOUS
 10
189
 20
86.9999
 30
0.0
 11
189
 21
86.9999
 31
0.0
  0
LINE
  5
44b
100
AcDbEntity
  8
C00-00-00-BLACK
100
AcDbLine
  6
CONTINUOUS
 10
189
 20
86.9999
 30
0.0
 11
189
 21
86.9999
 31
0.0
  0
SPLINE
  5
44c
100
AcDbEntity
  8
C00-00-00-BLACK
100
AcDbSpline
210
0.0
220
0.0
230
1.0
  6
CONTINUOUS
 70
     0
 71
     3
 72
     8
 73
4
 40
0.0
 40
0.0
 40
0.0
 40
0.0
 40
1.0
 40
1.0
 40
1.0
 40
1.0
 10
189
 20
86.9999
 30
0.0
 10
189
 20
88.3807
 30
0.0
 10
187.881
 20
89.5001
 30
0.0
 10
186.5
 20
89.5001
 30
0.0
  0
LINE
  5
44d
100
AcDbEntity
  8
C00-00-00-BLACK
100
AcDbLine
  6
CONTINUOUS
 10
186.5
 20
89.5001
 30
0.0
 11
176.5
 21
89.5001
 31
0.0
  0
LINE
  5
44e
100
AcDbEntity
  8
C00-00-00-BLACK
100
AcDbLine
  6
CONTINUOUS
 10
176.5
 20
89.5001
 30
0.0
 11
176.5
 21
89.5001
 31
0.0
  0
SPLINE
  5
44f
100
AcDbEntity
  8
C00-00-00-BLACK
100
AcDbSpline
210
0.0
220
0.0
230
1.0
  6
CONTINUOUS
 70
     0
 71
     3
 72
     8
 73
4
 40
0.0
 40
0.0
 40
0.0
 40
0.0
 40
1.0
 40
1.0
 40
1.0
 40
1.0
 10
176.5
 20
89.5001
 30
0.0
 10
175.12
 20
89.5001
 30
0.0
 10
174
 20
88.3807
 30
0.0
 10
174
 20
86.9999
 30
0.0
  0
LINE
  5
450
100
AcDbEntity
  8
C00-00-00-BLACK
100
AcDbLine
  6
CONTINUOUS
 10
174
 20
86.9999
 30
0.0
 11
174
 21
86.9999
 31
0.0
  0
LINE
  5
451
100
AcDbEntity
  8
C00-00-00-BLACK
100
AcDbLine
  6
CONTINUOUS
 10
174
 20
86.9999
 30
0.0
 11
174
 21
86.9999
 31
0.0
  0
SPLINE
  5
452
100
AcDbEntity
  8
C00-00-00-BLACK
100
AcDbSpline
210
0.0
220
0.0
230
1.0
  6
CONTINUOUS
 70
     0
 71
     3
 72
     8
 73
4
 40
0.0
 40
0.0
 40
0.0
 40
0.0
 40
1.0
 40
1.0
 40
1.0
 40
1.0
 10
174
 20
86.9999
 30
0.0
 10
174
 20
85.6192
 30
0.0
 10
175.12
 20
84.5002
 30
0.0
 10
176.5
 20
84.5002
 30
0.0
  0
LINE
  5
453
100
AcDbEntity
  8
C00-00-00-BLACK
100
AcDbLine
  6
CONTINUOUS
 10
176.5
 20
84.5002
 30
0.0
 11
176.5
 21
84.5002
 31
0.0
  0
SPLINE
  5
454
100
AcDbEntity
  8
C00-00-00-BLACK
100
AcDbSpline
210
0.0
220
0.0
230
1.0
  6
CONTINUOUS
 70
     0
 71
     3
 72
     8
 73
4
 40
0.0
 40
0.0
 40
0.0
 40
0.0
 40
1.0
 40
1.0
 40
1.0
 40
1.0
 10
119.1
 20
24.4999
 30
0.0
 10
119.1
 20
25.3835
 30
0.0
 10
118.383
 20
26.1
 30
0.0
 10
117.5
 20
26.1
 30
0.0
  0
SPLINE
  5
455
100
AcDbEntity
  8
C00-00-00-BLACK
100
AcDbSpline
210
0.0
220
0.0
230
1.0
  6
CONTINUOUS
 70
     0
 71
     3
 72
     8
 73
4
 40
0.0
 40
0.0
 40
0.0
 40
0.0
 40
1.0
 40
1.0
 40
1.0
 40
1.0
 10
117.5
 20
26.1
 30
0.0
 10
116.616
 20
26.1
 30
0.0
 10
115.9
 20
25.3835
 30
0.0
 10
115.9
 20
24.4999
 30
0.0
  0
SPLINE
  5
456
100
AcDbEntity
  8
C00-00-00-BLACK
100
AcDbSpline
210
0.0
220
0.0
230
1.0
  6
CONTINUOUS
 70
     0
 71
     3
 72
     8
 73
4
 40
0.0
 40
0.0
 40
0.0
 40
0.0
 40
1.0
 40
1.0
 40
1.0
 40
1.0
 10
115.9
 20
24.4999
 30
0.0
 10
115.9
 20
23.6164
 30
0.0
 10
116.616
 20
22.9
 30
0.0
 10
117.5
 20
22.9
 30
0.0
  0
SPLINE
  5
457
100
AcDbEntity
  8
C00-00-00-BLACK
100
AcDbSpline
210
0.0
220
0.0
230
1.0
  6
CONTINUOUS
 70
     0
 71
     3
 72
     8
 73
4
 40
0.0
 40
0.0
 40
0.0
 40
0.0
 40
1.0
 40
1.0
 40
1.0
 40
1.0
 10
117.5
 20
22.9
 30
0.0
 10
118.383
 20
22.9
 30
0.0
 10
119.1
 20
23.6164
 30
0.0
 10
119.1
 20
24.4999
 30
0.0
  0
SPLINE
  5
458
100
AcDbEntity
  8
C00-00-00-BLACK
100
AcDbSpline
210
0.0
220
0.0
230
1.0
  6
CONTINUOUS
 70
     0
 71
     3
 72
     8
 73
4
 40
0.0
 40
0.0
 40
0.0
 40
0.0
 40
1.0
 40
1.0
 40
1.0
 40
1.0
 10
177.1
 20
24.4999
 30
0.0
 10
177.1
 20
25.3835
 30
0.0
 10
176.384
 20
26.1
 30
0.0
 10
175.5
 20
26.1
 30
0.0
  0
SPLINE
  5
459
100
AcDbEntity
  8
C00-00-00-BLACK
100
AcDbSpline
210
0.0
220
0.0
230
1.0
  6
CONTINUOUS
 70
     0
 71
     3
 72
     8
 73
4
 40
0.0
 40
0.0
 40
0.0
 40
0.0
 40
1.0
 40
1.0
 40
1.0
 40
1.0
 10
175.5
 20
26.1
 30
0.0
 10
174.617
 20
26.1
 30
0.0
 10
173.9
 20
25.3835
 30
0.0
 10
173.9
 20
24.4999
 30
0.0
  0
SPLINE
  5
45a
100
AcDbEntity
  8
C00-00-00-BLACK
100
AcDbSpline
210
0.0
220
0.0
230
1.0
  6
CONTINUOUS
 70
     0
 71
     3
 72
     8
 73
4
 40
0.0
 40
0.0
 40
0.0
 40
0.0
 40
1.0
 40
1.0
 40
1.0
 40
1.0
 10
173.9
 20
24.4999
 30
0.0
 10
173.9
 20
23.6164
 30
0.0
 10
174.617
 20
22.9
 30
0.0
 10
175.5
 20
22.9
 30
0.0
  0
SPLINE
  5
45b
100
AcDbEntity
  8
C00-00-00-BLACK
100
AcDbSpline
210
0.0
220
0.0
230
1.0
  6
CONTINUOUS
 70
     0
 71
     3
 72
     8
 73
4
 40
0.0
 40
0.0
 40
0.0
 40
0.0
 40
1.0
 40
1.0
 40
1.0
 40
1.0
 10
175.5
 20
22.9
 30
0.0
 10
176.384
 20
22.9
 30
0.0
 10
177.1
 20
23.6164
 30
0.0
 10
177.1
 20
24.4999
 30
0.0
  0
SPLINE
  5
45c
100
AcDbEntity
  8
C00-00-00-BLACK
100
AcDbSpline
210
0.0
220
0.0
230
1.0
  6
CONTINUOUS
 70
     0
 71
     3
 72
     8
 73
4
 40
0.0
 40
0.0
 40
0.0
 40
0.0
 40
1.0
 40
1.0
 40
1.0
 40
1.0
 10
177.1
 20
73.4998
 30
0.0
 10
177.1
 20
74.3835
 30
0.0
 10
176.384
 20
75.1
 30
0.0
 10
175.5
 20
75.1
 30
0.0
  0
SPLINE
  5
45d
100
AcDbEntity
  8
C00-00-00-BLACK
100
AcDbSpline
210
0.0
220
0.0
230
1.0
  6
CONTINUOUS
 70
     0
 71
     3
 72
     8
 73
4
 40
0.0
 40
0.0
 40
0.0
 40
0.0
 40
1.0
 40
1.0
 40
1.0
 40
1.0
 10
175.5
 20
75.1
 30
0.0
 10
174.617
 20
75.1
 30
0.0
 10
173.9
 20
74.3835
 30
0.0
 10
173.9
 20
73.4998
 30
0.0
  0
SPLINE
  5
45e
100
AcDbEntity
  8
C00-00-00-BLACK
100
AcDbSpline
210
0.0
220
0.0
230
1.0
  6
CONTINUOUS
 70
     0
 71
     3
 72
     8
 73
4
 40
0.0
 40
0.0
 40
0.0
 40
0.0
 40
1.0
 40
1.0
 40
1.0
 40
1.0
 10
173.9
 20
73.4998
 30
0.0
 10
173.9
 20
72.6165
 30
0.0
 10
174.617
 20
71.9
 30
0.0
 10
175.5
 20
71.9
 30
0.0
  0
SPLINE
  5
45f
100
AcDbEntity
  8
C00-00-00-BLACK
100
AcDbSpline
210
0.0
220
0.0
230
1.0
  6
CONTINUOUS
 70
     0
 71
     3
 72
     8
 73
4
 40
0.0
 40
0.0
 40
0.0
 40
0.0
 40
1.0
 40
1.0
 40
1.0
 40
1.0
 10
175.5
 20
71.9
 30
0.0
 10
176.384
 20
71.9
 30
0.0
 10
177.1
 20
72.6165
 30
0.0
 10
177.1
 20
73.4998
 30
0.0
  0
SPLINE
  5
460
100
AcDbEntity
  8
C00-00-00-BLACK
100
AcDbSpline
210
0.0
220
0.0
230
1.0
  6
CONTINUOUS
 70
     0
 71
     3
 72
     8
 73
4
 40
0.0
 40
0.0
 40
0.0
 40
0.0
 40
1.0
 40
1.0
 40
1.0
 40
1.0
 10
119.1
 20
73.4998
 30
0.0
 10
119.1
 20
74.3835
 30
0.0
 10
118.383
 20
75.1
 30
0.0
 10
117.5
 20
75.1
 30
0.0
  0
SPLINE
  5
461
100
AcDbEntity
  8
C00-00-00-BLACK
100
AcDbSpline
210
0.0
220
0.0
230
1.0
  6
CONTINUOUS
 70
     0
 71
     3
 72
     8
 73
4
 40
0.0
 40
0.0
 40
0.0
 40
0.0
 40
1.0
 40
1.0
 40
1.0
 40
1.0
 10
117.5
 20
75.1
 30
0.0
 10
116.616
 20
75.1
 30
0.0
 10
115.9
 20
74.3835
 30
0.0
 10
115.9
 20
73.4998
 30
0.0
  0
SPLINE
  5
462
100
AcDbEntity
  8
C00-00-00-BLACK
100
AcDbSpline
210
0.0
220
0.0
230
1.0
  6
CONTINUOUS
 70
     0
 71
     3
 72
     8
 73
4
 40
0.0
 40
0.0
 40
0.0
 40
0.0
 40
1.0
 40
1.0
 40
1.0
 40
1.0
 10
115.9
 20
73.4998
 30
0.0
 10
115.9
 20
72.6165
 30
0.0
 10
116.616
 20
71.9
 30
0.0
 10
117.5
 20
71.9
 30
0.0
  0
SPLINE
  5
463
100
AcDbEntity
  8
C00-00-00-BLACK
100
AcDbSpline
210
0.0
220
0.0
230
1.0
  6
CONTINUOUS
 70
     0
 71
     3
 72
     8
 73
4
 40
0.0
 40
0.0
 40
0.0
 40
0.0
 40
1.0
 40
1.0
 40
1.0
 40
1.0
 10
117.5
 20
71.9
 30
0.0
 10
118.383
 20
71.9
 30
0.0
 10
119.1
 20
72.6165
 30
0.0
 10
119.1
 20
73.4998
 30
0.0
  0
LINE
  5
464
100
AcDbEntity
  8
C00-00-00-BLACK
100
AcDbLine
  6
CONTINUOUS
 10
114
 20
21
 30
0.0
 11
199
 21
21
 31
0.0
  0
LINE
  5
465
100
AcDbEntity
  8
C00-00-00-BLACK
100
AcDbLine
  6
CONTINUOUS
 10
199
 20
21
 30
0.0
 11
199
 21
21
 31
0.0
  0
SPLINE
  5
466
100
AcDbEntity
  8
C00-00-00-BLACK
100
AcDbSpline
210
0.0
220
0.0
230
1.0
  6
CONTINUOUS
 70
     0
 71
     3
 72
     8
 73
4
 40
0.0
 40
0.0
 40
0.0
 40
0.0
 40
1.0
 40
1.0
 40
1.0
 40
1.0
 10
199
 20
21
 30
0.0
 10
200.657
 20
21
 30
0.0
 10
202
 20
22.3433
 30
0.0
 10
202
 20
24
 30
0.0
  0
LINE
  5
467
100
AcDbEntity
  8
C00-00-00-BLACK
100
AcDbLine
  6
CONTINUOUS
 10
202
 20
24
 30
0.0
 11
202
 21
74.0001
 31
0.0
  0
LINE
  5
468
100
AcDbEntity
  8
C00-00-00-BLACK
100
AcDbLine
  6
CONTINUOUS
 10
202
 20
74.0001
 30
0.0
 11
202
 21
74.0001
 31
0.0
  0
SPLINE
  5
469
100
AcDbEntity
  8
C00-00-00-BLACK
100
AcDbSpline
210
0.0
220
0.0
230
1.0
  6
CONTINUOUS
 70
     0
 71
     3
 72
     8
 73
4
 40
0.0
 40
0.0
 40
0.0
 40
0.0
 40
1.0
 40
1.0
 40
1.0
 40
1.0
 10
202
 20
74.0001
 30
0.0
 10
202
 20
75.6567
 30
0.0
 10
200.657
 20
77.0001
 30
0.0
 10
199
 20
77.0001
 30
0.0
  0
LINE
  5
46a
100
AcDbEntity
  8
C00-00-00-BLACK
100
AcDbLine
  6
CONTINUOUS
 10
199
 20
77.0001
 30
0.0
 11
114
 21
77.0001
 31
0.0
  0
LINE
  5
46b
100
AcDbEntity
  8
C00-00-00-BLACK
100
AcDbLine
  6
CONTINUOUS
 10
114
 20
77.0001
 30
0.0
 11
114
 21
77.0001
 31
0.0
  0
SPLINE
  5
46c
100
AcDbEntity
  8
C00-00-00-BLACK
100
AcDbSpline
210
0.0
220
0.0
230
1.0
  6
CONTINUOUS
 70
     0
 71
     3
 72
     8
 73
4
 40
0.0
 40
0.0
 40
0.0
 40
0.0
 40
1.0
 40
1.0
 40
1.0
 40
1.0
 10
114
 20
77.0001
 30
0.0
 10
112.343
 20
77.0001
 30
0.0
 10
111
 20
75.6567
 30
0.0
 10
111
 20
74.0001
 30
0.0
  0
LINE
  5
46d
100
AcDbEntity
  8
C00-00-00-BLACK
100
AcDbLine
  6
CONTINUOUS
 10
111
 20
74.0001
 30
0.0
 11
111
 21
24
 31
0.0
  0
LINE
  5
46e
100
AcDbEntity
  8
C00-00-00-BLACK
100
AcDbLine
  6
CONTINUOUS
 10
111
 20
24
 30
0.0
 11
111
 21
24
 31
0.0
  0
SPLINE
  5
46f
100
AcDbEntity
  8
C00-00-00-BLACK
100
AcDbSpline
210
0.0
220
0.0
230
1.0
  6
CONTINUOUS
 70
     0
 71
     3
 72
     8
 73
4
 40
0.0
 40
0.0
 40
0.0
 40
0.0
 40
1.0
 40
1.0
 40
1.0
 40
1.0
 10
111
 20
24
 30
0.0
 10
111
 20
22.3433
 30
0.0
 10
112.343
 20
21
 30
0.0
 10
114
 20
21
 30
0.0
  0
LINE
  5
470
100
AcDbEntity
  8
C00-00-00-BLACK
100
AcDbLine
  6
CONTINUOUS
 10
114
 20
21
 30
0.0
 11
114
 21
21
 31
0.0
  0
ENDSEC
  0
SECTION
  2
OBJECTS
  0
DICTIONARY
  5
C
330
0
100
AcDbDictionary
  3
ACAD_GROUP
350
D
  3
ACAD_LAYOUT
350
1A
  3
ACAD_MLINESTYLE
350
17
  3
ACAD_PLOTSETTINGS
350
19
  3
ACAD_PLOTSTYLENAME
350
E
  3
ACDBHEADERROUNDTRIPXREC
350
2F
  0
DICTIONARY
  5
52
330
1F
100
AcDbDictionary
280
     1
  3
ACAD_LAYOUTSELFREF
360
53
  0
DICTIONARY
  5
50
330
1B
100
AcDbDictionary
280
     1
  3
ACAD_LAYOUTSELFREF
360
51
  0
DICTIONARY
  5
D
102
{ACAD_REACTORS
330
C
102
}
330
C
100
AcDbDictionary
  0
DICTIONARY
  5
1A
102
{ACAD_REACTORS
330
C
102
}
330
C
100
AcDbDictionary
  0
DICTIONARY
  5
17
102
{ACAD_REACTORS
330
C
102
}
330
C
100
AcDbDictionary
  3
STANDARD
350
18
  0
DICTIONARY
  5
19
102
{ACAD_REACTORS
330
C
102
}
330
C
100
AcDbDictionary
  0
ACDBDICTIONARYWDFLT
  5
E
102
{ACAD_REACTORS
330
C
102
}
330
C
100
AcDbDictionary
281
     1
  3
Normal
350
F
100
AcDbDictionaryWithDefault
340
F
  0
DICTIONARY
  5
2F
102
{ACAD_REACTORS
330
C
102
}
330
C
100
AcDbDictionary
  3
CEPSNTYPE
350
39
  3
DIMSTYLEDATA
350
3D
  3
FINGERPRINTGUID
350
3A
  3
HYPERLINKBASE
350
32
  3
INSUNITS
350
38
  3
LAYOUTDICT
350
34
  3
LWETCUNION
350
37
  3
PLOTSETDICT
350
35
  3
PLOTSTYLNAMDICT
350
36
  3
PSVPSCALE
350
3C
  3
PUCSBASE
350
40
  3
PUCSORGBACK
350
46
  3
PUCSORGBOTTOM
350
42
  3
PUCSORGFRONT
350
45
  3
PUCSORGLEFT
350
43
  3
PUCSORGRIGHT
350
44
  3
PUCSORGTOP
350
41
  3
PUCSORTHOREF
350
3E
  3
PUCSORTHOVIEW
350
3F
  3
STYLESHEET
350
33
  3
TSTACKALIGN
350
30
  3
TSTACKSIZE
350
31
  3
UCSBASE
350
49
  3
UCSORGBACK
350
4F
  3
UCSORGBOTTOM
350
4B
  3
UCSORGFRONT
350
4E
  3
UCSORGLEFT
350
4C
  3
UCSORGRIGHT
350
4D
  3
UCSORGTOP
350
4A
  3
UCSORTHOREF
350
47
  3
UCSORTHOVIEW
350
48
  3
VERSIONGUID
350
3B
  0
XRECORD
  5
53
102
{ACAD_REACTORS
330
52
102
}
330
52
100
AcDbXrecord
340
1F
  0
XRECORD
  5
51
102
{ACAD_REACTORS
330
50
102
}
330
50
100
AcDbXrecord
340
1B
  0
MLINESTYLE
  5
18
102
{ACAD_REACTORS
330
17
102
}
330
17
100
AcDbMlineStyle
  2
STANDARD
 70
     0
  3

 62
   256
 51
90.0
 52
90.0
 71
     2
 49
0.5
 62
   256
  6
BYLAYER
 49
-0.5
 62
   256
  6
BYLAYER
  0
ACDBPLACEHOLDER
  5
F
102
{ACAD_REACTORS
330
E
102
}
330
E
100
AcDbPlaceHolder
280
     0
  0
XRECORD
  5
39
102
{ACAD_REACTORS
330
2F
102
}
330
2F
100
AcDbXrecord
 90
        0
  0
XRECORD
  5
3D
102
{ACAD_REACTORS
330
2F
102
}
330
2F
100
AcDbXrecord
1000
DSTYLE
1002
{
1070
   278
 70
    44
1002
}
  0
XRECORD
  5
3A
102
{ACAD_REACTORS
330
2F
102
}
330
2F
100
AcDbXrecord
  1
{705446A6-11D0-4548-8F8C-A97DCA50327D}
  0
XRECORD
  5
32
102
{ACAD_REACTORS
330
2F
102
}
330
2F
100
AcDbXrecord
  1

  0
XRECORD
  5
38
102
{ACAD_REACTORS
330
2F
102
}
330
2F
100
AcDbXrecord
 90
        4
  0
XRECORD
  5
34
102
{ACAD_REACTORS
330
2F
102
}
330
2F
100
AcDbXrecord
340
1A
  0
XRECORD
  5
37
102
{ACAD_REACTORS
330
2F
102
}
330
2F
100
AcDbXrecord
 90
    10781
  0
XRECORD
  5
35
102
{ACAD_REACTORS
330
2F
102
}
330
2F
100
AcDbXrecord
340
19
  0
XRECORD
  5
36
102
{ACAD_REACTORS
330
2F
102
}
330
2F
100
AcDbXrecord
340
E
  0
XRECORD
  5
3C
102
{ACAD_REACTORS
330
2F
102
}
330
2F
100
AcDbXrecord
 40
0.0
  0
XRECORD
  5
40
102
{ACAD_REACTORS
330
2F
102
}
330
2F
100
AcDbXrecord
340
0
  0
XRECORD
  5
46
102
{ACAD_REACTORS
330
2F
102
}
330
2F
100
AcDbXrecord
 10
0.0
 20
0.0
 30
0.0
  0
XRECORD
  5
42
102
{ACAD_REACTORS
330
2F
102
}
330
2F
100
AcDbXrecord
 10
0.0
 20
0.0
 30
0.0
  0
XRECORD
  5
45
102
{ACAD_REACTORS
330
2F
102
}
330
2F
100
AcDbXrecord
 10
0.0
 20
0.0
 30
0.0
  0
XRECORD
  5
43
102
{ACAD_REACTORS
330
2F
102
}
330
2F
100
AcDbXrecord
 10
0.0
 20
0.0
 30
0.0
  0
XRECORD
  5
44
102
{ACAD_REACTORS
330
2F
102
}
330
2F
100
AcDbXrecord
 10
0.0
 20
0.0
 30
0.0
  0
XRECORD
  5
41
102
{ACAD_REACTORS
330
2F
102
}
330
2F
100
AcDbXrecord
 10
0.0
 20
0.0
 30
0.0
  0
XRECORD
  5
3E
102
{ACAD_REACTORS
330
2F
102
}
330
2F
100
AcDbXrecord
340
0
  0
XRECORD
  5
3F
102
{ACAD_REACTORS
330
2F
102
}
330
2F
100
AcDbXrecord
 70
     0
  0
XRECORD
  5
33
102
{ACAD_REACTORS
330
2F
102
}
330
2F
100
AcDbXrecord
  1

  0
XRECORD
  5
30
102
{ACAD_REACTORS
330
2F
102
}
330
2F
100
AcDbXrecord
 90
        1
  0
XRECORD
  5
31
102
{ACAD_REACTORS
330
2F
102
}
330
2F
100
AcDbXrecord
 90
       70
  0
XRECORD
  5
49
102
{ACAD_REACTORS
330
2F
102
}
330
2F
100
AcDbXrecord
340
0
  0
XRECORD
  5
4F
102
{ACAD_REACTORS
330
2F
102
}
330
2F
100
AcDbXrecord
 10
0.0
 20
0.0
 30
0.0
  0
XRECORD
  5
4B
102
{ACAD_REACTORS
330
2F
102
}
330
2F
100
AcDbXrecord
 10
0.0
 20
0.0
 30
0.0
  0
XRECORD
  5
4E
102
{ACAD_REACTORS
330
2F
102
}
330
2F
100
AcDbXrecord
 10
0.0
 20
0.0
 30
0.0
  0
XRECORD
  5
4C
102
{ACAD_REACTORS
330
2F
102
}
330
2F
100
AcDbXrecord
 10
0.0
 20
0.0
 30
0.0
  0
XRECORD
  5
4D
102
{ACAD_REACTORS
330
2F
102
}
330
2F
100
AcDbXrecord
 10
0.0
 20
0.0
 30
0.0
  0
XRECORD
  5
4A
102
{ACAD_REACTORS
330
2F
102
}
330
2F
100
AcDbXrecord
 10
0.0
 20
0.0
 30
0.0
  0
XRECORD
  5
47
102
{ACAD_REACTORS
330
2F
102
}
330
2F
100
AcDbXrecord
340
0
  0
XRECORD
  5
48
102
{ACAD_REACTORS
330
2F
102
}
330
2F
100
AcDbXrecord
 70
     0
  0
XRECORD
  5
3B
102
{ACAD_REACTORS
330
2F
102
}
330
2F
100
AcDbXrecord
  1
{33328E3A-B6B8-4979-86B7-D70DEC2867C2}
  0
ENDSEC
  0
EOF
